<eml:eml xmlns:eml="eml://ecoinformatics.org/eml-2.1.1"
         xmlns:xsi="http://www.w3.org/2001/XMLSchema-instance"
         xsi:schemaLocation="eml://ecoinformatics.org/eml-2.1.1 http://rs.gbif.org/schema/eml-gbif-profile/1.0.2/eml.xsd"
         packageId="94f8311f-bc7e-4051-8251-5f32173e0a7d" system="http://gbif.org" scope="system"
         xml:lang="en">

<dataset>
  <title>GBIF Occurrence Download 0000954-140414153444004</title>
<creator>
    <individualName>
      <surName>GBIF Download Service</surName>
    </individualName>
</creator>
<metadataProvider>
    <individualName>
      <surName>GBIF Download Service</surName>
    </individualName>
</metadataProvider>
<associatedParty>
    <individualName>
        <givenName>José Edilson</givenName>
      <surName>Espitia Barrera</surName>
    </individualName>
    <organizationName>Universidad de la Salle</organizationName>
    <positionName>Administrador de información - MLS</positionName>
    <address>
        <deliveryPoint>Cr 2 No. 10 - 70</deliveryPoint>
        <city>Bogotá D.C.</city>
        <administrativeArea>Bogotá D.C.</administrativeArea>
        <country>COLOMBIA</country>
    </address>
    <phone>+57 13535360</phone>
    <electronicMailAddress>jespitia@lasalle.edu.co</electronicMailAddress>
    <role>CONTENT_PROVIDER</role>
</associatedParty>
<associatedParty>
    <address>
        <deliveryPoint>Bioversity International, Via dei Tre Denari 472/a, 00057 Maccarese, Rome, ITALY</deliveryPoint>
    </address>
    <electronicMailAddress>s.dias@cgiar.org</electronicMailAddress>
    <role>CONTENT_PROVIDER</role>
</associatedParty>
<associatedParty>
    <individualName>
        <givenName>Linda</givenName>
      <surName>Jennings</surName>
    </individualName>
    <organizationName>University of British Columbia Herbarium</organizationName>
    <positionName>Assistant Curator, Vascular Plants &amp; Algae</positionName>
    <address>
        <deliveryPoint>3529-6270 University Boulevard</deliveryPoint>
        <city>Vancouver</city>
        <administrativeArea>British Columbia</administrativeArea>
        <postalCode>V6T 1Z4</postalCode>
        <country>CANADA</country>
    </address>
    <phone>(604) 822-9740</phone>
    <electronicMailAddress>linda.jennings@beatymuseum.ubc.ca</electronicMailAddress>
    <role>CONTENT_PROVIDER</role>
</associatedParty>
<associatedParty>
    <individualName>
      <surName>Dr. S.D. Ward</surName>
    </individualName>
    <organizationName>Botanical Society of the British Isles</organizationName>
    <address>
        <deliveryPoint>National Biodiversity Data Centre</deliveryPoint>
    </address>
    <electronicMailAddress>info@biodiversityireland.ie</electronicMailAddress>
    <role>CONTENT_PROVIDER</role>
</associatedParty>
<associatedParty>
    <individualName>
      <surName>Rob Cubey</surName>
    </individualName>
    <role>CONTENT_PROVIDER</role>
</associatedParty>
<associatedParty>
    <individualName>
        <givenName>Olivier</givenName>
      <surName>Gerriet</surName>
    </individualName>
    <organizationName>Muséum d&apos;Histoire naturelle de Nice</organizationName>
    <positionName>Administrator</positionName>
    <address>
        <deliveryPoint>60 boulevard Risso</deliveryPoint>
        <city>Nice</city>
        <postalCode>6300</postalCode>
    </address>
    <phone>+33 (0)4 97 13 44 82</phone>
    <electronicMailAddress>olivier.gerriet@ville-nice.fr</electronicMailAddress>
    <role>CONTENT_PROVIDER</role>
</associatedParty>
<associatedParty>
    <individualName>
      <surName>Liam Lysaght</surName>
    </individualName>
    <organizationName>Collated by the National Biodiversity Data Centre from different sources</organizationName>
    <address>
        <deliveryPoint>National Biodiversity Data Centre, WIT West Campus, Carriganore, Waterford</deliveryPoint>
    </address>
    <phone>+ 353 51 306240</phone>
    <electronicMailAddress>llysaght@biodiversityireland.ie</electronicMailAddress>
    <role>CONTENT_PROVIDER</role>
</associatedParty>
<associatedParty>
    <individualName>
      <surName>Harvard University Herbaria</surName>
    </individualName>
    <organizationName>Harvard University Herbaria</organizationName>
    <address>
        <deliveryPoint>22 Divinity Ave</deliveryPoint>
        <city>Cambridge</city>
        <administrativeArea>MA</administrativeArea>
        <postalCode>02138</postalCode>
        <country>UNITED_STATES</country>
    </address>
    <electronicMailAddress>bdim@oeb.harvard.edu</electronicMailAddress>
    <role>CONTENT_PROVIDER</role>
</associatedParty>
<associatedParty>
    <individualName>
        <givenName>Marta</givenName>
      <surName>Domènech</surName>
    </individualName>
    <organizationName>Centre d&apos;estudis de la neu i de la muntanya d&apos;Andorra (CENMA), Institut d&apos;Estudis Andorrans</organizationName>
    <address>
        <deliveryPoint>Avda. Rocafort 21-23, Edifici el Molí 3er pis AD600 Sant Julià de Lòria, PRINCIPAT D&apos;ANDORRA</deliveryPoint>
        <city>Sant Julià de Lòria</city>
        <postalCode>AD600</postalCode>
        <country>ANDORRA</country>
    </address>
    <phone>(+376)742630</phone>
    <electronicMailAddress>cenma@iea.ad</electronicMailAddress>
    <role>CONTENT_PROVIDER</role>
</associatedParty>
<associatedParty>
    <individualName>
        <givenName>Jesper Erenskjold</givenName>
      <surName>Moeslund</surName>
    </individualName>
    <organizationName>Bioscience, Aarhus University</organizationName>
    <positionName>PhD, Academic staff</positionName>
    <address>
        <country>DENMARK</country>
    </address>
    <electronicMailAddress>jesper.moeslund@biology.au.dk</electronicMailAddress>
    <role>CONTENT_PROVIDER</role>
</associatedParty>
<associatedParty>
    <individualName>
        <givenName>Kim</givenName>
      <surName>Damboise</surName>
    </individualName>
    <organizationName>Herbier Louis-Marie, Université Laval</organizationName>
    <positionName>Technicienne en travaux d&apos;enseignement et de recherche</positionName>
    <address>
        <deliveryPoint>1030 rue de la médecine</deliveryPoint>
        <city>Québec</city>
        <administrativeArea>Québec</administrativeArea>
        <postalCode>G1V 0L6</postalCode>
        <country>CANADA</country>
    </address>
    <phone>418-656-2131</phone>
    <electronicMailAddress>kim.damboise@herbier.ulaval.ca</electronicMailAddress>
    <role>CONTENT_PROVIDER</role>
</associatedParty>
<associatedParty>
    <organizationName>Natural History Museum, University of Oslo</organizationName>
    <address>
        <country>NORWAY</country>
    </address>
    <role>CONTENT_PROVIDER</role>
</associatedParty>
<associatedParty>
    <organizationName>The Nationwide Monitoring and Assessment Programme for the Aquatic and Terrestrial Environments (NOVANA)</organizationName>
    <address>
        <country>DENMARK</country>
    </address>
    <role>CONTENT_PROVIDER</role>
</associatedParty>
<associatedParty>
    <individualName>
      <surName>A. Vilks</surName>
    </individualName>
    <address>
        <country>FRANCE</country>
    </address>
    <role>CONTENT_PROVIDER</role>
</associatedParty>
<associatedParty>
    <organizationName>Natural History Museum, University of Oslo</organizationName>
    <address>
        <country>NORWAY</country>
    </address>
    <role>CONTENT_PROVIDER</role>
</associatedParty>
<associatedParty>
    <individualName>
      <surName>CBN Brest</surName>
    </individualName>
    <address>
        <country>FRANCE</country>
    </address>
    <role>CONTENT_PROVIDER</role>
</associatedParty>
<associatedParty>
    <individualName>
        <givenName>Stanley</givenName>
      <surName>Blum</surName>
    </individualName>
    <organizationName>California Academy of Sciences</organizationName>
    <positionName>Research Information Manager</positionName>
    <address>
        <deliveryPoint>55 Music Concourse Dr.</deliveryPoint>
        <city>San Francisco</city>
        <administrativeArea>CA</administrativeArea>
        <postalCode>94118</postalCode>
        <country>UNITED_STATES</country>
    </address>
    <phone>+1 (415) 379-5189</phone>
    <electronicMailAddress>sblum@calacademy.org</electronicMailAddress>
    <role>CONTENT_PROVIDER</role>
</associatedParty>
<associatedParty>
    <individualName>
        <givenName>Ruth</givenName>
      <surName>Newell</surName>
    </individualName>
    <organizationName>Acadia University</organizationName>
    <positionName>Curator - E. C. Smith Herbarium</positionName>
    <address>
        <city>Wolfville</city>
        <administrativeArea>Nova Scotia</administrativeArea>
        <postalCode>B4P 2R6</postalCode>
        <country>CANADA</country>
    </address>
    <phone>902-585-1335</phone>
    <electronicMailAddress>ruth.newell@acadiau.ca</electronicMailAddress>
    <role>CONTENT_PROVIDER</role>
</associatedParty>
<associatedParty>
    <individualName>
        <givenName>Fabien</givenName>
      <surName>Nkundabagenzi</surName>
    </individualName>
    <organizationName>Royal Museum for Central Africa</organizationName>
    <positionName>Curator</positionName>
    <address>
        <deliveryPoint>Leuvensesteenweg 13</deliveryPoint>
        <city>Tervuren</city>
        <postalCode>3080</postalCode>
        <country>BELGIUM</country>
    </address>
    <phone>+32 2 769 57 59</phone>
    <electronicMailAddress>fabien.nkundabagenzi@africamuseum.be</electronicMailAddress>
    <role>CONTENT_PROVIDER</role>
</associatedParty>
<associatedParty>
    <individualName>
      <surName>Coordinator: Alex Lockton</surName>
    </individualName>
    <organizationName>Botanical Society of the British Isles</organizationName>
    <address>
        <deliveryPoint>Botanical Society of the British Isles, Botany Department, The Natural History Museum, Cromwell Road, London, SW7 5BD</deliveryPoint>
    </address>
    <electronicMailAddress>coordinator@bsbi.org.uk</electronicMailAddress>
    <role>CONTENT_PROVIDER</role>
</associatedParty>
<associatedParty>
    <individualName>
        <givenName>Wouter</givenName>
      <surName>Van Landuyt</surName>
    </individualName>
    <organizationName>Research Institute for Nature and Forest (INBO)</organizationName>
    <positionName>Researcher</positionName>
    <address>
        <deliveryPoint>Kliniekstraat 25</deliveryPoint>
        <city>Brussels</city>
        <administrativeArea>Brussels Capital Region</administrativeArea>
        <postalCode>1070</postalCode>
        <country>BELGIUM</country>
    </address>
    <phone>0032 (0) 2 525 02 96</phone>
    <electronicMailAddress>wouter.vanlanduyt@inbo.be</electronicMailAddress>
    <role>CONTENT_PROVIDER</role>
</associatedParty>
<associatedParty>
    <individualName>
        <givenName>Dorothy</givenName>
      <surName>Fabijan</surName>
    </individualName>
    <organizationName>University of Alberta</organizationName>
    <positionName>Assistant Curator</positionName>
    <address>
        <deliveryPoint>Biological Sciences</deliveryPoint>
        <city>Edmonton</city>
        <administrativeArea>Alberta</administrativeArea>
        <postalCode>T6G 2E9</postalCode>
        <country>CANADA</country>
    </address>
    <electronicMailAddress>fabijan@ualberta.ca</electronicMailAddress>
    <role>CONTENT_PROVIDER</role>
</associatedParty>
<associatedParty>
    <individualName>
        <givenName>Roel</givenName>
      <surName>Knoben</surName>
    </individualName>
    <organizationName>Royal Haskoning DHV</organizationName>
    <address>
        <deliveryPoint>P.O. Box 525</deliveryPoint>
        <city>Den Bosch</city>
        <postalCode>NL-5201 AM</postalCode>
        <country>NETHERLANDS</country>
    </address>
    <electronicMailAddress>stowa@nlbif.nl</electronicMailAddress>
    <role>CONTENT_PROVIDER</role>
</associatedParty>
<associatedParty>
    <organizationName>Agder Naturmuseum</organizationName>
    <address>
        <country>NORWAY</country>
    </address>
    <role>CONTENT_PROVIDER</role>
</associatedParty>
<associatedParty>
    <individualName>
        <givenName>Daniel</givenName>
      <surName>Mosquin</surName>
    </individualName>
    <organizationName>University of British Columbia Botanical Garden</organizationName>
    <positionName>Research Manager</positionName>
    <address>
        <deliveryPoint>6804 SW Marine Drive</deliveryPoint>
        <city>Vancouver</city>
        <administrativeArea>British Columbia</administrativeArea>
        <postalCode>V6T 1Z4</postalCode>
        <country>CANADA</country>
    </address>
    <phone>604-827-5773</phone>
    <electronicMailAddress>daniel.mosquin@ubc.ca</electronicMailAddress>
    <role>CONTENT_PROVIDER</role>
</associatedParty>
<associatedParty>
    <individualName>
        <givenName>Stéphane</givenName>
      <surName>Bailleul</surName>
    </individualName>
    <organizationName>Jardin botanique de Montréal</organizationName>
    <positionName>Botanist</positionName>
    <address>
        <deliveryPoint>4101 Sherbrooke est</deliveryPoint>
        <city>Montréal</city>
        <administrativeArea>Québec</administrativeArea>
        <postalCode>H1X 2B2</postalCode>
        <country>CANADA</country>
    </address>
    <phone>514 872-1438</phone>
    <electronicMailAddress>stephanemarc.bailleul@ville.montreal.qc.ca</electronicMailAddress>
    <role>CONTENT_PROVIDER</role>
</associatedParty>
<associatedParty>
    <individualName>
        <givenName>Christoffer</givenName>
      <surName>Fägerström</surName>
    </individualName>
    <organizationName>Lund Museum of Zoology</organizationName>
    <address>
        <city>Lund</city>
        <administrativeArea>Skåne län</administrativeArea>
        <country>SWEDEN</country>
    </address>
    <electronicMailAddress>Christoffer.Fagerstrom@biol.lu.se</electronicMailAddress>
    <role>CONTENT_PROVIDER</role>
</associatedParty>
<associatedParty>
    <individualName>
      <surName>John Lucey</surName>
    </individualName>
    <organizationName>Environmental Protection Agency</organizationName>
    <address>
        <deliveryPoint>Environmental Protection Agency, Seville Lodge, Callan Road, Kilkenny</deliveryPoint>
    </address>
    <phone>+ 353 56-7796700</phone>
    <electronicMailAddress>J.Lucey@epa.ie</electronicMailAddress>
    <role>CONTENT_PROVIDER</role>
</associatedParty>
<associatedParty>
    <organizationName>South Australia, Department of Environment, Water and Natural Resources</organizationName>
    <role>CONTENT_PROVIDER</role>
</associatedParty>
<associatedParty>
    <individualName>
      <surName>Rob Cubey</surName>
    </individualName>
    <role>CONTENT_PROVIDER</role>
</associatedParty>
<associatedParty>
    <individualName>
        <givenName>Frans J.A.</givenName>
      <surName>Slieker</surName>
    </individualName>
    <organizationName>Natural History Museum Rotterdam</organizationName>
    <positionName>Honorary Curator</positionName>
    <address>
        <country>NETHERLANDS</country>
    </address>
    <electronicMailAddress>fjas@caiway.net</electronicMailAddress>
    <role>CONTENT_PROVIDER</role>
</associatedParty>
<associatedParty>
    <individualName>
        <givenName>Isabel</givenName>
      <surName>Calabuig</surName>
    </individualName>
    <organizationName>Danish Biodiversity Information Facility (DanBIF)</organizationName>
    <positionName>Project leader, and DanBIF Node Manager</positionName>
    <address>
        <deliveryPoint>Natural History Museum of Denmark, Universitetsparken 15</deliveryPoint>
        <city>Copenhagen</city>
        <postalCode>2100</postalCode>
        <country>DENMARK</country>
    </address>
    <phone>+45 353-21103</phone>
    <electronicMailAddress>ICalabuig@snm.ku.dk</electronicMailAddress>
    <role>CONTENT_PROVIDER</role>
</associatedParty>
<associatedParty>
    <individualName>
        <givenName>John Bjarne</givenName>
      <surName>Jordal</surName>
    </individualName>
    <organizationName>Biolog John Bjarne Jordal</organizationName>
    <positionName>Sole proprietor</positionName>
    <address>
        <country>NORWAY</country>
    </address>
    <role>CONTENT_PROVIDER</role>
</associatedParty>
<associatedParty>
    <individualName>
        <givenName>Michel</givenName>
      <surName>Hoff</surName>
    </individualName>
    <organizationName>Herbier, Institut de Botanique, Université Louis Pasteur</organizationName>
    <address>
        <deliveryPoint>28 rue Goethe</deliveryPoint>
        <city>Strasbourg</city>
        <postalCode>F-67083</postalCode>
        <country>FRANCE</country>
    </address>
    <phone>03 90 24 18 62</phone>
    <electronicMailAddress>michel.hoff@bota-ulp.u-strasbg.fr</electronicMailAddress>
    <role>CONTENT_PROVIDER</role>
</associatedParty>
<associatedParty>
    <organizationName>Office of Environment and Heritage, Department of Premier and Cabinet representing the State of New South Wales</organizationName>
    <address>
        <deliveryPoint>59-61 Goulburn Street</deliveryPoint>
        <city>Sydney</city>
        <administrativeArea>New South Wales</administrativeArea>
        <postalCode>2000</postalCode>
        <country>AUSTRALIA</country>
    </address>
    <phone>(02) 9995 5000</phone>
    <electronicMailAddress>info@environment.nsw.gov.au</electronicMailAddress>
    <role>CONTENT_PROVIDER</role>
</associatedParty>
<associatedParty>
    <individualName>
      <surName>Aubrey Fennell</surName>
    </individualName>
    <organizationName>Tree Council of Ireland</organizationName>
    <address>
        <deliveryPoint>c/o. Tree Council of Ireland, Seismograph House, Rathfarnham Castle, Rathfarnham, Dublin 14.</deliveryPoint>
    </address>
    <phone>+ 353 1 4931313</phone>
    <electronicMailAddress>heritagetrees@treecouncil.ie</electronicMailAddress>
    <role>CONTENT_PROVIDER</role>
</associatedParty>
<associatedParty>
    <individualName>
        <givenName>Jordi</givenName>
      <surName>Agulló Villargona</surName>
    </individualName>
    <organizationName>Museu de Ciències Naturals de Barcelona</organizationName>
    <positionName>Collection Manager</positionName>
    <address>
        <deliveryPoint>C/ Passeig Picasso s/n</deliveryPoint>
        <city>Barcelona</city>
        <administrativeArea>Catalunya</administrativeArea>
        <postalCode>08003</postalCode>
        <country>SPAIN</country>
    </address>
    <phone>00+34 932562200</phone>
    <electronicMailAddress>jagullov@mail.bcn.es</electronicMailAddress>
    <role>CONTENT_PROVIDER</role>
</associatedParty>
<associatedParty>
    <individualName>
      <surName>L. Delvosalle et V. Boullet (IFFB)</surName>
    </individualName>
    <address>
        <country>FRANCE</country>
    </address>
    <role>CONTENT_PROVIDER</role>
</associatedParty>
<associatedParty>
    <organizationName>Museum of Archaeology, University of Stavanger</organizationName>
    <address>
        <country>NORWAY</country>
    </address>
    <role>CONTENT_PROVIDER</role>
</associatedParty>
<associatedParty>
    <individualName>
        <givenName>Eduardo</givenName>
      <surName>Dalcin</surName>
    </individualName>
    <organizationName>Jardim Botânico do Rio de Janeiro</organizationName>
    <positionName>Coordenador do Núcleo de Computação Científica</positionName>
    <address>
        <deliveryPoint>Rua Pacheco Leão 915 - sala 203</deliveryPoint>
        <city>Rio de Janeiro</city>
        <administrativeArea>RJ</administrativeArea>
        <postalCode>22460-030</postalCode>
        <country>BRAZIL</country>
    </address>
    <phone>55 21 32042116</phone>
    <electronicMailAddress>edalcin@jbrj.gov.br</electronicMailAddress>
    <role>CONTENT_PROVIDER</role>
</associatedParty>
<associatedParty>
    <individualName>
      <surName>Paul Green</surName>
    </individualName>
    <organizationName>Paul R Green</organizationName>
    <address>
        <deliveryPoint>National Biodiversity Data Centre, Beechfield House, WIT West Campus, Carriganore, Co. Waterford</deliveryPoint>
    </address>
    <electronicMailAddress>info@biodiversityireland.ie</electronicMailAddress>
    <role>CONTENT_PROVIDER</role>
</associatedParty>
<associatedParty>
    <individualName>
        <givenName>Javier</givenName>
      <surName>Ranz</surName>
    </individualName>
    <organizationName>Generalitat Valenciana</organizationName>
    <positionName>Técnico</positionName>
    <address>
        <deliveryPoint>Castán Tobeñas, 77</deliveryPoint>
        <city>Valencia</city>
    </address>
    <phone>961208596</phone>
    <electronicMailAddress>ranz_jav@gva.es</electronicMailAddress>
    <role>CONTENT_PROVIDER</role>
</associatedParty>
<associatedParty>
    <individualName>
        <givenName>Mickael</givenName>
      <surName>Graf</surName>
    </individualName>
    <organizationName>Swedish Museum of Natural History</organizationName>
    <positionName>Database developer</positionName>
    <address>
        <city>Stockholm</city>
        <country>SWEDEN</country>
    </address>
    <electronicMailAddress>mickael.graf@nrm.se</electronicMailAddress>
    <role>CONTENT_PROVIDER</role>
</associatedParty>
<associatedParty>
    <organizationName>Agder Naturmuseum</organizationName>
    <address>
        <country>NORWAY</country>
    </address>
    <role>CONTENT_PROVIDER</role>
</associatedParty>
<associatedParty>
    <individualName>
        <givenName>Stein Arild</givenName>
      <surName>Hoem</surName>
    </individualName>
    <organizationName>Artsbanken</organizationName>
    <positionName>Overingeniør</positionName>
    <address>
        <deliveryPoint>Elvegata 17</deliveryPoint>
        <city>Trondheim</city>
        <postalCode>7012</postalCode>
        <country>NORWAY</country>
    </address>
    <phone>73 59 07 92</phone>
    <electronicMailAddress>stein.hoem@artsdatabanken.no</electronicMailAddress>
    <role>CONTENT_PROVIDER</role>
</associatedParty>
<associatedParty>
    <individualName>
      <surName>Congella Maguire</surName>
    </individualName>
    <organizationName>Clare Biological Records Centre</organizationName>
    <address>
        <deliveryPoint>Heritage Officer, Clare County Council, Ennis, Co. Clare</deliveryPoint>
    </address>
    <phone>00 353 65 684 6408</phone>
    <electronicMailAddress>cmcguire@clarecoco.ie</electronicMailAddress>
    <role>CONTENT_PROVIDER</role>
</associatedParty>
<associatedParty>
    <individualName>
      <surName>Úna FitzPatrick</surName>
    </individualName>
    <organizationName>National Biodiversity Data Centre</organizationName>
    <address>
        <deliveryPoint>National Biodiversity Data Centre, Beechfield House, WIT West Campus, Carriganore, Waterford</deliveryPoint>
    </address>
    <phone>051 306240</phone>
    <electronicMailAddress>ufitzpatrick@biodiversityireland.ie</electronicMailAddress>
    <role>CONTENT_PROVIDER</role>
</associatedParty>
<associatedParty>
    <individualName>
        <givenName>Stephan</givenName>
      <surName>Hennekens</surName>
    </individualName>
    <organizationName>Alterra, Wageningen UR</organizationName>
    <positionName>Scientific researcher</positionName>
    <address>
        <country>NETHERLANDS</country>
    </address>
    <electronicMailAddress>stephan.hennekens@wur.nl</electronicMailAddress>
    <role>CONTENT_PROVIDER</role>
</associatedParty>
<associatedParty>
    <organizationName>Natural History Museum, University of Oslo</organizationName>
    <address>
        <country>NORWAY</country>
    </address>
    <role>CONTENT_PROVIDER</role>
</associatedParty>
<associatedParty>
    <individualName>
        <givenName>Diana Gicela</givenName>
      <surName>Blanco Vega</surName>
    </individualName>
    <organizationName>Corporación Autonoma Regional para la Defensa de la Meseta de Bucaramanga</organizationName>
    <positionName>Bióloga</positionName>
    <address>
        <deliveryPoint>Entrada a la Urbanización Bucarica, Carretera Antigua a Floridablanca.</deliveryPoint>
        <city>Floridablanca</city>
        <administrativeArea>Santander</administrativeArea>
        <country>COLOMBIA</country>
    </address>
    <phone>+57 76480729</phone>
    <electronicMailAddress>jardin@cdmb.gov.co</electronicMailAddress>
    <role>CONTENT_PROVIDER</role>
</associatedParty>
<associatedParty>
    <organizationName>Office of Environment and Heritage, Department of Premier and Cabinet representing the State of New South Wales</organizationName>
    <address>
        <deliveryPoint>59-61 Goulburn Street</deliveryPoint>
        <city>Sydney</city>
        <administrativeArea>New South Wales</administrativeArea>
        <postalCode>2000</postalCode>
        <country>AUSTRALIA</country>
    </address>
    <phone>(02) 9995 5000</phone>
    <electronicMailAddress>info@environment.nsw.gov.au</electronicMailAddress>
    <role>CONTENT_PROVIDER</role>
</associatedParty>
<associatedParty>
    <individualName>
        <givenName>Henry</givenName>
      <surName>van der Es</surName>
    </individualName>
    <organizationName>Natural History Museum Rotterdam</organizationName>
    <positionName>Collection Manager</positionName>
    <address>
        <deliveryPoint>Westzeedijk 345</deliveryPoint>
        <city>Rotterdam</city>
        <postalCode>NL-3015 AA</postalCode>
        <country>NETHERLANDS</country>
    </address>
    <phone>+31-(0)10-4364222</phone>
    <electronicMailAddress>vanderes@hetnatuurhistorisch.nl</electronicMailAddress>
    <role>CONTENT_PROVIDER</role>
</associatedParty>
<associatedParty>
    <individualName>
        <givenName>Mickael</givenName>
      <surName>Graf</surName>
    </individualName>
    <organizationName>Swedish Museum of Natural History</organizationName>
    <positionName>Database developer</positionName>
    <address>
        <city>Stockholm</city>
        <country>SWEDEN</country>
    </address>
    <electronicMailAddress>mickael.graf@nrm.se</electronicMailAddress>
    <role>CONTENT_PROVIDER</role>
</associatedParty>
<associatedParty>
    <individualName>
      <surName>L. Diard (MNHN)</surName>
    </individualName>
    <address>
        <country>FRANCE</country>
    </address>
    <role>CONTENT_PROVIDER</role>
</associatedParty>
<associatedParty>
    <individualName>
      <surName>Dr. Liam Lysaght</surName>
    </individualName>
    <organizationName>Collated by the National Biodiversity Data Centre from different sources</organizationName>
    <address>
        <deliveryPoint>Beechfield House, Carriganore, WIT West Campus, Waterford</deliveryPoint>
    </address>
    <phone>+ 353 51 306240</phone>
    <electronicMailAddress>llysaght@biodiversityireland.ie</electronicMailAddress>
    <role>CONTENT_PROVIDER</role>
</associatedParty>
<associatedParty>
    <individualName>
        <givenName>Richard</givenName>
      <surName>Moe</surName>
    </individualName>
    <organizationName>The University and Jepson Herbaria</organizationName>
    <positionName>Emeritus Technical Editor</positionName>
    <address>
        <deliveryPoint>1001 Valley Life Sciences Building # 2465</deliveryPoint>
        <city>Berkeley</city>
        <administrativeArea>California</administrativeArea>
        <postalCode>94720-2465</postalCode>
        <country>UNITED_STATES</country>
    </address>
    <phone>(510) 642-2465</phone>
    <electronicMailAddress>rlmoe@berkeley.edu</electronicMailAddress>
    <role>CONTENT_PROVIDER</role>
</associatedParty>
<associatedParty>
    <individualName>
        <givenName>Gerard</givenName>
      <surName>Dirkse</surName>
    </individualName>
    <organizationName>Nijmegen Natural History Museum</organizationName>
    <positionName>Collection Manager</positionName>
    <address>
        <deliveryPoint>Gerard Noodtstraat 121</deliveryPoint>
        <city>Nijmegen</city>
        <postalCode>NL-6511 ST</postalCode>
        <country>NETHERLANDS</country>
    </address>
    <electronicMailAddress>herbarium@natuurmuseum.nl</electronicMailAddress>
    <role>CONTENT_PROVIDER</role>
</associatedParty>
<associatedParty>
    <individualName>
        <givenName>Thomas</givenName>
      <surName>Orrell</surName>
    </individualName>
    <organizationName>National Museum of National History, Smithsonian Institution</organizationName>
    <positionName>Branch Chief, NMNH Informatics</positionName>
    <address>
        <deliveryPoint>12th St. and Constitution Ave. NW, MRC 136</deliveryPoint>
        <city>Washington</city>
        <administrativeArea>DC</administrativeArea>
        <postalCode>20013-7012</postalCode>
        <country>UNITED_STATES</country>
    </address>
    <phone>202-633-2151</phone>
    <electronicMailAddress>orrellt@si.edu</electronicMailAddress>
    <role>CONTENT_PROVIDER</role>
</associatedParty>
<associatedParty>
    <individualName>
      <surName>David Holyoak</surName>
    </individualName>
    <organizationName>Dr David Thomas Holyoak</organizationName>
    <address>
        <deliveryPoint>Quinta da Cachopa, Barcoila, 6100-014 Cabecudo, Portugal</deliveryPoint>
    </address>
    <phone>+447813 018628</phone>
    <electronicMailAddress>holyoak9187@hotmail.com</electronicMailAddress>
    <role>CONTENT_PROVIDER</role>
</associatedParty>
<associatedParty>
    <individualName>
        <givenName>Aurelio</givenName>
      <surName>Sanabria</surName>
    </individualName>
    <organizationName>INBio / IABIN SSTN</organizationName>
    <positionName>IPT Administrator</positionName>
    <role>CONTENT_PROVIDER</role>
</associatedParty>
<associatedParty>
    <individualName>
      <surName>Paul Green</surName>
    </individualName>
    <organizationName>Paul R Green</organizationName>
    <address>
        <deliveryPoint>National Biodiversity Data Centre, Beechfield House, WIT West Campus, Carriganore, Co. Waterford</deliveryPoint>
    </address>
    <electronicMailAddress>info@biodiversityireland.ie</electronicMailAddress>
    <role>CONTENT_PROVIDER</role>
</associatedParty>
<associatedParty>
    <individualName>
        <givenName>Isabel</givenName>
      <surName>Calabuig</surName>
    </individualName>
    <organizationName>Danish Biodiversity Information Facility (DanBIF)</organizationName>
    <positionName>Project leader, and DanBIF Node Manager</positionName>
    <address>
        <deliveryPoint>Natural History Museum of Denmark, Universitetsparken 15</deliveryPoint>
        <city>Copenhagen</city>
        <postalCode>2100</postalCode>
        <country>DENMARK</country>
    </address>
    <phone>+45 353-21103</phone>
    <electronicMailAddress>ICalabuig@snm.ku.dk</electronicMailAddress>
    <role>CONTENT_PROVIDER</role>
</associatedParty>
<associatedParty>
    <individualName>
      <surName>Úna FitzPatrick</surName>
    </individualName>
    <organizationName>Collated by the National Biodiversity Data Centre from different sources</organizationName>
    <address>
        <deliveryPoint>National Biodiversity Data Centre, Beechfield House, WIT West Campus, Carriganore, Waterford</deliveryPoint>
    </address>
    <phone>051 306240</phone>
    <electronicMailAddress>ufitzpatrick@biodiversityireland.ie</electronicMailAddress>
    <role>CONTENT_PROVIDER</role>
</associatedParty>
<associatedParty>
    <organizationName>Citizen Science - ALA Website</organizationName>
    <role>CONTENT_PROVIDER</role>
</associatedParty>
<associatedParty>
    <individualName>
      <surName>blasbenito</surName>
    </individualName>
    <role>AUTHOR</role>
</associatedParty>
<associatedParty>
    <individualName>
      <surName>GBIF Download Service</surName>
    </individualName>
    <role>ORIGINATOR</role>
</associatedParty>
<associatedParty>
    <individualName>
      <surName>GBIF Download Service</surName>
    </individualName>
    <role>METADATA_AUTHOR</role>
</associatedParty>
<pubDate>
        2014-04-17
</pubDate>
<language>ENGLISH</language>
<abstract>
  <para>A dataset containing all occurrences available in GBIF matching the query: {&quot;type&quot;:&quot;equals&quot;,&quot;key&quot;:&quot;TAXON_KEY&quot;,&quot;value&quot;:&quot;5414222&quot;}&lt;br/&gt;The dataset includes records from the following constituent datasets. The full metadata for each constituent is also included in this archive:&lt;br/&gt;1 records from Schulgelände des Gymnasiums Nepomucenum (Coesfeld)&lt;br/&gt;1 records from Sonnentaugemeinschaft&lt;br/&gt;1 records from Gelände des Schulzentrums am Himmelsbarg&lt;br/&gt;1 records from Artenvielfalt in der Stadt: Botanischer Garten Wuppertal und Hardt&lt;br/&gt;1 records from UCBG TAPIR Provider&lt;br/&gt;1 records from The Erysiphales Collection at the Botanische Staatssammlung München&lt;br/&gt;1 records from schulgarten&lt;br/&gt;1 records from Countryside Council for Wales - Phase 2 Lowland Grassland Survey of Wales&lt;br/&gt;1 records from Waldstück am Schullandheim Bad Bederkesa&lt;br/&gt;1 records from Artenvielfalt Kreis Gießen&lt;br/&gt;1 records from John Muir Trust - Plants, Bryophytes and Lichens recorded on the LÃ¬ and Coire Dhorrcail Estate during June 2001.&lt;br/&gt;1 records from Freiburger Tag der Artenvielfalt&lt;br/&gt;1 records from Herbario del Jardín Botánico-Histórico La Concepción: HBC&lt;br/&gt;1 records from Freiburger Netzwerk Artenvielfalt&lt;br/&gt;1 records from John Muir Trust - Plants, Bryophytes and Lichens recorded on Quinag in 2006-2007&lt;br/&gt;1 records from Schulhof Goethe-Gymnasium (Emmendingen)&lt;br/&gt;1 records from Umgebung der Gesamtschule Hamburg-Winterhude&lt;br/&gt;1 records from AKG-Gelände (Bensheim)&lt;br/&gt;1 records from Ortelsbruch - Hangmoor bei Morbach&lt;br/&gt;1 records from Eppingen und Umgebung&lt;br/&gt;1 records from Schulhof Liebfrauenschule Oldenburg&lt;br/&gt;1 records from Herbier Louis-Marie (QFA) - Collection de plantes vasculaires&lt;br/&gt;1 records from Freiburger GEO-Tag der Artenvielfalt am Moosweiher in Freiburg und im angrenzenden Mooswald&lt;br/&gt;1 records from Laubwald Dreiländereck (Aachen/Vaals[NL])&lt;br/&gt;1 records from Biotope in Rheine - Aktion 350&lt;br/&gt;1 records from E. C. Smith Herbarium (ACAD)&lt;br/&gt;1 records from Natural History Museum Rotterdam&lt;br/&gt;1 records from Biotope entdecken im Kockmecker Siepen (Sauerland)&lt;br/&gt;1 records from Royal Museum of Central Africa - Metafro-Infosys - Xylarium&lt;br/&gt;1 records from Wildes Bremer Leben im Park&lt;br/&gt;1 records from FKSE-Herbarium specimens of Faculty of Symbiotic Systems Science, Fukushima University, Japan&lt;br/&gt;1 records from Herbarium Senckenbergianum (FR)&lt;br/&gt;1 records from Cuxhavener Küstenheiden&lt;br/&gt;1 records from Herbarium specimens&lt;br/&gt;1 records from Lebensraum Walram&lt;br/&gt;1 records from Naturschutzgebiet Bausenberg&lt;br/&gt;1 records from Fundación Carl Faust: Herbario del Jardí Botànic Marimurtra: HMIM&lt;br/&gt;1 records from Aktion - Friedensburg Oberschule&lt;br/&gt;1 records from Collection Pisces SMF&lt;br/&gt;1 records from Tag der Artenvielfalt in Heidelberg&lt;br/&gt;1 records from Jardin botanique de Montréal (JBM)&lt;br/&gt;1 records from Herbarium specimens data&lt;br/&gt;1 records from Colección científica del Museo de Historia Natural Alfredo Dugés&lt;br/&gt;1 records from Artenvielfalt im Rhein-Neckar-Raum&lt;br/&gt;1 records from Botanic Garden of the Finnish Museum of Natural History&lt;br/&gt;1 records from John Muir Trust - Plants, Bryophytes and Lichens recorded on the Nevis Estate during summer 2003.&lt;br/&gt;1 records from Naturschutzgebiet Lüneburger Heide&lt;br/&gt;1 records from Naturpark Kottenforst-Ville 18.6.09&lt;br/&gt;1 records from Töpinger Mischwald&lt;br/&gt;1 records from FFH-Gebiet Ahrbachtal&lt;br/&gt;1 records from Naturpark Kottenforst-Ville 15.6.09&lt;br/&gt;1 records from Botany registration database by Danish botanists&lt;br/&gt;1 records from Einen Tag lang Forscher sein - Die 5c der Erich-Kästner-Schule erforscht das Bachemer Wiesental&lt;br/&gt;1 records from GEO-Hauptveranstaltung (Duisburg)&lt;br/&gt;1 records from Universität Salzburg&lt;br/&gt;1 records from Industriegebiet (Kempen)&lt;br/&gt;1 records from Kindervilla Außengelände&lt;br/&gt;1 records from Nijmegen Natural History Museum (NL) – Herbarium&lt;br/&gt;1 records from Schulhof Gymnasium Hürth Bonnstrasse&lt;br/&gt;1 records from Kloster Eberbach&lt;br/&gt;1 records from Computarización de la xiloteca Dr. Faustino Miranda del Instituto de Ecología, AC&lt;br/&gt;1 records from Schulgelände des Schulzentrums am Himmelsbarg&lt;br/&gt;1 records from Schulgelände Gebrüder-Grimm-Schuleund Umgebung (Lingen)&lt;br/&gt;1 records from Werl macht sich auf die Suche&lt;br/&gt;1 records from Erlengraben/Lipp-Tal (Östringen)&lt;br/&gt;1 records from Naturpark Kottenforst-Ville Sammelaktion 15.-19.6.&lt;br/&gt;1 records from GEO-Hauptveranstaltung (Insel Vilm)&lt;br/&gt;1 records from Schulgelände Städtisches Gymnasium&lt;br/&gt;1 records from Lebensraum Gesamtschule (Langerwehe)&lt;br/&gt;1 records from Tage der Artenvielfalt rund um die Naturschutzstation Molsberg&lt;br/&gt;1 records from Quarrendorfer Landschaftsschutzgebiet&lt;br/&gt;1 records from ZFMK Hymenoptera collection&lt;br/&gt;1 records from Dierloch, nördlicher Mooswald  (Freiburg-Hochdorf)&lt;br/&gt;1 records from Landschaftspflegehof (Berlin)&lt;br/&gt;1 records from Schwanheimer Wald&lt;br/&gt;1 records from Staatliches Museum für Naturkunde Stuttgart, Herbarium&lt;br/&gt;1 records from Schulgarten der Volksschule&lt;br/&gt;1 records from Haarbach Höfe&lt;br/&gt;1 records from Schulgelände SGD/Viersen&lt;br/&gt;1 records from Königsdorfer Wald&lt;br/&gt;1 records from Brander Wald (Stolberg)&lt;br/&gt;1 records from The Exsiccatal Series &quot;Triebel, Microfungi exsiccati&quot;&lt;br/&gt;1 records from Herbarium specimens data&lt;br/&gt;1 records from Von Elf bis Elf&quot; Der Botanische Garten Wuppertal&lt;br/&gt;1 records from Gemeinde Sursee&lt;br/&gt;1 records from North Ayrshire Countryside Ranger Service - Species within North Ayrshire from 1984 - Present&lt;br/&gt;1 records from Bodenteicher Seewiesen&lt;br/&gt;1 records from The Fungal and Lichen Collections at the Herbarium Marburgense&lt;br/&gt;1 records from Wangerooge&lt;br/&gt;1 records from Bergkamen- Bergehalde Großes Holz&lt;br/&gt;1 records from Herbario CDMB - Jardín Botánico Eloy Valenzuela&lt;br/&gt;1 records from Botanical Garden Collection&lt;br/&gt;1 records from Ibaraki Nature Museum, Vascular Plants collection&lt;br/&gt;1 records from Schwanner Warte / Kinderhaus St. Elisabeth Waldplatz&lt;br/&gt;1 records from Langes Tannen(LMS), Klasse 5d&lt;br/&gt;1 records from Schatzinsel Wangerooge&lt;br/&gt;1 records from Südpark (Bochum-Wattenscheid)&lt;br/&gt;1 records from Nijmegen Natural History Museum (NL) - Herbarium&lt;br/&gt;1 records from National Trust - Anglesey Abbey wildlife species data held by The National Trust.&lt;br/&gt;1 records from Herbarium areqvipense (HUSA)&lt;br/&gt;1 records from privater Garten&lt;br/&gt;1 records from Schulhof und Anlagensee in Nellingen&lt;br/&gt;1 records from Individual Sightings&lt;br/&gt;2 records from Peabody Paleoportal DiGIR Service (PB)&lt;br/&gt;2 records from Canadian Museum of Nature Herbarium&lt;br/&gt;2 records from Schule Sulzbach (Oberegg)&lt;br/&gt;2 records from Herbario de la Universidad de Almeria&lt;br/&gt;2 records from Instituto de Ciencias Naturales&lt;br/&gt;2 records from Peabody Paleobotany DiGIR Service&lt;br/&gt;2 records from UCJEPS TAPIR Provider&lt;br/&gt;2 records from University of British Columbia Botanical Garden Collections (UBCBG)&lt;br/&gt;2 records from Museu de Ciències Naturals de Barcelona: BGJBB&lt;br/&gt;2 records from Freiburger GEO-Tag der Artenvielfalt&lt;br/&gt;2 records from Base de datos para la xiloteca del Instituto de Biología de la UNAM&lt;br/&gt;2 records from Langes Tannen (Uetersen)&lt;br/&gt;2 records from Dpto de Botánica, Ecología y Fisiología Vegetal (Historico_cofc). Facultad de Ciencias. Universidad de Córdoba&lt;br/&gt;2 records from SBT-Living&lt;br/&gt;2 records from Cuxhaven Schlosspark, Klasse 5e- Amandus-Abendroth-Gymnasium&lt;br/&gt;2 records from Karl Franzens University of Graz, Insitute for Botany - Herbarium GZU&lt;br/&gt;3 records from Herbario Museo de La Salle Bogotá (MLS)&lt;br/&gt;3 records from Institut Botanic de Barcelona, BC-Histórico&lt;br/&gt;3 records from CONN&lt;br/&gt;3 records from Collection du Musée d&apos;Histoire Naturelle de Nice&lt;br/&gt;3 records from Hertfordshire Biological Records Centre - Hertfordshire Wildlife Site Monitoring Surveys (incomplete)&lt;br/&gt;3 records from Herbario de la Universidad de Sevilla, SEV-Historico&lt;br/&gt;3 records from Herbario de Universidad de Murcia: MUB&lt;br/&gt;3 records from University of Alberta Vascular Plant Herbarium (ALTA)&lt;br/&gt;3 records from Biologiezentrum Linz&lt;br/&gt;3 records from Natural History Museum, Vienna - Herbarium W&lt;br/&gt;3 records from University of Alberta Museums, Vascular Plant Herbarium&lt;br/&gt;3 records from Hertfordshire Biological Records Centre - Hertfordshire Lowland Meadow Inventory Survey 2010&lt;br/&gt;3 records from Clare Biological Records Centre dataset&lt;br/&gt;3 records from Australian National Herbarium (CANB)&lt;br/&gt;3 records from Plant Specimen Database of Tama Forest Science Garden, Forestry and Forest Products Research Institute, Japan&lt;br/&gt;4 records from Royal Botanic Garden Edinburgh Herbarium (E)&lt;br/&gt;4 records from Harvard University Herbaria&lt;br/&gt;4 records from Vascular Plants, Observations, Oslo (O)&lt;br/&gt;4 records from Consortium of California Herbaria&lt;br/&gt;4 records from Herbarium specimens&lt;br/&gt;4 records from John Muir Trust - Plants, Bryophytes and Lichens recorded on the Skye Estate during October 1995 â October 2004.&lt;br/&gt;4 records from Royal Botanic Gardens, Kew&lt;br/&gt;4 records from Hortus Botanicus Sollerensis Herbarium (FBonafè)&lt;br/&gt;4 records from Gothenburg Herbarium - General (GBIF:IH:GB:Herbarium)&lt;br/&gt;4 records from Natural History Museum Rotterdam (NL) - Plantae collection&lt;br/&gt;4 records from Universidad Politécnica de Madrid, Dpto. Biología Vegetal, Banco de Germoplasma&lt;br/&gt;4 records from The Fungal Collection at the Senckenberg Museum für Naturkunde Görlitz&lt;br/&gt;4 records from Fungus Collections at Staatliches Museum für Naturkunde Karlsruhe (Herbarium KR)&lt;br/&gt;5 records from National Trust - Sutton Hoo species data held by The National Trust.&lt;br/&gt;5 records from CAS Botany (BOT)&lt;br/&gt;5 records from FloVegSI - Floristical and fitocenological database of ZRC SAZU&lt;br/&gt;5 records from Herbarium of Taiwan Forestry Research Institute&lt;br/&gt;5 records from Shire Group of Internal Drainage Boards - Shire Group IDB species data 2004 to present&lt;br/&gt;5 records from Vascular Plants, Museum of Archaeology, University of Stavanger&lt;br/&gt;5 records from University of Vienna, Institute for Botany - Herbarium WU&lt;br/&gt;5 records from Tiroler Landesmuseum Ferdinandeum&lt;br/&gt;6 records from The Flora of County Clare&lt;br/&gt;6 records from Rio de Janeiro Botanical Garden Herbarium Collection&lt;br/&gt;6 records from MfN - Fossil plants (Cenophytic)&lt;br/&gt;6 records from Leiner-Herbar Konstanz&lt;br/&gt;6 records from SysTax - Herbaria&lt;br/&gt;6 records from Joint Nature Conservation Committee - Vegetation surveys of coastal shingle in Great Britain&lt;br/&gt;7 records from Bishop Museum Natural Sciences Data&lt;br/&gt;7 records from Paleobiology Database&lt;br/&gt;7 records from Plantae, TAIF (Taiwan e-Learning and Digital Archives Program, TELDAP)&lt;br/&gt;7 records from NSW herbarium collection&lt;br/&gt;8 records from EURISCO, The European Genetic Resources Search Catalogue&lt;br/&gt;8 records from Herbarium specimens&lt;br/&gt;8 records from Natural History Museum Maastricht (NL) - Herbarium&lt;br/&gt;8 records from Countryside Council for Wales - Welsh Invertebrate Database (WID)&lt;br/&gt;9 records from Anymals+plants - Citizen Science Data&lt;br/&gt;9 records from National Trust - Hatfield Forest species data held by The National Trust.&lt;br/&gt;9 records from National Trust for Scotland - NTS Properties Species Records 1800-2013&lt;br/&gt;10 records from Vascular Plant Collection&lt;br/&gt;10 records from Thames Valley Environmental Records Centre - Nature Conservancy Council Berkshire Meadows Survey 1984-87 (as held by Thames Valley Environmental Records Centre)&lt;br/&gt;10 records from Hertfordshire Biological Records Centre - Hertfordshire Urban Surveys  (incomplete)&lt;br/&gt;10 records from Herbarium Berolinense&lt;br/&gt;11 records from Institut Botanic de Barcelona, BC&lt;br/&gt;11 records from CIBIO, Alicante:ABH-GBIF&lt;br/&gt;12 records from Herbarium of Vascular Plants Collection of the University of Extremadura (Spain)&lt;br/&gt;12 records from Heritage Trees of Ireland&lt;br/&gt;12 records from Vascular Plants, Field notes, Trondheim (TRH)&lt;br/&gt;12 records from Universidad de Oviedo. Departamento de Biología de Organismos y Sistemas: FCO&lt;br/&gt;13 records from Universidad de Navarra, Herbarium: PAMP-Vascular Plants&lt;br/&gt;13 records from National Trust - Ickworth species data held by The National Trust.&lt;br/&gt;13 records from Merseyside BioBank - Merseyside BioBank Active Naturalists (verified)&lt;br/&gt;13 records from Herbier de Strasbourg&lt;br/&gt;13 records from Biodiversity records from Ireland - general&lt;br/&gt;13 records from NMNH occurrence DwC-A&lt;br/&gt;14 records from Dpto de Botánica, Ecología y Fisiología Vegetal (herbario_cofc).Facultad de Ciencias.Universidad de Córdoba&lt;br/&gt;14 records from South Australia Flora Observations&lt;br/&gt;14 records from Nationaal Herbarium Nederland&lt;br/&gt;16 records from Flora d&apos;Andorra&lt;br/&gt;16 records from inatura - Erlebnis Naturschau Dornbirn&lt;br/&gt;16 records from Lothian Wildlife Information Centre - Lothian Wildlife Information Centre Secret Garden Survey&lt;br/&gt;16 records from Dirección General de Investigación, Desarrollo Tecnológico e Innovación de la Junta de Extremadura(DGIDTI): HSS&lt;br/&gt;17 records from New Zealand National Vegetation Survey Databank&lt;br/&gt;17 records from Consortium of California Herbaria&lt;br/&gt;17 records from Miscellaneous Vascular Plants&lt;br/&gt;18 records from Scottish Borders Biological Records Centre - SWT Scottish Borders Local Wildlife Site Survey data 1996-2000 - species information&lt;br/&gt;18 records from iNaturalist research-grade observations&lt;br/&gt;18 records from Herbarium of Oskarshamn (OHN)&lt;br/&gt;19 records from Merseyside BioBank - Merseyside BioBank Active Naturalists (unverified)&lt;br/&gt;21 records from Aranzadi Zientzi Elkartea&lt;br/&gt;23 records from Vascular Plant Herbarium, Trondheim (TRH)&lt;br/&gt;24 records from Phanerogamic Botanical Collections (S)&lt;br/&gt;28 records from Naturhistorisches Museum Mainz, Feldbeobachtungsdaten Pflanzen&lt;br/&gt;28 records from Herbario EMMA. Herbario de la Escuela Técnica Superior de Ingenieros de Montes. UPM&lt;br/&gt;28 records from Herbario de la Universidad de Sevilla, SEV&lt;br/&gt;31 records from Ireland&apos;s BioBlitz 2012&lt;br/&gt;31 records from BioFokus&lt;br/&gt;31 records from Cartografía de vegetación a escala de detalle 1:10.000 de la masa forestal de Andalucía&lt;br/&gt;32 records from OEH Atlas of NSW Wildlife&lt;br/&gt;32 records from OEH Atlas of NSW Wildlife&lt;br/&gt;32 records from New Zealand National Plant Herbarium (CHR)&lt;br/&gt;33 records from University of British Columbia Herbarium (UBC) - Vascular Plant Collection&lt;br/&gt;33 records from Yorkshire Wildlife Trust - Yorkshire Wildlife Trust - Non-sensitive records from all taxonomic groups&lt;br/&gt;34 records from Herbario de Plantas Vasculares de la Universidad de Salamanca: SALA&lt;br/&gt;34 records from Universidad de Málaga: MGC-Cormof&lt;br/&gt;35 records from Jardín Botánico de Córdoba: Herbarium COA&lt;br/&gt;36 records from SANT herbarium vascular plants collection&lt;br/&gt;38 records from Missouri Botanical Garden&lt;br/&gt;43 records from Royal Botanic Garden Edinburgh Living Plant Collections (E)&lt;br/&gt;45 records from Royal Horticultural Society - RHS monitoring of native and naturalised plants and animals at its gardens and surrounding areas&lt;br/&gt;46 records from Dutch Foundation for Applied Water Research (STOWA) - Limnodata Neerlandica&lt;br/&gt;46 records from Vascular plant herbarium, Agder naturmuseum og botaniske hage&lt;br/&gt;49 records from Jordal&lt;br/&gt;56 records from Real Jardin Botanico (Madrid), Vascular Plant Herbarium (MA)&lt;br/&gt;58 records from New Zealand Biodiversity Recording Network&lt;br/&gt;63 records from Lund Botanical Museum (LD)&lt;br/&gt;68 records from Woodland Condition Survey Group - Plants recorded during the non-SSSI woodland condition survey 2011&lt;br/&gt;68 records from Tullie House Museum - Tullie House Museum. Cumbria Wildlife Trust survey records from 1970 - 2007 of Cumbria Wildlife Sites. Various.&lt;br/&gt;69 records from Colección de plantas vasculares del herbario de la Universitat de València (VAL).&lt;br/&gt;73 records from Vegetation data from protected areas in Denmark (§ 3 in the Danish Nature Protection Act)&lt;br/&gt;78 records from Merseyside BioBank - North Merseyside Flowering Plants (unverified)&lt;br/&gt;95 records from Scottish Wildlife Trust - Commissioned surveys and staff surveys and reports for SWT reserves. &lt;br/&gt;95 records from Phytochorologie des départements français&lt;br/&gt;98 records from Biological and palaeontological collection and observation data MNHNL&lt;br/&gt;113 records from Catálogo Florístico Histórico de Navarra. Gobierno de Navarra&lt;br/&gt;113 records from Online Atlas of vascular plants 2012-2020&lt;br/&gt;122 records from SysTax - Botanical Gardens&lt;br/&gt;123 records from University of Copenhagen Arboretum&lt;br/&gt;149 records from Botanical Society of the British Isles - Changing Flora of Glasgow 1982-2000&lt;br/&gt;154 records from Vascular Plants, Field notes, Agder naturmuseum (KMN)&lt;br/&gt;158 records from Irish Crop Wild Relative Database&lt;br/&gt;165 records from Botany (UPS)&lt;br/&gt;168 records from Vascular Plant Collection - University of Washington Herbarium (WTU)&lt;br/&gt;174 records from Irish vascular plant data 1999-2009&lt;br/&gt;176 records from Norwegian Species Observation Service&lt;br/&gt;177 records from Vascular Plants, Field notes, Oslo (O)&lt;br/&gt;181 records from Thames Valley Environmental Records Centre - Local Wildlife Site Surveys Oxfordshire&lt;br/&gt;195 records from Floristic Databases of Mecklenburg-Pomerania - Higher Plants&lt;br/&gt;199 records from Artdata&lt;br/&gt;220 records from Vascular Plant Herbarium, Oslo (O)&lt;br/&gt;223 records from Staffordshire Ecological Record - SER Species-based Surveys&lt;br/&gt;230 records from Dorset Environmental Records Centre - Dorset SSSI Species Records 1952 - 2004 (Natural England)&lt;br/&gt;242 records from University Museums of Norway (MUSIT)&lt;br/&gt;260 records from EPA River Biologists data&lt;br/&gt;310 records from Thames Valley Environmental Records Centre - Nature Conservancy Council Survey of Ancient Woodlands in Berkshire.&lt;br/&gt;318 records from Phanerogams herbarium specimens&lt;br/&gt;323 records from Base de datos de plantas vasculares del País Vasco: ARAN-EH&lt;br/&gt;357 records from Thames Valley Environmental Records Centre - Local Wildlife Site Surveys Berkshire&lt;br/&gt;422 records from Hertfordshire Natural History Society Flora Group - Hertfordshire Flora Survey Records 1987-2005&lt;br/&gt;438 records from Carnet en Ligne&lt;br/&gt;476 records from Banco de Datos de la Biodiversidad de la Comunitat Valenciana&lt;br/&gt;486 records from VegetWeb - Repositorium von Vegetationsaufnahmen a&lt;br/&gt;547 records from Greater Manchester Ecology Unit - Higher Plant Records From Greater Manchester&lt;br/&gt;562 records from Tercer Inventario Forestal Nacional. Ministerio de Agricultura, Alimentación y Medio Ambiente (España/Spain) (IFN3)&lt;br/&gt;579 records from Northern Ireland Environment Agency - EHS Species Datasets&lt;br/&gt;634 records from Merseyside BioBank - North Merseyside Flowering Plants (verified)&lt;br/&gt;645 records from The Flora of County Waterford&lt;br/&gt;766 records from Belgian IFBL Flora Checklists (1939-1971)&lt;br/&gt;788 records from Dr Francis Rose Field Notebook Project - Field Notebook Records of Dr Francis Rose 1950&apos;s to 1990&apos;s&lt;br/&gt;870 records from South East Wales Biodiversity Records Centre - CCW Regional Data : South East Wales Non-sensitive Species Records&lt;br/&gt;880 records from Vascular plants in Denmark recorded under the The Nationwide Monitoring and Assessment Programme for the Aquatic and Terrestrial Environments (NOVANA)&lt;br/&gt;998 records from Inventaire National du Patrimoine Naturel (I057) : Flore du Limousin&lt;br/&gt;1006 records from Inventaire National du Patrimoine Naturel (I093) : Flore du Massif Armoricain&lt;br/&gt;1225 records from BSBI tetrad data for Ireland&lt;br/&gt;1257 records from Inventaire National du Patrimoine Naturel : Flore d&apos;Ille-et-Vilaine&lt;br/&gt;1284 records from The Flora of County Wexford&lt;br/&gt;1327 records from North &amp; East Yorkshire Ecological Data Centre - North and East Yorkshire Ecological Data Centre - Non-sensitive Records from all taxonomic groups. &lt;br/&gt;1358 records from Sheffield Biological Records Centre - Sheffield Biological Records Centre- Non-sensitive Records from all taxonomic groups. &lt;br/&gt;1387 records from Fundación Biodiversidad, Real Jardín Botánico (CSIC): Anthos. Sistema de Información de las plantas de España&lt;br/&gt;1504 records from Wiltshire and Swindon Biological Records Centre - Wiltshire &amp; Swindon Site-based Survey Records&lt;br/&gt;1873 records from FlorKart - FlorenKartierung Gefaesspflanzen&lt;br/&gt;1979 records from Suffolk Biological Records Centre - Suffolk Biological Records Centre (SBRC) dataset&lt;br/&gt;2294 records from Staffordshire Ecological Record - SER Site-based Surveys&lt;br/&gt;2428 records from Sistema de Información de la vegetación Ibérica y Macaronésica&lt;br/&gt;2801 records from Inventaire National du Patrimoine Naturel : Flore Franco-Belge&lt;br/&gt;2837 records from EcoRecord - Vascular plant records held by EcoRecord for the Birmingham and the Black Country area collated prior to March 2013&lt;br/&gt;2992 records from Rotherham Biological Records Centre - Rotherham Biological Records Centre - Non-sensitive Records from all taxonomic groups&lt;br/&gt;3099 records from Shropshire Ecological Data Network - Shropshire Ecological Data Network Database&lt;br/&gt;4567 records from Bristol Regional Environmental Records Centre - BRERC October 2009&lt;br/&gt;5159 records from Florabank1 - A grid-based database on vascular plant  distribution in the northern part of Belgium (Flanders and the Brussels Capital region)&lt;br/&gt;7815 records from Dutch Vegetation Database (LVD)&lt;br/&gt;10559 records from Observations du Conservatoire botanique national du Bassin parisien.&lt;br/&gt;14700 records from Botanical Society of the British Isles - Vascular Plants Database additions since 2000&lt;br/&gt;23282 records from Botanical Society of the British Isles - Vascular Plants Database&lt;br/&gt;</para>
</abstract>

</dataset>

<additionalMetadata>
  <metadata>
    <gbif>
        <citation identifier="0000954-140414153444004">GBIF Occurrence Download 0000954-140414153444004</citation>
          <physical>
            <objectName></objectName>
            <characterEncoding>UTF-8</characterEncoding>
            <dataFormat>
              <externallyDefinedFormat>
                <formatName>Darwin Core Archive</formatName>
              </externallyDefinedFormat>
            </dataFormat>
            <distribution>
              <online>
                <url function="download">http://api.gbif.org/v0.9/occurrence/download/request/0000954-140414153444004.zip</url>
              </online>
            </distribution>
          </physical>
    </gbif>
  </metadata>
</additionalMetadata>

</eml:eml>
