<eml:eml xmlns:eml="eml://ecoinformatics.org/eml-2.1.1"
         xmlns:xsi="http://www.w3.org/2001/XMLSchema-instance"
         xsi:schemaLocation="eml://ecoinformatics.org/eml-2.1.1 http://rs.gbif.org/schema/eml-gbif-profile/1.0.2/eml.xsd"
         packageId="8036afc9-fd90-41df-a2a4-fd2024519c36" system="http://gbif.org" scope="system"
         xml:lang="en">

<dataset>
  <title>GBIF Occurrence Download 0000961-140414153444004</title>
<creator>
    <individualName>
      <surName>GBIF Download Service</surName>
    </individualName>
</creator>
<metadataProvider>
    <individualName>
      <surName>GBIF Download Service</surName>
    </individualName>
</metadataProvider>
<associatedParty>
    <individualName>
        <givenName>Frans J.A.</givenName>
      <surName>Slieker</surName>
    </individualName>
    <organizationName>Natural History Museum Rotterdam</organizationName>
    <positionName>Honorary Curator</positionName>
    <address>
        <country>NETHERLANDS</country>
    </address>
    <electronicMailAddress>fjas@caiway.net</electronicMailAddress>
    <role>CONTENT_PROVIDER</role>
</associatedParty>
<associatedParty>
    <address>
        <deliveryPoint>Bioversity International, Via dei Tre Denari 472/a, 00057 Maccarese, Rome, ITALY</deliveryPoint>
    </address>
    <electronicMailAddress>s.dias@cgiar.org</electronicMailAddress>
    <role>CONTENT_PROVIDER</role>
</associatedParty>
<associatedParty>
    <individualName>
        <givenName>Linda</givenName>
      <surName>Jennings</surName>
    </individualName>
    <organizationName>University of British Columbia Herbarium</organizationName>
    <positionName>Assistant Curator, Vascular Plants &amp; Algae</positionName>
    <address>
        <deliveryPoint>3529-6270 University Boulevard</deliveryPoint>
        <city>Vancouver</city>
        <administrativeArea>British Columbia</administrativeArea>
        <postalCode>V6T 1Z4</postalCode>
        <country>CANADA</country>
    </address>
    <phone>(604) 822-9740</phone>
    <electronicMailAddress>linda.jennings@beatymuseum.ubc.ca</electronicMailAddress>
    <role>CONTENT_PROVIDER</role>
</associatedParty>
<associatedParty>
    <individualName>
        <givenName>Luc</givenName>
      <surName>Brouillet</surName>
    </individualName>
    <organizationName>Université de Montréal Biodiversity Centre</organizationName>
    <positionName>Curator</positionName>
    <address>
        <deliveryPoint>4101 rue Sherbrooke est</deliveryPoint>
        <city>Montreal</city>
        <administrativeArea>Quebec</administrativeArea>
        <postalCode>H1X2B2</postalCode>
        <country>CANADA</country>
    </address>
    <electronicMailAddress>luc.brouillet@umontreal.ca</electronicMailAddress>
    <role>CONTENT_PROVIDER</role>
</associatedParty>
<associatedParty>
    <individualName>
        <givenName>Tim</givenName>
      <surName>Dickinson</surName>
    </individualName>
    <organizationName>Royal Ontario Museum</organizationName>
    <positionName>Senior Curator</positionName>
    <address>
        <deliveryPoint>100 Queen&apos;s Park</deliveryPoint>
        <city>Toronto</city>
        <administrativeArea>ON</administrativeArea>
        <postalCode>M5S 2C6</postalCode>
        <country>CANADA</country>
    </address>
    <phone>416 586 8032</phone>
    <electronicMailAddress>tim.dickinson@utoronto.ca</electronicMailAddress>
    <role>CONTENT_PROVIDER</role>
</associatedParty>
<associatedParty>
    <individualName>
        <givenName>Richard</givenName>
      <surName>Moe</surName>
    </individualName>
    <organizationName>The University and Jepson Herbaria</organizationName>
    <positionName>Emeritus Technical Editor</positionName>
    <address>
        <deliveryPoint>1001 Valley Life Sciences Building # 2465</deliveryPoint>
        <city>Berkeley</city>
        <administrativeArea>California</administrativeArea>
        <postalCode>94720-2465</postalCode>
        <country>UNITED_STATES</country>
    </address>
    <phone>(510) 642-2465</phone>
    <electronicMailAddress>rlmoe@berkeley.edu</electronicMailAddress>
    <role>CONTENT_PROVIDER</role>
</associatedParty>
<associatedParty>
    <individualName>
      <surName>blasbenito</surName>
    </individualName>
    <role>AUTHOR</role>
</associatedParty>
<associatedParty>
    <individualName>
      <surName>GBIF Download Service</surName>
    </individualName>
    <role>ORIGINATOR</role>
</associatedParty>
<associatedParty>
    <individualName>
      <surName>GBIF Download Service</surName>
    </individualName>
    <role>METADATA_AUTHOR</role>
</associatedParty>
<pubDate>
        2014-04-17
</pubDate>
<language>ENGLISH</language>
<abstract>
  <para>A dataset containing all occurrences available in GBIF matching the query: {&quot;type&quot;:&quot;and&quot;,&quot;predicates&quot;:[{&quot;type&quot;:&quot;equals&quot;,&quot;key&quot;:&quot;HAS_COORDINATE&quot;,&quot;value&quot;:&quot;true&quot;},{&quot;type&quot;:&quot;equals&quot;,&quot;key&quot;:&quot;SPATIAL_ISSUES&quot;,&quot;value&quot;:&quot;false&quot;},{&quot;type&quot;:&quot;equals&quot;,&quot;key&quot;:&quot;TAXON_KEY&quot;,&quot;value&quot;:&quot;3127508&quot;}]}&lt;br/&gt;The dataset includes records from the following constituent datasets. The full metadata for each constituent is also included in this archive:&lt;br/&gt;1 records from Vascular Plant Collection&lt;br/&gt;1 records from Natural History Museum Maastricht (NL) - Herbarium&lt;br/&gt;1 records from EURISCO, The European Genetic Resources Search Catalogue&lt;br/&gt;1 records from Green Plant Herbarium (TRT)&lt;br/&gt;1 records from Botanical Society of the British Isles - Vascular Plants Database&lt;br/&gt;1 records from Utah Valley State College Herbarium&lt;br/&gt;2 records from Karl Franzens University of Graz, Insitute for Botany - Herbarium GZU&lt;br/&gt;2 records from Marie-Victorin Herbarium (MT)&lt;br/&gt;2 records from Fundación Biodiversidad, Real Jardín Botánico (CSIC): Anthos. Sistema de Información de las plantas de España&lt;br/&gt;3 records from Missouri Botanical Garden&lt;br/&gt;3 records from New Mexico Biodiversity Collections Consortium database&lt;br/&gt;4 records from University of British Columbia Herbarium (UBC) - Vascular Plant Collection&lt;br/&gt;6 records from UA Herbarium&lt;br/&gt;8 records from Mountain Invasion Research Network (MIREN) survey&lt;br/&gt;11 records from USU-UTC Specimen Database&lt;br/&gt;12 records from Vascular Plant Collection - University of Washington Herbarium (WTU)&lt;br/&gt;12 records from Canadian Museum of Nature Herbarium&lt;br/&gt;28 records from Tiroler Landesmuseum Ferdinandeum&lt;br/&gt;34 records from Peabody Botany DiGIR Service&lt;br/&gt;45 records from Herbarium of The New York Botanical Garden&lt;br/&gt;58 records from Consortium of California Herbaria&lt;br/&gt;64 records from Consortium of California Herbaria&lt;br/&gt;79 records from CONN&lt;br/&gt;108 records from Observations du Conservatoire botanique national du Bassin parisien.&lt;br/&gt;</para>
</abstract>

</dataset>

<additionalMetadata>
  <metadata>
    <gbif>
        <citation identifier="0000961-140414153444004">GBIF Occurrence Download 0000961-140414153444004</citation>
          <physical>
            <objectName></objectName>
            <characterEncoding>UTF-8</characterEncoding>
            <dataFormat>
              <externallyDefinedFormat>
                <formatName>Darwin Core Archive</formatName>
              </externallyDefinedFormat>
            </dataFormat>
            <distribution>
              <online>
                <url function="download">http://api.gbif.org/v0.9/occurrence/download/request/0000961-140414153444004.zip</url>
              </online>
            </distribution>
          </physical>
    </gbif>
  </metadata>
</additionalMetadata>

</eml:eml>
