<eml:eml xmlns:eml="eml://ecoinformatics.org/eml-2.1.1"
         xmlns:xsi="http://www.w3.org/2001/XMLSchema-instance"
         xsi:schemaLocation="eml://ecoinformatics.org/eml-2.1.1 http://rs.gbif.org/schema/eml-gbif-profile/1.0.2/eml.xsd"
         packageId="dbedf641-4454-40f7-a6e0-47cd6fa3b0e2" system="http://gbif.org" scope="system"
         xml:lang="en">

<dataset>
  <title>GBIF Occurrence Download 0000960-140414153444004</title>
<creator>
    <individualName>
      <surName>GBIF Download Service</surName>
    </individualName>
</creator>
<metadataProvider>
    <individualName>
      <surName>GBIF Download Service</surName>
    </individualName>
</metadataProvider>
<associatedParty>
    <organizationName>OZCAM (Online Zoological Collections of Australian Museums) Provider</organizationName>
    <role>CONTENT_PROVIDER</role>
</associatedParty>
<associatedParty>
    <individualName>
        <givenName>Edwin</givenName>
      <surName>Scholes III, Ph.D.</surName>
    </individualName>
    <organizationName>Macaulay Library</organizationName>
    <positionName>Curator of Video</positionName>
    <address>
        <deliveryPoint>Cornell Lab of Ornithology - 159 Sapsucker Woods Road</deliveryPoint>
        <city>Ithaca</city>
        <administrativeArea>NY</administrativeArea>
        <postalCode>14850</postalCode>
        <country>UNITED_STATES</country>
    </address>
    <phone>+1 607-254-1115</phone>
    <electronicMailAddress>edwin.scholes@cornell.edu</electronicMailAddress>
    <role>CONTENT_PROVIDER</role>
</associatedParty>
<associatedParty>
    <individualName>
        <givenName>Paula Catalina</givenName>
      <surName>Caicedo Rosales</surName>
    </individualName>
    <organizationName>Instituto Alexander von Humbolt</organizationName>
    <positionName>Curadora de la Colección de Sonidos Ambientales</positionName>
    <address>
        <city>Bogotá</city>
        <administrativeArea>Bogota</administrativeArea>
        <country>COLOMBIA</country>
    </address>
    <phone>3202767</phone>
    <electronicMailAddress>pcaicedo@humboldt.org.co</electronicMailAddress>
    <role>CONTENT_PROVIDER</role>
</associatedParty>
<associatedParty>
    <organizationName>OZCAM (Online Zoological Collections of Australian Museums) Provider</organizationName>
    <role>CONTENT_PROVIDER</role>
</associatedParty>
<associatedParty>
    <individualName>
        <givenName>Tom</givenName>
      <surName>Trombone</surName>
    </individualName>
    <organizationName>American Museum of Natural History</organizationName>
    <positionName>Data Manager</positionName>
    <address>
        <deliveryPoint>Central Park West at 79th Street</deliveryPoint>
        <city>New York</city>
        <administrativeArea>NY</administrativeArea>
        <postalCode>10024</postalCode>
        <country>UNITED_STATES</country>
    </address>
    <phone>+01 212-313-7783</phone>
    <electronicMailAddress>trombone@amnh.org</electronicMailAddress>
    <role>CONTENT_PROVIDER</role>
</associatedParty>
<associatedParty>
    <individualName>
        <givenName>Stanley</givenName>
      <surName>Blum</surName>
    </individualName>
    <organizationName>California Academy of Sciences</organizationName>
    <positionName>Research Information Manager</positionName>
    <address>
        <deliveryPoint>55 Music Concourse Dr.</deliveryPoint>
        <city>San Francisco</city>
        <administrativeArea>CA</administrativeArea>
        <postalCode>94118</postalCode>
        <country>UNITED_STATES</country>
    </address>
    <phone>+1 (415) 379-5189</phone>
    <electronicMailAddress>sblum@calacademy.org</electronicMailAddress>
    <role>CONTENT_PROVIDER</role>
</associatedParty>
<associatedParty>
    <individualName>
        <givenName>Sara</givenName>
      <surName>Brant</surName>
    </individualName>
    <organizationName>Museum of Southwestern Biology</organizationName>
    <positionName>Collection Manager, Parasitology</positionName>
    <address>
        <deliveryPoint>University of New Mexico</deliveryPoint>
        <city>Albuquerque</city>
        <administrativeArea>NM</administrativeArea>
        <postalCode>87131-0001</postalCode>
        <country>UNITED_STATES</country>
    </address>
    <phone>(505) 277-8171</phone>
    <electronicMailAddress>sbrant@unm.edu</electronicMailAddress>
    <role>CONTENT_PROVIDER</role>
</associatedParty>
<associatedParty>
    <individualName>
        <givenName>Ildiko</givenName>
      <surName>Szabo</surName>
    </individualName>
    <organizationName>University of British Columbia Beaty Biodiversity Museum</organizationName>
    <positionName>Assistant Curator</positionName>
    <address>
        <deliveryPoint>2212 Main Mall</deliveryPoint>
        <city>Vancouver</city>
        <administrativeArea>BC</administrativeArea>
        <postalCode>V6T 1Z4</postalCode>
        <country>CANADA</country>
    </address>
    <electronicMailAddress>ildiko@zoology.ubc.ca</electronicMailAddress>
    <role>CONTENT_PROVIDER</role>
</associatedParty>
<associatedParty>
    <individualName>
        <givenName>Jeroen</givenName>
      <surName>Willemsen</surName>
    </individualName>
    <organizationName>Field Study Group of the Dutch Mammal Society</organizationName>
    <positionName>Staff member of the Field Study Group</positionName>
    <address>
        <deliveryPoint>P.O. Box 6531</deliveryPoint>
        <city>Nijmegen</city>
        <postalCode>NL-6503 GA</postalCode>
        <country>NETHERLANDS</country>
    </address>
    <electronicMailAddress>veldwerkgroep@zoogdiervereniging.nl</electronicMailAddress>
    <role>CONTENT_PROVIDER</role>
</associatedParty>
<associatedParty>
    <organizationName>OZCAM (Online Zoological Collections of Australian Museums) Provider</organizationName>
    <role>CONTENT_PROVIDER</role>
</associatedParty>
<associatedParty>
    <individualName>
        <givenName>Jeroen</givenName>
      <surName>Willemsen</surName>
    </individualName>
    <organizationName>Field Study Group of the Dutch Mammal Society</organizationName>
    <positionName>Staff member of the Field Study Group</positionName>
    <address>
        <deliveryPoint>P.O. Box 6531</deliveryPoint>
        <city>Nijmegen</city>
        <postalCode>NL-6503 GA</postalCode>
        <country>NETHERLANDS</country>
    </address>
    <electronicMailAddress>veldwerkgroep@zoogdiervereniging.nl</electronicMailAddress>
    <role>CONTENT_PROVIDER</role>
</associatedParty>
<associatedParty>
    <individualName>
        <givenName>Gary</givenName>
      <surName>Shugart</surName>
    </individualName>
    <organizationName>Slater Museum of Natural History, University of Puget Sound</organizationName>
    <positionName>Collections Manager</positionName>
    <address>
        <deliveryPoint>1500 N. Warner</deliveryPoint>
        <city>Tacoma</city>
        <administrativeArea>WA</administrativeArea>
        <postalCode>98416</postalCode>
        <country>UNITED_STATES</country>
    </address>
    <phone>+01 253-879-3356</phone>
    <electronicMailAddress>gshugart@pugetsound.edu</electronicMailAddress>
    <role>CONTENT_PROVIDER</role>
</associatedParty>
<associatedParty>
    <individualName>
        <givenName>Doug</givenName>
      <surName>Nelson</surName>
    </individualName>
    <organizationName>Ohio State University</organizationName>
    <positionName>Director, Assoc. Professor</positionName>
    <electronicMailAddress>nelson.228@osu.edu</electronicMailAddress>
    <role>CONTENT_PROVIDER</role>
</associatedParty>
<associatedParty>
    <individualName>
      <surName>F. de Beaufort (MNHN-SFF)</surName>
    </individualName>
    <address>
        <country>FRANCE</country>
    </address>
    <role>CONTENT_PROVIDER</role>
</associatedParty>
<associatedParty>
    <individualName>
        <givenName>Cody</givenName>
      <surName>Thompson</surName>
    </individualName>
    <organizationName>University of Michigan Museum of Zoology</organizationName>
    <positionName>Mammal Collection Manager &amp; Assistant Research Scientist</positionName>
    <address>
        <deliveryPoint>1109 Geddes Avenue</deliveryPoint>
        <city>Ann Arbor</city>
        <administrativeArea>Michigan</administrativeArea>
        <postalCode>48109</postalCode>
        <country>UNITED_STATES</country>
    </address>
    <phone>(734) 615-2810</phone>
    <electronicMailAddress>cwthomp@umich.edu</electronicMailAddress>
    <role>CONTENT_PROVIDER</role>
</associatedParty>
<associatedParty>
    <individualName>
        <givenName>Sven O.</givenName>
      <surName>Kullander</surName>
    </individualName>
    <organizationName>Swedish Museum of Natural History</organizationName>
    <address>
        <city>Stockholm</city>
        <country>SWEDEN</country>
    </address>
    <electronicMailAddress>sven.kullander@nrm.se</electronicMailAddress>
    <role>CONTENT_PROVIDER</role>
</associatedParty>
<associatedParty>
    <individualName>
        <givenName>Gretchen</givenName>
      <surName>Knapp</surName>
    </individualName>
    <organizationName>John Wesley Powell-Dale Birkenholz Natural History Collections</organizationName>
    <positionName>Collections Manager</positionName>
    <address>
        <deliveryPoint>411 SLB (Science Lab Building)</deliveryPoint>
        <city>Normal</city>
        <administrativeArea>IL</administrativeArea>
        <postalCode>61790-4120</postalCode>
        <country>UNITED_STATES</country>
    </address>
    <phone>+01 309-438-5556</phone>
    <electronicMailAddress>geknapp@ilstu.edu</electronicMailAddress>
    <role>CONTENT_PROVIDER</role>
</associatedParty>
<associatedParty>
    <individualName>
        <givenName>Patrick</givenName>
      <surName>Druckenmiller</surName>
    </individualName>
    <organizationName>University of Alaska Museum</organizationName>
    <positionName>Curator of Earth Sciences</positionName>
    <address>
        <deliveryPoint>907 Yukon Drive</deliveryPoint>
        <city>Fairbanks</city>
        <administrativeArea>AK</administrativeArea>
        <postalCode>99775-6960</postalCode>
        <country>UNITED_STATES</country>
    </address>
    <phone>(907) 474-6954</phone>
    <electronicMailAddress>psdruckenmiller@alaska.edu</electronicMailAddress>
    <role>CONTENT_PROVIDER</role>
</associatedParty>
<associatedParty>
    <individualName>
        <givenName>Bradley</givenName>
      <surName>Millen</surName>
    </individualName>
    <organizationName>Royal Ontario Museum</organizationName>
    <positionName>Associate Curator</positionName>
    <address>
        <deliveryPoint>100 Queen&apos;s Park</deliveryPoint>
        <city>Toronto</city>
        <administrativeArea>Ontario</administrativeArea>
        <postalCode>M5S 2C6</postalCode>
        <country>CANADA</country>
    </address>
    <phone>1-416-586-5768</phone>
    <electronicMailAddress>bradm@rom.on.ca</electronicMailAddress>
    <role>CONTENT_PROVIDER</role>
</associatedParty>
<associatedParty>
    <individualName>
        <givenName>Charles</givenName>
      <surName>Dardia</surName>
    </individualName>
    <organizationName>Cornell University Museum of Vertebrates</organizationName>
    <positionName>Collection Manager</positionName>
    <address>
        <deliveryPoint>159 Sapsucker Woods Road</deliveryPoint>
        <city>Ithaca</city>
        <administrativeArea>NY</administrativeArea>
        <postalCode>14850-1923</postalCode>
        <country>UNITED_STATES</country>
    </address>
    <phone>+1 607-254-2161</phone>
    <electronicMailAddress>cmd7@cornell.edu</electronicMailAddress>
    <role>CONTENT_PROVIDER</role>
</associatedParty>
<associatedParty>
    <organizationName>Department of Natural Resources, Environment, The Arts and Sport, Northern Territory of Australia</organizationName>
    <address>
        <deliveryPoint>PO Box 496</deliveryPoint>
        <city>Palmerston</city>
        <administrativeArea>Northern Territory</administrativeArea>
        <postalCode>0831</postalCode>
    </address>
    <role>CONTENT_PROVIDER</role>
</associatedParty>
<associatedParty>
    <individualName>
        <givenName>MCZ</givenName>
      <surName>Harvard University</surName>
    </individualName>
    <organizationName>Museum of Comparative Zoology</organizationName>
    <address>
        <deliveryPoint>26 Oxford Street</deliveryPoint>
        <city>Cambridge</city>
        <administrativeArea>MA</administrativeArea>
        <postalCode>02138</postalCode>
        <country>UNITED_STATES</country>
    </address>
    <role>CONTENT_PROVIDER</role>
</associatedParty>
<associatedParty>
    <organizationName>Office of Environment and Heritage, Department of Premier and Cabinet representing the State of New South Wales</organizationName>
    <address>
        <deliveryPoint>59-61 Goulburn Street</deliveryPoint>
        <city>Sydney</city>
        <administrativeArea>New South Wales</administrativeArea>
        <postalCode>2000</postalCode>
        <country>AUSTRALIA</country>
    </address>
    <phone>(02) 9995 5000</phone>
    <electronicMailAddress>info@environment.nsw.gov.au</electronicMailAddress>
    <role>CONTENT_PROVIDER</role>
</associatedParty>
<associatedParty>
    <organizationName>South Australia, Department of Environment, Water and Natural Resources</organizationName>
    <role>CONTENT_PROVIDER</role>
</associatedParty>
<associatedParty>
    <individualName>
        <givenName>Norman</givenName>
      <surName>Johnson</surName>
    </individualName>
    <organizationName>Ohio State University</organizationName>
    <positionName>Director, Professor</positionName>
    <electronicMailAddress>johnson.2@osu.edu</electronicMailAddress>
    <role>CONTENT_PROVIDER</role>
</associatedParty>
<associatedParty>
    <individualName>
        <givenName>Krista</givenName>
      <surName>Fahy</surName>
    </individualName>
    <organizationName>Santa Barbara Museum of Natural History</organizationName>
    <positionName>Associate Curator</positionName>
    <address>
        <deliveryPoint>2559 Puesta del Sol</deliveryPoint>
        <city>Santa Barbara</city>
        <administrativeArea>CA</administrativeArea>
        <postalCode>93105</postalCode>
    </address>
    <phone>+01 805-682-4711 (155)</phone>
    <electronicMailAddress>kfahy@sbnature2.org</electronicMailAddress>
    <role>CONTENT_PROVIDER</role>
</associatedParty>
<associatedParty>
    <individualName>
        <givenName>David</givenName>
      <surName>Gerhard</surName>
    </individualName>
    <organizationName>New York State Museum</organizationName>
    <positionName>Director, Technology Center</positionName>
    <address>
        <deliveryPoint>3140 Cultural Education Center</deliveryPoint>
        <city>Albany</city>
        <administrativeArea>NY</administrativeArea>
        <postalCode>12230</postalCode>
        <country>UNITED_STATES</country>
    </address>
    <phone>5184745818</phone>
    <electronicMailAddress>dgerhard@mail.nysed.gov</electronicMailAddress>
    <role>CONTENT_PROVIDER</role>
</associatedParty>
<associatedParty>
    <individualName>
        <givenName>Joseph</givenName>
      <surName>Cook</surName>
    </individualName>
    <organizationName>Museum of Southwestern Biology</organizationName>
    <positionName>Curator of Mammals</positionName>
    <address>
        <deliveryPoint>University of New Mexico</deliveryPoint>
        <city>Albuquerque</city>
        <administrativeArea>NM</administrativeArea>
        <postalCode>87131-0001</postalCode>
        <country>UNITED_STATES</country>
    </address>
    <phone>(505) 277-1358</phone>
    <electronicMailAddress>cookjose@unm.edu</electronicMailAddress>
    <role>CONTENT_PROVIDER</role>
</associatedParty>
<associatedParty>
    <individualName>
        <givenName>Joseph</givenName>
      <surName>Cook</surName>
    </individualName>
    <organizationName>Museum of Southwestern Biology</organizationName>
    <positionName>Curator of Mammals</positionName>
    <address>
        <deliveryPoint>University of New Mexico</deliveryPoint>
        <city>Albuquerque</city>
        <administrativeArea>NM</administrativeArea>
        <postalCode>87131-0001</postalCode>
        <country>UNITED_STATES</country>
    </address>
    <phone>(505) 277-1358</phone>
    <electronicMailAddress>cookjose@unm.edu</electronicMailAddress>
    <role>CONTENT_PROVIDER</role>
</associatedParty>
<associatedParty>
    <individualName>
        <givenName>Janet</givenName>
      <surName>Braun</surName>
    </individualName>
    <organizationName>Sam Noble Oklahoma Museum of Natural History</organizationName>
    <positionName>Curator</positionName>
    <address>
        <deliveryPoint>2401 Chautauqua Ave.</deliveryPoint>
        <city>Norman</city>
        <administrativeArea>Oklahoma</administrativeArea>
        <postalCode>73072</postalCode>
        <country>UNITED_STATES</country>
    </address>
    <phone>405-325-0801</phone>
    <electronicMailAddress>jkbraun@ou.edu</electronicMailAddress>
    <role>CONTENT_PROVIDER</role>
</associatedParty>
<associatedParty>
    <organizationName>OZCAM (Online Zoological Collections of Australian Museums) Provider</organizationName>
    <role>CONTENT_PROVIDER</role>
</associatedParty>
<associatedParty>
    <individualName>
        <givenName>Sharon</givenName>
      <surName>Grant</surName>
    </individualName>
    <organizationName>The Field Museum of Natural History</organizationName>
    <positionName>Technology Liaison to Science</positionName>
    <address>
        <deliveryPoint>1400 S Lake Shore Drive</deliveryPoint>
        <city>Chicago</city>
        <administrativeArea>IL</administrativeArea>
        <postalCode>60605</postalCode>
        <country>UNITED_STATES</country>
    </address>
    <phone>3126657203</phone>
    <electronicMailAddress>sgrant@fieldmuseum.org</electronicMailAddress>
    <role>CONTENT_PROVIDER</role>
</associatedParty>
<associatedParty>
    <individualName>
        <givenName>Jeroen</givenName>
      <surName>Willemsen</surName>
    </individualName>
    <organizationName>Field Study Group of the Dutch Mammal Society</organizationName>
    <positionName>Staff member of the Field Study Group</positionName>
    <address>
        <deliveryPoint>P.O. Box 6531</deliveryPoint>
        <city>Nijmegen</city>
        <postalCode>NL-6503 GA</postalCode>
        <country>NETHERLANDS</country>
    </address>
    <electronicMailAddress>veldwerkgroep@zoogdiervereniging.nl</electronicMailAddress>
    <role>CONTENT_PROVIDER</role>
</associatedParty>
<associatedParty>
    <individualName>
        <givenName>Reigo</givenName>
      <surName>Roasto</surName>
    </individualName>
    <organizationName>Estonian Environment Information Center</organizationName>
    <positionName>Specialist of Nature Conservation</positionName>
    <role>CONTENT_PROVIDER</role>
</associatedParty>
<associatedParty>
    <individualName>
        <givenName>Link</givenName>
      <surName>Olson</surName>
    </individualName>
    <organizationName>University of Alaska Museum</organizationName>
    <positionName>Curator of Mammals</positionName>
    <address>
        <deliveryPoint>907 Yukon Drive</deliveryPoint>
        <city>Fairbanks</city>
        <administrativeArea>AK</administrativeArea>
        <postalCode>99775-6960</postalCode>
        <country>UNITED_STATES</country>
    </address>
    <phone>(907) 474-5998</phone>
    <electronicMailAddress>leolson@alaska.edu</electronicMailAddress>
    <role>CONTENT_PROVIDER</role>
</associatedParty>
<associatedParty>
    <individualName>
        <givenName>Stein Arild</givenName>
      <surName>Hoem</surName>
    </individualName>
    <organizationName>Artsbanken</organizationName>
    <positionName>Overingeniør</positionName>
    <address>
        <deliveryPoint>Elvegata 17</deliveryPoint>
        <city>Trondheim</city>
        <postalCode>7012</postalCode>
        <country>NORWAY</country>
    </address>
    <phone>73 59 07 92</phone>
    <electronicMailAddress>stein.hoem@artsdatabanken.no</electronicMailAddress>
    <role>CONTENT_PROVIDER</role>
</associatedParty>
<associatedParty>
    <individualName>
        <givenName>Chris</givenName>
      <surName>Conroy</surName>
    </individualName>
    <organizationName>Museum of Vertebrate Zoology, UC Berkeley</organizationName>
    <positionName>Staff Curator of Mammals</positionName>
    <address>
        <deliveryPoint>3101 Valley Life Science Building</deliveryPoint>
        <city>Berkeley</city>
        <administrativeArea>CA</administrativeArea>
        <postalCode>94720-3160</postalCode>
        <country>UNITED_STATES</country>
    </address>
    <phone>(510) 643-7709</phone>
    <electronicMailAddress>ondatra@berkeley.edu</electronicMailAddress>
    <role>CONTENT_PROVIDER</role>
</associatedParty>
<associatedParty>
    <individualName>
        <givenName>John</givenName>
      <surName>Demboski</surName>
    </individualName>
    <organizationName>Denver Museum of Nature &amp; Science</organizationName>
    <positionName>Curator of Vertebrate Zoology</positionName>
    <address>
        <deliveryPoint>2001 Colorado Blvd.</deliveryPoint>
        <city>Denver</city>
        <administrativeArea>CO</administrativeArea>
        <postalCode>80205-5798</postalCode>
        <country>UNITED_STATES</country>
    </address>
    <phone>+01 303-373-6443</phone>
    <electronicMailAddress>john.demboski@dmns.org</electronicMailAddress>
    <role>CONTENT_PROVIDER</role>
</associatedParty>
<associatedParty>
    <individualName>
        <givenName>Jake</givenName>
      <surName>Esselstyn</surName>
    </individualName>
    <organizationName>Louisiana State University Museum of Natural Science</organizationName>
    <positionName>Curator</positionName>
    <address>
        <deliveryPoint>119 Foster Hall</deliveryPoint>
        <city>Baton Rouge</city>
        <administrativeArea>LA</administrativeArea>
        <postalCode>70803</postalCode>
        <country>UNITED_STATES</country>
    </address>
    <phone>+01 225-578-3083</phone>
    <electronicMailAddress>esselstyn@lsu.edu</electronicMailAddress>
    <role>CONTENT_PROVIDER</role>
</associatedParty>
<associatedParty>
    <organizationName>Office of Environment and Heritage, Department of Premier and Cabinet representing the State of New South Wales</organizationName>
    <address>
        <deliveryPoint>59-61 Goulburn Street</deliveryPoint>
        <city>Sydney</city>
        <administrativeArea>New South Wales</administrativeArea>
        <postalCode>2000</postalCode>
        <country>AUSTRALIA</country>
    </address>
    <phone>(02) 9995 5000</phone>
    <electronicMailAddress>info@environment.nsw.gov.au</electronicMailAddress>
    <role>CONTENT_PROVIDER</role>
</associatedParty>
<associatedParty>
    <individualName>
        <givenName>Rick</givenName>
      <surName>Feeney</surName>
    </individualName>
    <organizationName>Natural History Museum of Los Angeles County</organizationName>
    <positionName>Fishes Collection Manager</positionName>
    <address>
        <deliveryPoint>900 Exposition Blvd.</deliveryPoint>
        <city>Los Angeles</city>
        <administrativeArea>CA</administrativeArea>
        <postalCode>90007</postalCode>
        <country>UNITED_STATES</country>
    </address>
    <phone>+01 213 763 3374</phone>
    <electronicMailAddress>rfeeney@nhm.org</electronicMailAddress>
    <role>CONTENT_PROVIDER</role>
</associatedParty>
<associatedParty>
    <individualName>
      <surName>A. Turpaud et B. Lequette</surName>
    </individualName>
    <address>
        <country>FRANCE</country>
    </address>
    <role>CONTENT_PROVIDER</role>
</associatedParty>
<associatedParty>
    <individualName>
        <givenName>Stein Arild</givenName>
      <surName>Hoem</surName>
    </individualName>
    <organizationName>Artsbanken</organizationName>
    <positionName>Overingeniør</positionName>
    <address>
        <deliveryPoint>Elvegata 17</deliveryPoint>
        <city>Trondheim</city>
        <postalCode>7012</postalCode>
    </address>
    <phone>73 59 07 92</phone>
    <electronicMailAddress>stein.hoem@artsdatabanken.no</electronicMailAddress>
    <role>CONTENT_PROVIDER</role>
</associatedParty>
<associatedParty>
    <individualName>
        <givenName>Thomas</givenName>
      <surName>Orrell</surName>
    </individualName>
    <organizationName>National Museum of National History, Smithsonian Institution</organizationName>
    <positionName>Branch Chief, NMNH Informatics</positionName>
    <address>
        <deliveryPoint>12th St. and Constitution Ave. NW, MRC 136</deliveryPoint>
        <city>Washington</city>
        <administrativeArea>DC</administrativeArea>
        <postalCode>20013-7012</postalCode>
        <country>UNITED_STATES</country>
    </address>
    <phone>202-633-2151</phone>
    <electronicMailAddress>orrellt@si.edu</electronicMailAddress>
    <role>CONTENT_PROVIDER</role>
</associatedParty>
<associatedParty>
    <organizationName>OZCAM (Online Zoological Collections of Australian Museums) Provider</organizationName>
    <role>CONTENT_PROVIDER</role>
</associatedParty>
<associatedParty>
    <address>
        <country>FRANCE</country>
    </address>
    <role>CONTENT_PROVIDER</role>
</associatedParty>
<associatedParty>
    <individualName>
        <givenName>Norm</givenName>
      <surName>Slade</surName>
    </individualName>
    <organizationName>KU Biodiversity Institute</organizationName>
    <positionName>Curator Emeritus of Mammalogy</positionName>
    <address>
        <deliveryPoint>1345 Jayhawk Blvd</deliveryPoint>
        <city>Lawrence</city>
        <administrativeArea>KS</administrativeArea>
        <postalCode>66045</postalCode>
        <country>UNITED_STATES</country>
    </address>
    <phone>+01 785-864-3673</phone>
    <electronicMailAddress>slade@ku.edu</electronicMailAddress>
    <role>CONTENT_PROVIDER</role>
</associatedParty>
<associatedParty>
    <organizationName>OZCAM (Online Zoological Collections of Australian Museums) Provider</organizationName>
    <role>CONTENT_PROVIDER</role>
</associatedParty>
<associatedParty>
    <organizationName>Citizen Science - ALA Website</organizationName>
    <role>CONTENT_PROVIDER</role>
</associatedParty>
<associatedParty>
    <individualName>
      <surName>blasbenito</surName>
    </individualName>
    <role>AUTHOR</role>
</associatedParty>
<associatedParty>
    <individualName>
      <surName>GBIF Download Service</surName>
    </individualName>
    <role>ORIGINATOR</role>
</associatedParty>
<associatedParty>
    <individualName>
      <surName>GBIF Download Service</surName>
    </individualName>
    <role>METADATA_AUTHOR</role>
</associatedParty>
<pubDate>
        2014-04-17
</pubDate>
<language>ENGLISH</language>
<abstract>
  <para>A dataset containing all occurrences available in GBIF matching the query: {&quot;type&quot;:&quot;and&quot;,&quot;predicates&quot;:[{&quot;type&quot;:&quot;equals&quot;,&quot;key&quot;:&quot;HAS_COORDINATE&quot;,&quot;value&quot;:&quot;true&quot;},{&quot;type&quot;:&quot;equals&quot;,&quot;key&quot;:&quot;SPATIAL_ISSUES&quot;,&quot;value&quot;:&quot;false&quot;},{&quot;type&quot;:&quot;equals&quot;,&quot;key&quot;:&quot;TAXON_KEY&quot;,&quot;value&quot;:&quot;5219173&quot;}]}&lt;br/&gt;The dataset includes records from the following constituent datasets. The full metadata for each constituent is also included in this archive:&lt;br/&gt;1 records from Occurrence of mammalia relicts at site Erbiceni&lt;br/&gt;1 records from Occurrence of mammalia relicts at site Dolni Vestonice&lt;br/&gt;1 records from Occurrence of mammalia relicts at site Gönnersdorf&lt;br/&gt;1 records from New Mexico Biodiversity Collections Consortium database&lt;br/&gt;1 records from Occurrence of mammalia relicts at site Stellmoor&lt;br/&gt;1 records from Occurrence of mammalia relicts at site Joint Mitnor Cave&lt;br/&gt;1 records from Coleccion de sonidos ambientales&lt;br/&gt;1 records from Occurrence of mammalia relicts at site Kesslerloch&lt;br/&gt;1 records from Occurrence of mammalia relicts at site Erdhöhle&lt;br/&gt;1 records from Occurrence of mammalia relicts at site Wretton&lt;br/&gt;1 records from Occurrence of mammalia relicts at site Lehringen&lt;br/&gt;1 records from Occurrence of mammalia relicts at site Risovaca&lt;br/&gt;1 records from Occurrence of mammalia relicts at site Kogelstein&lt;br/&gt;1 records from Record, the Biodiversity Information System for Cheshire, Halton, Warrington and the Wirral - RECORD other mammal data up to current day&lt;br/&gt;1 records from Occurrence of mammalia relicts at site Roter Berg bei Saalfeld&lt;br/&gt;1 records from Museu de Ciències Naturals de Barcelona: MCNB-Cord&lt;br/&gt;1 records from Occurrence of mammalia relicts at site Barrington&lt;br/&gt;1 records from Occurrence of mammalia relicts at site Fohlenhaus-Höhlen&lt;br/&gt;1 records from Occurrence of mammalia relicts at site Bettelküche&lt;br/&gt;1 records from Occurrence of mammalia relicts at site Gura Cheii-Rasnov&lt;br/&gt;1 records from Occurrence of mammalia relicts at site Kirkdale Cave&lt;br/&gt;1 records from Occurrence of mammalia relicts at site l´Abri du Pont d´Ambon&lt;br/&gt;1 records from ISU Mammals&lt;br/&gt;1 records from Akita Prefectural Museum＋Mammalians Specimens of Akita Prefectural Museum&lt;br/&gt;1 records from Sistematización de las colecciones científicas del Instituto de Historia Natural y Ecología, (IHNE) Chiapas&lt;br/&gt;1 records from CUMV Mammal Collection (Arctos)&lt;br/&gt;1 records from Occurrence of mammalia relicts at site Villa Seckendorff&lt;br/&gt;1 records from Occurrence of mammalia relicts at site Buchenloch&lt;br/&gt;1 records from Occurrence of mammalia relicts at site l´Abri de Combe-Cullier&lt;br/&gt;1 records from Occurrence of mammalia relicts at site Pestera lui Climente I&lt;br/&gt;1 records from Occurrence of mammalia relicts at site Predmosti&lt;br/&gt;1 records from Occurrence of mammalia relicts at site l´Abri du Flageolet I&lt;br/&gt;1 records from Occurrence of mammalia relicts at site Rislisberghöhle&lt;br/&gt;1 records from Occurrence of mammalia relicts at site Felsställe&lt;br/&gt;1 records from Occurrence of mammalia relicts at site Willments Pit&lt;br/&gt;1 records from Occurrence of mammalia relicts at site Kugelsteinhöhle II&lt;br/&gt;1 records from Occurrence of mammalia relicts at site Niederlehme&lt;br/&gt;1 records from Anymals+plants - Citizen Science Data&lt;br/&gt;1 records from Occurrence of mammalia relicts at site Adler Cave xx&lt;br/&gt;1 records from Occurrence of mammalia relicts at site Pavlov&lt;br/&gt;1 records from Occurrence of mammalia relicts at site la Grotte des Fees&lt;br/&gt;1 records from Occurrence of mammalia relicts at site Euerwanger Bühl&lt;br/&gt;1 records from Occurrence of mammalia relicts at site Oelknitz&lt;br/&gt;1 records from Occurrence of mammalia relicts at site Große Ofnethöhle&lt;br/&gt;1 records from Occurrence of mammalia relicts at site Crayford&lt;br/&gt;1 records from Occurrence of mammalia relicts at site Picken´s Hole&lt;br/&gt;1 records from Rapid Assessment Program (RAP) Biodiversity Survey Database&lt;br/&gt;1 records from Occurrence of mammalia relicts at site Vraona Cave&lt;br/&gt;1 records from Occurrence of mammalia relicts at site Falkensteinhöhle&lt;br/&gt;1 records from Occurrence of mammalia relicts at site Salzgitter-Lebenstedt&lt;br/&gt;1 records from Occurrence of mammalia relicts at site Dendermonde&lt;br/&gt;1 records from Occurrence of mammalia relicts at site Grotte de la Martine&lt;br/&gt;1 records from Occurrence of mammalia relicts at site Ettingen&lt;br/&gt;1 records from Occurrence of mammalia relicts at site Ochoz Cave&lt;br/&gt;1 records from Glasgow Museums BRC - Mammal records for Clyde Faunal Area, 1850 to 2007&lt;br/&gt;1 records from Occurrence of mammalia relicts at site Felsdach Inzighofen&lt;br/&gt;1 records from Occurrence of mammalia relicts at site Oberkassel bei Bonn&lt;br/&gt;1 records from Occurrence of mammalia relicts at site Klithi&lt;br/&gt;1 records from Occurrence of mammalia relicts at site Valea Sesii Cave&lt;br/&gt;1 records from Countryside Council for Wales - Welsh Invertebrate Database (WID)&lt;br/&gt;1 records from Occurrence of mammalia relicts at site le Roc de Marcamps&lt;br/&gt;1 records from Inventario de los mamíferos de las reservas de la biósfera Mapimí, La Michilía, El Cielo y Calakmul&lt;br/&gt;1 records from Occurrence of mammalia relicts at site Tokod-Nagyberek&lt;br/&gt;1 records from Occurrence of mammalia relicts at site Barova Cave&lt;br/&gt;1 records from Occurrence of mammalia relicts at site Gamssulzenhöhle&lt;br/&gt;1 records from Occurrence of mammalia relicts at site Sernesul Rece Cave&lt;br/&gt;1 records from Occurrence of mammalia relicts at site Pestera Hotilor&lt;br/&gt;1 records from Occurrence of mammalia relicts at site Subalyuk&lt;br/&gt;1 records from Occurrence of mammalia relicts at site Icoana&lt;br/&gt;1 records from Occurrence of mammalia relicts at site Rotselaar&lt;br/&gt;2 records from Occurrence of mammalia relicts at site Felsställe&lt;br/&gt;2 records from Occurrence of mammalia relicts at site Pestera Magura&lt;br/&gt;2 records from Occurrence of mammalia relicts at site Bedburg-Königshoven&lt;br/&gt;2 records from Occurrence of mammalia relicts at site Sandalja II&lt;br/&gt;2 records from Occurrence of mammalia relicts at site Kartstein&lt;br/&gt;2 records from Mammal tissues, Division of Genomic Resources, UNM, Albuquerque, NM.&lt;br/&gt;2 records from Occurrence of mammalia relicts at site Wallertheim&lt;br/&gt;2 records from Occurrence of mammalia relicts at site Igrita Cave&lt;br/&gt;2 records from Occurrence of mammalia relicts at site Burghöhle Dietfurt&lt;br/&gt;2 records from Colección de Mamíferos del Museo de Zoología &apos;Alfonso L . Herrera&apos;, México (MZFC, UNAM)&lt;br/&gt;2 records from Occurrence of mammalia relicts at site Fuchsenloch&lt;br/&gt;2 records from Occurrence of mammalia relicts at site Schweizerbild&lt;br/&gt;2 records from Occurrence of mammalia relicts at site la Grotte du Thai&lt;br/&gt;2 records from Colección científica del Museo de Historia Natural Alfredo Dugés&lt;br/&gt;2 records from Occurrence of mammalia relicts at site Kniegrotte&lt;br/&gt;2 records from Occurrence of mammalia relicts at site Großes Schulerloch&lt;br/&gt;2 records from Occurrence of mammalia relicts at site Vindija&lt;br/&gt;2 records from Occurrence of mammalia relicts at site la Grotte Maldidier&lt;br/&gt;2 records from Occurrence of mammalia relicts at site Zemst Bos van A&lt;br/&gt;2 records from Occurrence of mammalia relicts at site Jaskinia Niedwiedzia&lt;br/&gt;2 records from Occurrence of mammalia relicts at site Smolucka Pecina&lt;br/&gt;2 records from Herdengelhoehle taxa and datings&lt;br/&gt;2 records from Occurrence of mammalia relicts at site Kalman Lambrecht Cave&lt;br/&gt;2 records from Occurrence of mammalia relicts at site Castlepook Cave&lt;br/&gt;2 records from Occurrence of mammalia relicts at site Malerfels_I&lt;br/&gt;2 records from Occurrence of mammalia relicts at site Sveduv stul&lt;br/&gt;2 records from Estación Experimental de Zonas Áridas (CSIC) EEZA-Mamif&lt;br/&gt;2 records from Fieldjournal.org observation database&lt;br/&gt;2 records from Occurrence of mammalia relicts at site Stematia&lt;br/&gt;3 records from Occurrence of mammalia relicts at site Koziarna Cave&lt;br/&gt;3 records from Occurrence of mammalia relicts at site Remetehegy&lt;br/&gt;3 records from Occurrence of mammalia relicts at site Teufelsbrücke&lt;br/&gt;3 records from Occurrence of mammalia relicts at site Pestera Bursucilor&lt;br/&gt;3 records from Occurrence of mammalia relicts at site Einhornhöhle&lt;br/&gt;3 records from Occurrence of mammalia relicts at site Pilisszanto 1&lt;br/&gt;3 records from Occurrence of mammalia relicts at site l´Abri de la Ferrassie&lt;br/&gt;3 records from MSB Mammal Observations (Arctos)&lt;br/&gt;3 records from Occurrence of mammalia relicts at site Goyet Cave 3&lt;br/&gt;3 records from Occurrence of mammalia relicts at site Tornewton Cave&lt;br/&gt;3 records from Occurrence of mammalia relicts at site Vogelherd/Lonetal&lt;br/&gt;3 records from Occurrence of mammalia relicts at site l´Abri des Battuts I&lt;br/&gt;3 records from Computarización de la Colección Nacional de mamíferos del Instituto de Biología, UNAM&lt;br/&gt;3 records from Occurrence of mammalia relicts at site Zawalona Cave&lt;br/&gt;3 records from Occurrence of mammalia relicts at site Pestera Livadita&lt;br/&gt;3 records from Occurrence of mammalia relicts at site l´Abri des Battuts I&lt;br/&gt;3 records from Occurrence of mammalia relicts at site Nietoperzowa&lt;br/&gt;4 records from Occurrence of mammalia relicts at site l´Abri de Campalou&lt;br/&gt;4 records from Occurrence of mammalia relicts at site Wildenscheuer Cave&lt;br/&gt;4 records from Occurrence of mammalia relicts at site Hunas&lt;br/&gt;4 records from Occurrence of mammalia relicts at site l´Abri du Morin&lt;br/&gt;4 records from Occurrence of mammalia relicts at site Moladova V&lt;br/&gt;4 records from Occurrence of mammalia relicts at site Climauti II&lt;br/&gt;4 records from Occurrence of mammalia relicts at site L´Abri Duruthy&lt;br/&gt;4 records from Bird and Mammal specimens&lt;br/&gt;5 records from AMNH Mammal Collections&lt;br/&gt;5 records from Field Study Group of the Dutch Mammal Society (NL) - 2005 - Mammal Survey Pol&apos;ana Biosphere reserve, Slovakia&lt;br/&gt;5 records from Occurrence of mammalia relicts at site Krapina&lt;br/&gt;5 records from MfN - Fossil vertebrates IV&lt;br/&gt;5 records from Occurrence of mammalia relicts at site Laugerie-Haut e-Ouest&lt;br/&gt;5 records from Occurrence of mammalia relicts at site Bocksteingrotte/Lonetal&lt;br/&gt;5 records from Occurrence of mammalia relicts at site Geißenklösterle&lt;br/&gt;6 records from Occurrence of mammalia relicts at site Lespezi-Lutarie&lt;br/&gt;6 records from Occurrence of mammalia relicts at site Pestera la Adam&lt;br/&gt;6 records from UAM Earth Sciences Collection (Arctos)&lt;br/&gt;6 records from Occurrence of mammalia relicts at site Sirgenstein&lt;br/&gt;6 records from Occurrence of mammalia relicts at site Laugerie-Haut e-Est&lt;br/&gt;7 records from Occurrence of mammalia relicts at site Sirgenstein Cave&lt;br/&gt;7 records from Occurrence of mammalia relicts at site l´Abri de la Madeleine&lt;br/&gt;7 records from Occurrence of mammalia relicts at site Roc de Combe&lt;br/&gt;7 records from Occurrence of mammalia relicts at site Veternica&lt;br/&gt;7 records from Animal Sound Archive&lt;br/&gt;7 records from NMNH occurrence DwC-A&lt;br/&gt;7 records from Individual Sightings&lt;br/&gt;8 records from Occurrence of mammalia relicts at site Grotte Scladina&lt;br/&gt;8 records from Occurrence of mammalia relicts at site Gare de Couze-Serie 2&lt;br/&gt;8 records from Occurrence of mammalia relicts at site Pestera Cioarei&lt;br/&gt;8 records from Occurrence of mammalia relicts at site Pestera Cioarei&lt;br/&gt;9 records from Queen Victoria Museum Art Gallery provider for OZCAM&lt;br/&gt;9 records from Occurrence of mammalia relicts at site Stadel im Hohlenstein&lt;br/&gt;9 records from Occurrence of mammalia relicts at site Weinberghöhlen/Mauern&lt;br/&gt;9 records from Occurrence of mammalia relicts at site Bocksteinschmiede&lt;br/&gt;9 records from Inventaire National du Patrimoine Naturel (I216) : Inventaire du Parc national du Mercantour&lt;br/&gt;9 records from Occurrence of mammalia relicts at site Pod hradem&lt;br/&gt;10 records from Occurrence of mammalia relicts at site Raj Cave&lt;br/&gt;10 records from Field Study Group of the Dutch Mammal Society (NL) - 2012 - Mammal Survey Galicia, Spain&lt;br/&gt;11 records from CNMA/Colección Nacional de mamíferos&lt;br/&gt;13 records from SBMNH Vertebrate Zoology&lt;br/&gt;13 records from RBINS collections&lt;br/&gt;14 records from Museum of Comparative Zoology, Harvard University&lt;br/&gt;14 records from Occurrence of mammalia relicts at site Velika Pecina&lt;br/&gt;16 records from National System of Protected Areas in Poland - Animals&lt;br/&gt;17 records from inatura - Erlebnis Naturschau Dornbirn&lt;br/&gt;17 records from Cumbria Biodiversity Data Centre - Cumbria Biodiversity Data Centre. Vertebrate Observation Records, other than Birds. Pre-2010 for Cumbria &lt;br/&gt;17 records from Field Study Group of the Dutch Mammal Society (NL) - 2003 - Mammal Survey Alvao Natural Park, Portugal&lt;br/&gt;21 records from Mammal Specimens&lt;br/&gt;24 records from DMNS Mammal Collection (Arctos)&lt;br/&gt;24 records from Occurrence of mammalia relicts at site Brillenhöhle&lt;br/&gt;25 records from NRM-Mammals&lt;br/&gt;26 records from LSUMZ Mammals Collection&lt;br/&gt;27 records from Rotherham Biological Records Centre - Rotherham Biological Records Centre - Non-sensitive Records from all taxonomic groups&lt;br/&gt;28 records from Peabody Mammalogy DiGIR Service&lt;br/&gt;28 records from Mammals housed at MHNG, Geneva&lt;br/&gt;28 records from Norwegian Species Observation Service&lt;br/&gt;29 records from Colección Nacional de Mastozoología - Museo Argentino de Ciencias Naturales &apos;Bernardino Rivadavia&apos;&lt;br/&gt;30 records from NYSM Mammals&lt;br/&gt;31 records from Mammal Collection&lt;br/&gt;32 records from CAS Mammalogy (MAM)&lt;br/&gt;38 records from Mammals Specimens&lt;br/&gt;38 records from LACM Vertebrate Collection&lt;br/&gt;42 records from Museum Victoria provider for OZCAM&lt;br/&gt;50 records from Macaulay Library Audio and Video Collection&lt;br/&gt;51 records from MSB Host Collection (Arctos)&lt;br/&gt;56 records from South Australian Museum Australia provider for OZCAM&lt;br/&gt;59 records from Mammal collection, Natural History Museum, University of Oslo&lt;br/&gt;73 records from iNaturalist research-grade observations&lt;br/&gt;82 records from UMMZ Mammal Collection&lt;br/&gt;86 records from Paleobiology Database&lt;br/&gt;88 records from KUBI Mammalogy Collection&lt;br/&gt;89 records from PSM Vertebrates Collection&lt;br/&gt;95 records from Vertebrate specimens&lt;br/&gt;115 records from MVZ Mammal Collection (Arctos)&lt;br/&gt;122 records from Borror Lab of Bioacoustics (BLB), Ohio State University&lt;br/&gt;122 records from Borror Laboratory of Bioacoustics&lt;br/&gt;139 records from Field Museum of Natural History (Zoology) Mammal Collection&lt;br/&gt;159 records from Australian Museum provider for OZCAM&lt;br/&gt;167 records from Mammalogy Collection - Royal Ontario Museum&lt;br/&gt;175 records from Biological and palaeontological collection and observation data MNHNL&lt;br/&gt;182 records from MSB Mammal Collection (Arctos)&lt;br/&gt;235 records from Western Australian Museum provider for OZCAM&lt;br/&gt;244 records from C.A. Triplehorn Insect Collection (OSUC), Ohio State University&lt;br/&gt;387 records from Cowan Tetrapod Collection - Mammals&lt;br/&gt;486 records from Estonian Nature Observations Database&lt;br/&gt;856 records from Israel Nature and Parks Authority&lt;br/&gt;1157 records from Ministerio de Medio Ambiente, y Medio Rural y Marino. Dirección General de Medio Natural y Política Forestal. Inventario Nacional de Biodiversidad 2007, Mamíferos&lt;br/&gt;1760 records from UAM Mammal Collection (Arctos)&lt;br/&gt;1950 records from Fauna Atlas N.T.&lt;br/&gt;2167 records from Australian National Wildlife Collection provider for OZCAM&lt;br/&gt;2367 records from South Australia Fauna Observations&lt;br/&gt;3701 records from Norwegian Biodiversity Information Centre - Other datasets&lt;br/&gt;9426 records from OEH Atlas of NSW Wildlife&lt;br/&gt;10353 records from OEH Atlas of NSW Wildlife&lt;br/&gt;12552 records from Inventaire National du Patrimoine Naturel (I039) : Enquête carnivores&lt;br/&gt;27957 records from Inventaire National du Patrimoine Naturel : Loup en France&lt;br/&gt;</para>
</abstract>

</dataset>

<additionalMetadata>
  <metadata>
    <gbif>
        <citation identifier="0000960-140414153444004">GBIF Occurrence Download 0000960-140414153444004</citation>
          <physical>
            <objectName></objectName>
            <characterEncoding>UTF-8</characterEncoding>
            <dataFormat>
              <externallyDefinedFormat>
                <formatName>Darwin Core Archive</formatName>
              </externallyDefinedFormat>
            </dataFormat>
            <distribution>
              <online>
                <url function="download">http://api.gbif.org/v0.9/occurrence/download/request/0000960-140414153444004.zip</url>
              </online>
            </distribution>
          </physical>
    </gbif>
  </metadata>
</additionalMetadata>

</eml:eml>
