<eml:eml xmlns:eml="eml://ecoinformatics.org/eml-2.1.1"
         xmlns:xsi="http://www.w3.org/2001/XMLSchema-instance"
         xsi:schemaLocation="eml://ecoinformatics.org/eml-2.1.1 http://rs.gbif.org/schema/eml-gbif-profile/1.0.2/eml.xsd"
         packageId="68c30283-d2a7-4742-96cb-52e249598ff9" system="http://gbif.org" scope="system"
         xml:lang="en">

<dataset>
    <alternateIdentifier system="GBIF_PORTAL">14648</alternateIdentifier>
  <title>Entomological Specimens of Museum of Nature and Human Activities, Hyogo Pref., Japan</title>
<creator>
</creator>
<metadataProvider>
</metadataProvider>
<language>en</language>
<abstract>
  <para>Insect Specimens deposited in Museum of Nature and Human Activities, Hyogo Pref., Japan.</para>
</abstract>
  <contact>
    <address>
        <deliveryPoint>JP</deliveryPoint>
    </address>
    <electronicMailAddress>ezaki@hitohaku.jp</electronicMailAddress>
  </contact>

</dataset>

<additionalMetadata>
  <metadata>
    <gbif>
        <dateStamp>2013-04-11T03:07:15.000+02:00</dateStamp>
        <citation>National Institute of Genetics, ROIS: Entomological Specimens of Museum of Nature and Human Activities, Hyogo Pref., Japan</citation>
    </gbif>
  </metadata>
</additionalMetadata>

</eml:eml>
