<eml:eml xmlns:eml="eml://ecoinformatics.org/eml-2.1.1"
         xmlns:xsi="http://www.w3.org/2001/XMLSchema-instance"
         xsi:schemaLocation="eml://ecoinformatics.org/eml-2.1.1 http://rs.gbif.org/schema/eml-gbif-profile/1.0.2/eml.xsd"
         packageId="77ecd330-b09e-11e2-a01d-00145eb45e9a" system="http://gbif.org" scope="system"
         xml:lang="en">

<dataset>
    <alternateIdentifier system="GBIF_PORTAL">14856</alternateIdentifier>
  <title>Insekten Sachsen</title>
<creator>
</creator>
<metadataProvider>
</metadataProvider>
<associatedParty>
    <address>
        <deliveryPoint>Matthias Nuss</deliveryPoint>
    </address>
    <phone>+49 351 7958 414 337</phone>
    <electronicMailAddress>matthias.nuss@senckenberg.de</electronicMailAddress>
    <role>ADMINISTRATIVE_POINT_OF_CONTACT</role>
</associatedParty>
<associatedParty>
    <address>
        <deliveryPoint>Kunert Business Software GmbH</deliveryPoint>
    </address>
    <phone>03413559270</phone>
    <electronicMailAddress>gregor.kunert@kbs-leipzig.de</electronicMailAddress>
    <role>TECHNICAL_POINT_OF_CONTACT</role>
</associatedParty>
<language>en</language>
<abstract>
  <para>Insekten Sachsen (Insects of Saxony, Germany)</para>
</abstract>
  <contact>
    <address>
        <deliveryPoint>Matthias Nuss</deliveryPoint>
    </address>
    <phone>+49 351 7958 414 337</phone>
    <electronicMailAddress>matthias.nuss@senckenberg.de</electronicMailAddress>
  </contact>

</dataset>

<additionalMetadata>
  <metadata>
    <gbif>
        <dateStamp>2014-01-13T11:32:03.021+01:00</dateStamp>
        <citation>Senckenberg: Insekten Sachsen</citation>
    </gbif>
  </metadata>
</additionalMetadata>

</eml:eml>
