<eml:eml xmlns:eml="eml://ecoinformatics.org/eml-2.1.1"
         xmlns:xsi="http://www.w3.org/2001/XMLSchema-instance"
         xsi:schemaLocation="eml://ecoinformatics.org/eml-2.1.1 http://rs.gbif.org/schema/eml-gbif-profile/1.0.2/eml.xsd"
         packageId="7a518c06-f762-11e1-a439-00145eb45e9a" system="http://gbif.org" scope="system"
         xml:lang="en">

<dataset>
    <alternateIdentifier system="GBIF_PORTAL">11273</alternateIdentifier>
  <title>Akita Prefectural Museum, Insect Collection</title>
<creator>
</creator>
<metadataProvider>
</metadataProvider>
<associatedParty>
    <positionName>Technical</positionName>
    <phone>+81-018-833-4121</phone>
    <electronicMailAddress>akitamus@nifty.com</electronicMailAddress>
</associatedParty>
<language>en</language>
<abstract>
  <para>Insect specimens collected mainly in Akita Prefecture, Honshu, Japan.</para>
</abstract>
  <distribution scope="document">
    <online>
      <url function="information">http://homepage3.nifty.com/akitamus/english-page.htm</url>
    </online>
  </distribution>

</dataset>

<additionalMetadata>
  <metadata>
    <gbif>
        <dateStamp>2014-03-04T11:59:10.841+01:00</dateStamp>
        <citation>National Museum of Nature and Science, Japan: Akita Prefectural Museum, Insect Collection</citation>
    </gbif>
  </metadata>
</additionalMetadata>

</eml:eml>
