<eml:eml xmlns:eml="eml://ecoinformatics.org/eml-2.1.1"
         xmlns:xsi="http://www.w3.org/2001/XMLSchema-instance"
         xsi:schemaLocation="eml://ecoinformatics.org/eml-2.1.1 http://rs.gbif.org/schema/eml-gbif-profile/1.0.2/eml.xsd"
         packageId="7b5bc5ba-4972-4876-b35a-3f9aac590fe5" system="http://gbif.org" scope="system"
         xml:lang="en">

<dataset>
    <alternateIdentifier system="GBIF_PORTAL">14088</alternateIdentifier>
  <title>Data on moths from automatically operating light traps in Denmark</title>
<creator>
</creator>
<metadataProvider>
</metadataProvider>
<language>en</language>
<abstract>
  <para>Description currently unavailable.</para>
</abstract>
  <contact>
    <address>
        <deliveryPoint>Natural History Museum of Denmark, Universitetsparken 15, Copenhagen DK, 2100</deliveryPoint>
    </address>
    <phone>+45 353-21103</phone>
    <electronicMailAddress>ICalabuig@snm.ku.dk</electronicMailAddress>
  </contact>

</dataset>

<additionalMetadata>
  <metadata>
    <gbif>
        <dateStamp>2013-08-14T11:32:09.000+02:00</dateStamp>
        <citation>Lepidopterological Society, Denmark: Data on moths from automatically operating light traps in Denmark</citation>
    </gbif>
  </metadata>
</additionalMetadata>

</eml:eml>
