<eml:eml xmlns:eml="eml://ecoinformatics.org/eml-2.1.1"
         xmlns:xsi="http://www.w3.org/2001/XMLSchema-instance"
         xsi:schemaLocation="eml://ecoinformatics.org/eml-2.1.1 http://rs.gbif.org/schema/eml-gbif-profile/1.0.2/eml.xsd"
         packageId="811bed92-f762-11e1-a439-00145eb45e9a" system="http://gbif.org" scope="system"
         xml:lang="en">

<dataset>
    <alternateIdentifier system="GBIF_PORTAL">13485</alternateIdentifier>
  <title>Ibaraki Nature Museum, Arthropoda collection</title>
<creator>
</creator>
<metadataProvider>
</metadataProvider>
<associatedParty>
    <positionName>Chief museum edicator</positionName>
    <phone>+81-297-38-2000</phone>
    <electronicMailAddress>hisamatsu@nat.pref.ibaraki.jp</electronicMailAddress>
</associatedParty>
<associatedParty>
    <positionName>Chief museum edicator</positionName>
    <phone>+81-297-38-2000</phone>
    <electronicMailAddress>hisamatsu@nat.pref.ibaraki.jp</electronicMailAddress>
</associatedParty>
<language>en</language>
<abstract>
  <para>Arthropoda specimens deposited in the Ibaraki Nature Museum</para>
</abstract>
  <distribution scope="document">
    <online>
      <url function="information">http://www.nat.pref.ibaraki.jp/english/index.html</url>
    </online>
  </distribution>

</dataset>

<additionalMetadata>
  <metadata>
    <gbif>
        <dateStamp>2014-03-04T11:57:03.093+01:00</dateStamp>
        <citation>National Museum of Nature and Science, Japan: Ibaraki Nature Museum, Arthropoda collection</citation>
    </gbif>
  </metadata>
</additionalMetadata>

</eml:eml>
