<eml:eml xmlns:eml="eml://ecoinformatics.org/eml-2.1.1"
         xmlns:xsi="http://www.w3.org/2001/XMLSchema-instance"
         xsi:schemaLocation="eml://ecoinformatics.org/eml-2.1.1 http://rs.gbif.org/schema/eml-gbif-profile/1.0.2/eml.xsd"
         packageId="857bce66-f762-11e1-a439-00145eb45e9a" system="http://gbif.org" scope="system"
         xml:lang="en">

<dataset>
    <alternateIdentifier system="GBIF_PORTAL">1104</alternateIdentifier>
  <title>Biologiezentrum Linz</title>
<creator>
</creator>
<metadataProvider>
</metadataProvider>
<language>en</language>
<abstract>
  <para>ZOBODAT (Zoological Botanical Database)</para>
</abstract>
  <intellectualRights>
    <para>free</para>
  </intellectualRights>

</dataset>

<additionalMetadata>
  <metadata>
    <gbif>
        <dateStamp>2012-12-18T03:30:57.000+01:00</dateStamp>
        <citation>Biologiezentrum Linz Oberoesterreich: Biologiezentrum Linz</citation>
        <resourceLogoUrl>http://www.biologiezentrum.at/biowww/de/images/biologo.gif</resourceLogoUrl>
    </gbif>
  </metadata>
</additionalMetadata>

</eml:eml>
