<eml:eml xmlns:eml="eml://ecoinformatics.org/eml-2.1.1"
         xmlns:xsi="http://www.w3.org/2001/XMLSchema-instance"
         xsi:schemaLocation="eml://ecoinformatics.org/eml-2.1.1 http://rs.gbif.org/schema/eml-gbif-profile/1.0.2/eml.xsd"
         packageId="8612280c-f762-11e1-a439-00145eb45e9a" system="http://gbif.org" scope="system"
         xml:lang="en">

<dataset>
    <alternateIdentifier system="GBIF_PORTAL">1799</alternateIdentifier>
  <title>Lepidopteran specimens of Iwate Prefectural Museum</title>
<creator>
</creator>
<metadataProvider>
</metadataProvider>
<associatedParty>
    <positionName>Curator</positionName>
    <phone>+81-19-661-2831</phone>
    <electronicMailAddress>suzukim@iwapmus.jp</electronicMailAddress>
</associatedParty>
<associatedParty>
    <positionName>Curator</positionName>
    <phone>+81-19-661-2831</phone>
    <electronicMailAddress>suzukim@iwapmus.jp</electronicMailAddress>
</associatedParty>
<language>en</language>
<abstract>
  <para>Lepidopteran specimens from Japan, deposited in Iwate Prefectural Museum (part).</para>
</abstract>
  <distribution scope="document">
    <online>
      <url function="information">http://www.pref.iwate.jp/~hp0910/english/index.html</url>
    </online>
  </distribution>

</dataset>

<additionalMetadata>
  <metadata>
    <gbif>
        <dateStamp>2014-03-04T11:55:20.348+01:00</dateStamp>
        <citation>National Museum of Nature and Science, Japan: Lepidopteran specimens of Iwate Prefectural Museum</citation>
    </gbif>
  </metadata>
</additionalMetadata>

</eml:eml>
