<eml:eml xmlns:eml="eml://ecoinformatics.org/eml-2.1.1"
         xmlns:xsi="http://www.w3.org/2001/XMLSchema-instance"
         xsi:schemaLocation="eml://ecoinformatics.org/eml-2.1.1 http://rs.gbif.org/schema/eml-gbif-profile/1.0.2/eml.xsd"
         packageId="867b3fb8-f762-11e1-a439-00145eb45e9a" system="http://gbif.org" scope="system"
         xml:lang="en">

<dataset>
    <alternateIdentifier system="GBIF_PORTAL">1934</alternateIdentifier>
  <title>European Moth Nights</title>
<creator>
</creator>
<metadataProvider>
</metadataProvider>
<associatedParty>
    <positionName>Mr.</positionName>
    <phone>+358-45-1349427</phone>
    <electronicMailAddress>hannu@bioshare.com</electronicMailAddress>
</associatedParty>
<associatedParty>
    <positionName>Dr.</positionName>
    <electronicMailAddress>mailto:ladislaus.reser@lu.ch</electronicMailAddress>
</associatedParty>
<language>en</language>
<abstract>
  <para>The main goal of the European Moth Night (EMN) events is to establish contacts between moth collectors in Europe, to create a geographically wide-ranging snapshot of moths flying in the same period, as well as to draw attention to moths in general, to their significant presence in nature and their current protection requirements.

EMN data is collected by hundreds of volunteers and submitted through national coordinators to the central processing group at the Lepidopterological Society of Hungary and the Entomological Society of Luzern, Switzerland. 

Until now, there has been one event per year starting in 2004.

Bioshare Data Repository hosts a copy of the EMN data with the sole purpose to feed it to the Global Biodiversity Information Facility network.  Some data processing like extraction and transformation of coordinates has been done for that purpose.  Access the data at GBIF using this URL: http://data.gbif.org/datasets/resource/1934</para>
</abstract>
  <intellectualRights>
    <para>Any data gained from the results of the European Moth Nights and the full text or shortened version of the relevant scientific balance complete with maps may be freely used for further scientific, nature conservancy or educational purposes. Only the indic</para>
  </intellectualRights>
  <distribution scope="document">
    <online>
      <url function="information">http://www.bioshare.net/dabuh/collection645670/resource053075</url>
    </online>
  </distribution>

</dataset>

<additionalMetadata>
  <metadata>
    <gbif>
        <dateStamp>2014-01-13T11:34:39.266+01:00</dateStamp>
        <citation>Rerbanyai-Reser, L. &amp; Kádár, M. 2004, 2005, 2006. European Moth Nights. CH-Luzern, HU-Debrecen. http://euromothnights.uw.hu/</citation>
    </gbif>
  </metadata>
</additionalMetadata>

</eml:eml>
