<eml:eml xmlns:eml="eml://ecoinformatics.org/eml-2.1.1"
         xmlns:xsi="http://www.w3.org/2001/XMLSchema-instance"
         xsi:schemaLocation="eml://ecoinformatics.org/eml-2.1.1 http://rs.gbif.org/schema/eml-gbif-profile/1.0.2/eml.xsd"
         packageId="8ca0416c-6686-42e9-a263-0279c4d8bf53" system="http://gbif.org" scope="system"
         xml:lang="en">

<dataset>
    <alternateIdentifier system="GBIF_PORTAL">11924</alternateIdentifier>
  <title>Biological Records Centre - Moths - John Heath Lepidoptera recording scheme macro-moth data from BRC</title>
<creator>
</creator>
<metadataProvider>
</metadataProvider>
<language>en</language>
<abstract>
  <para>NBN Gateway Dataset GA000651</para>
</abstract>
  <distribution scope="document">
    <online>
      <url function="information">http://data.nbn.org.uk/datasetInfo/taxonDataset.jsp?dsKey=GA000651</url>
    </online>
  </distribution>

</dataset>

<additionalMetadata>
  <metadata>
    <gbif>
        <dateStamp>2010-09-15T12:30:19.000+02:00</dateStamp>
        <citation>UK National Biodiversity Network: Biological Records Centre - Moths - John Heath Lepidoptera recording scheme macro-moth data from BRC</citation>
    </gbif>
  </metadata>
</additionalMetadata>

</eml:eml>
