<eml:eml xmlns:eml="eml://ecoinformatics.org/eml-2.1.1"
         xmlns:xsi="http://www.w3.org/2001/XMLSchema-instance"
         xsi:schemaLocation="eml://ecoinformatics.org/eml-2.1.1 http://rs.gbif.org/schema/eml-gbif-profile/1.0.2/eml.xsd"
         packageId="8e70f647-d22e-4b48-b47a-c832cb111e95" system="http://gbif.org" scope="system"
         xml:lang="en">

<dataset>
    <alternateIdentifier system="GBIF_PORTAL">14984</alternateIdentifier>
  <title>Sussex Biodiversity Record Centre - Sussex Moth data for 2011 and 2012 DEFRA FUNDED</title>
<creator>
</creator>
<metadataProvider>
</metadataProvider>
<language>en</language>
<abstract>
  <para>NBN Gateway Dataset GA001219</para>
</abstract>
  <distribution scope="document">
    <online>
      <url function="information">http://data.nbn.org.uk/datasetInfo/taxonDataset.jsp?dsKey=GA001219</url>
    </online>
  </distribution>

</dataset>

<additionalMetadata>
  <metadata>
    <gbif>
        <dateStamp>2013-06-01T11:12:52.000+02:00</dateStamp>
        <citation>UK National Biodiversity Network: Sussex Biodiversity Record Centre - Sussex Moth data for 2011 and 2012 DEFRA FUNDED</citation>
    </gbif>
  </metadata>
</additionalMetadata>

</eml:eml>
