<eml:eml xmlns:eml="eml://ecoinformatics.org/eml-2.1.1"
         xmlns:xsi="http://www.w3.org/2001/XMLSchema-instance"
         xsi:schemaLocation="eml://ecoinformatics.org/eml-2.1.1 http://rs.gbif.org/schema/eml-gbif-profile/1.0.2/eml.xsd"
         packageId="95f74c02-f762-11e1-a439-00145eb45e9a" system="http://gbif.org" scope="system"
         xml:lang="en">

<dataset>
    <alternateIdentifier system="GBIF_PORTAL">8020</alternateIdentifier>
  <title>Gunma Museum of Natural History, Insect Specimen</title>
<creator>
</creator>
<metadataProvider>
</metadataProvider>
<associatedParty>
    <positionName>Educator</positionName>
    <phone>&apos;+81-274-60-1200</phone>
    <electronicMailAddress>takahasi@gmnh.pref.gunma.jp</electronicMailAddress>
</associatedParty>
<associatedParty>
    <positionName>Director General</positionName>
    <phone>&apos;+81-274-60-1200</phone>
    <electronicMailAddress>hasegawa@gmnh.pref.gunma.jp</electronicMailAddress>
</associatedParty>
<language>en</language>
<abstract>
  <para>Insect specimens deposited at Gunma Museum of Natural History.</para>
</abstract>
  <distribution scope="document">
    <online>
      <url function="information">http://www.gmnh.pref.gunma.jp/</url>
    </online>
  </distribution>

</dataset>

<additionalMetadata>
  <metadata>
    <gbif>
        <dateStamp>2014-03-04T11:56:49.513+01:00</dateStamp>
        <citation>National Museum of Nature and Science, Japan: Gunma Museum of Natural History, Insect Specimen</citation>
    </gbif>
  </metadata>
</additionalMetadata>

</eml:eml>
