<eml:eml xmlns:eml="eml://ecoinformatics.org/eml-2.1.1"
         xmlns:xsi="http://www.w3.org/2001/XMLSchema-instance"
         xsi:schemaLocation="eml://ecoinformatics.org/eml-2.1.1 http://rs.gbif.org/schema/eml-gbif-profile/1.0.2/eml.xsd"
         packageId="a8d08280-1def-11de-be11-b8a03c50a862" system="http://gbif.org" scope="system"
         xml:lang="en">

<dataset>
    <alternateIdentifier system="GBIF_PORTAL">8232</alternateIdentifier>
  <title>Finnish Entomological Database: Lepidoptera</title>
<creator>
</creator>
<metadataProvider>
</metadataProvider>
<associatedParty>
    <positionName>[data administrator]</positionName>
    <electronicMailAddress>jari.kaitila@perhostutkijainseura.fi</electronicMailAddress>
</associatedParty>
<associatedParty>
    <positionName>[system administrator]</positionName>
    <electronicMailAddress>virtala.matti@gmail.com</electronicMailAddress>
</associatedParty>
<associatedParty>
    <positionName>[system administrator]</positionName>
    <phone>+358-9-191-28688</phone>
    <electronicMailAddress>hannu.saarenmaa@helsinki.fi</electronicMailAddress>
</associatedParty>
<language>en</language>
<abstract>
  <para>The Finnish Entomological Database serves most scientific societies in Finland that specialise in Arthropoda. Members of the societies enter their data in the live system.  This Lepidoptera section of the database is managed and quality controlled by the Finnish Lepidopterological Society. The database is hosted by the Finnish Museum of Natural History.</para>
</abstract>
  <distribution scope="document">
    <online>
      <url function="information">http://data1.gbif.fi/tapirlink/tapir.php/www_lepidoptera</url>
    </online>
  </distribution>

</dataset>

<additionalMetadata>
  <metadata>
    <gbif>
        <dateStamp>2014-02-04T08:50:18.685+01:00</dateStamp>
        <citation>Finnish Museum of Natural History: Finnish Entomological Database: Lepidoptera</citation>
    </gbif>
  </metadata>
</additionalMetadata>

</eml:eml>
