<eml:eml xmlns:eml="eml://ecoinformatics.org/eml-2.1.1"
         xmlns:xsi="http://www.w3.org/2001/XMLSchema-instance"
         xsi:schemaLocation="eml://ecoinformatics.org/eml-2.1.1 http://rs.gbif.org/schema/eml-gbif-profile/1.0.2/eml.xsd"
         packageId="f29ab192-5964-40ae-a397-fa48ffdf0661" system="http://gbif.org" scope="system"
         xml:lang="en">

<dataset>
  <title>Zoologische Staatssammlung Muenchen - International Barcode of Life (iBOL) - Barcode of Life Project Specimen Data</title>
<creator>
</creator>
<metadataProvider>
</metadataProvider>
<associatedParty>
    <electronicMailAddress>hymenoptera@zsm.mwn.de</electronicMailAddress>
    <role>ADMINISTRATIVE_POINT_OF_CONTACT</role>
</associatedParty>
<associatedParty>
    <address>
        <deliveryPoint>Zoologische Staatssammlung, Münchhausenstr. 21, 81247 Munich, Germany</deliveryPoint>
    </address>
    <electronicMailAddress>hymenoptera@zsm.mwn.de</electronicMailAddress>
    <role>TECHNICAL_POINT_OF_CONTACT</role>
</associatedParty>
<language>en</language>
<abstract>
  <para></para>
</abstract>
  <contact>
    <electronicMailAddress>hymenoptera@zsm.mwn.de</electronicMailAddress>
  </contact>

</dataset>

<additionalMetadata>
  <metadata>
    <gbif>
        <dateStamp>2014-01-13T11:37:14.625+01:00</dateStamp>
        <citation>Zoologische Staatssammlung München/Staatliche Naturwissenschaftliche Sammlungen Bayerns: Zoologische Staatssammlung Muenchen - International Barcode of Life (iBOL) - Barcode of Life Project Specimen Data</citation>
    </gbif>
  </metadata>
</additionalMetadata>

</eml:eml>
