<eml:eml xmlns:eml="eml://ecoinformatics.org/eml-2.1.1"
         xmlns:xsi="http://www.w3.org/2001/XMLSchema-instance"
         xsi:schemaLocation="eml://ecoinformatics.org/eml-2.1.1 http://rs.gbif.org/schema/eml-gbif-profile/1.0.2/eml.xsd"
         packageId="0a14d118-a2df-4aaf-a052-6d46630c12ed" system="http://gbif.org" scope="system"
         xml:lang="en">

<dataset>
    <alternateIdentifier system="GBIF_PORTAL">12489</alternateIdentifier>
  <title>Zoological Museum Amsterdam, University of Amsterdam (NL) – Mammalia</title>
<creator>
</creator>
<metadataProvider>
</metadataProvider>
<associatedParty>
    <positionName>[system administrator]</positionName>
    <electronicMailAddress>j.c.s.creuwels@uva.nl</electronicMailAddress>
</associatedParty>
<associatedParty>
    <positionName>[system administrator]</positionName>
    <phone>+31.20.5257191</phone>
    <electronicMailAddress>yjong@uva.nl</electronicMailAddress>
</associatedParty>
<associatedParty>
    <positionName>[data administrator]</positionName>
    <electronicMailAddress>w.g.vanbohemen@uva.nl</electronicMailAddress>
</associatedParty>
<associatedParty>
    <positionName>[data administrator]</positionName>
    <phone>+31.20.5256284</phone>
    <electronicMailAddress>r.vonk@uva.nl</electronicMailAddress>
</associatedParty>
<associatedParty>
    <positionName>[data administrator]</positionName>
    <electronicMailAddress>c.h.j.hof@uva.nl</electronicMailAddress>
</associatedParty>
<language>en</language>
<abstract>
  <para>The mammal collection of the Zoological Museum Amsterdam (ZMA) currently holds about 30,000 specimens. It started as a zoological and anatomical collection and the first director of ZMA, Max Weber is famous for his influential handbook Die Säugetiere, which appeared in the early 1900s. His assistant J.H. Kruimel collected many mammal fossils in South Chile and in the 1930s, A.C.V. van Bemmel collected fossils in Tegelen, among which the first cercopithecine for the Netherlands. At this time the ZMA collection was enlarged with those of the Amsterdam Zoo (including the zoological collection of Vrolik). Van Bemmel went to Indonesia and donated his mammal collection from Indonesia to ZMA. Since 1960, P.J.H. van Bree became curator until 1992 and he started registering and reorganising the rapidly growing mammal collection. Specimens are from all orders from all over the world, but especially collected in South East Asia (e.g. Indonesia), Africa and Europe. Currently, there are 123 type specimens, such as the unique holotype of fossil cetacean Vanbreenia trigonia, and 6 holotypes of Chiroptera. Other highlights are a Blue Buck (Hippotragus leucophaeus) skull and a mounted specimen of the last living Quagga (Equus quagga quagga).</para>
</abstract>
  <distribution scope="document">
    <online>
      <url function="information">http://db01.nlbif.sara.nl/tapir/tapir.php/zma_mammalia</url>
    </online>
  </distribution>

</dataset>

<additionalMetadata>
  <metadata>
    <gbif>
        <dateStamp>2014-03-19T10:55:56.860+01:00</dateStamp>
        <citation>Naturalis Biodiversity Center: Zoological Museum Amsterdam, University of Amsterdam (NL) – Mammalia</citation>
    </gbif>
  </metadata>
</additionalMetadata>

</eml:eml>
