<eml:eml xmlns:eml="eml://ecoinformatics.org/eml-2.1.1"
         xmlns:xsi="http://www.w3.org/2001/XMLSchema-instance"
         xsi:schemaLocation="eml://ecoinformatics.org/eml-2.1.1 http://rs.gbif.org/schema/eml-gbif-profile/1.0.2/eml.xsd"
         packageId="1933e8e0-3331-11de-8db8-b8a03c50a862" system="http://gbif.org" scope="system"
         xml:lang="en">

<dataset>
    <alternateIdentifier system="GBIF_PORTAL">8330</alternateIdentifier>
  <title>Mammalia Collection of Institute of Systematics and Evolution of Animals</title>
<creator>
</creator>
<metadataProvider>
</metadataProvider>
<language>en</language>
<abstract>
  <para>The database contains information about zoological collection of Institute of Systematics and Evolution of Animals Polish Academy of Sciences in Kraków.</para>
</abstract>
  <distribution scope="document">
    <online>
      <url function="information">http://tapir.gbif.pl/tapir/tapir.php/pan-isez-mammalia</url>
    </online>
  </distribution>

</dataset>

<additionalMetadata>
  <metadata>
    <gbif>
        <dateStamp>2013-05-08T05:31:02.000+02:00</dateStamp>
        <citation>Institute of Systematics and Evolution of Animals, Polish Academy of Sciences: Mammalia Collection of Institute of Systematics and Evolution of Animals</citation>
    </gbif>
  </metadata>
</additionalMetadata>

</eml:eml>
