<eml:eml xmlns:eml="eml://ecoinformatics.org/eml-2.1.1"
         xmlns:xsi="http://www.w3.org/2001/XMLSchema-instance"
         xsi:schemaLocation="eml://ecoinformatics.org/eml-2.1.1 http://rs.gbif.org/schema/eml-gbif-profile/1.0.2/eml.xsd"
         packageId="5f3463d2-51b6-4a8a-b252-9bab4388934e" system="http://gbif.org" scope="system"
         xml:lang="en">

<dataset>
    <alternateIdentifier system="GBIF_PORTAL">14883</alternateIdentifier>
  <title>DMNS Mammal Collection (Arctos)</title>
<creator>
    <individualName>
        <givenName>John</givenName>
      <surName>Demboski</surName>
    </individualName>
    <organizationName>Denver Museum of Nature &amp; Science</organizationName>
    <positionName>Curator of Vertebrate Zoology</positionName>
    <address>
        <deliveryPoint>2001 Colorado Blvd.</deliveryPoint>
        <city>Denver</city>
        <administrativeArea>CO</administrativeArea>
        <postalCode>80205-5798</postalCode>
        <country>UNITED_STATES</country>
    </address>
    <phone>+01 303-373-6443</phone>
    <electronicMailAddress>john.demboski@dmns.org</electronicMailAddress>
</creator>
<metadataProvider>
    <individualName>
        <givenName>John</givenName>
      <surName>Demboski</surName>
    </individualName>
    <organizationName>Denver Museum of Nature &amp; Science</organizationName>
    <positionName>Curator of Vertebrate Zoology</positionName>
    <address>
        <deliveryPoint>2001 Colorado Blvd.</deliveryPoint>
        <city>Denver</city>
        <administrativeArea>CO</administrativeArea>
        <postalCode>80205-5798</postalCode>
        <country>UNITED_STATES</country>
    </address>
    <phone>+01 303-373-6443</phone>
    <electronicMailAddress>john.demboski@dmns.org</electronicMailAddress>
</metadataProvider>
<associatedParty>
    <individualName>
        <givenName>Jeffrey</givenName>
      <surName>Stephenson</surName>
    </individualName>
    <organizationName>Denver Museum of Nature &amp; Science</organizationName>
    <positionName>Collections Manager, Department of Zoology</positionName>
    <address>
        <deliveryPoint>2001 Colorado Blvd.</deliveryPoint>
        <city>Denver</city>
        <administrativeArea>CO</administrativeArea>
        <postalCode>80205-5798</postalCode>
        <country>UNITED_STATES</country>
    </address>
    <phone>(303) 370-8319</phone>
    <electronicMailAddress>jeff.stephenson@dmns.org</electronicMailAddress>
    <role>ADMINISTRATIVE_POINT_OF_CONTACT</role>
</associatedParty>
<associatedParty>
    <individualName>
        <givenName>Dusty</givenName>
      <surName>McDonald</surName>
    </individualName>
    <organizationName>University of Alaska Museum</organizationName>
    <positionName>Arctos Database Programmer</positionName>
    <electronicMailAddress>dlmcdonald@alaska.edu</electronicMailAddress>
    <role>POINT_OF_CONTACT</role>
</associatedParty>
<associatedParty>
    <individualName>
        <givenName>John</givenName>
      <surName>Wieczorek</surName>
    </individualName>
    <organizationName>Museum of Vertebrate Zoology at UC Berkeley</organizationName>
    <positionName>Information Architect</positionName>
    <electronicMailAddress>tuco@berkeley.edu</electronicMailAddress>
    <role>PROGRAMMER</role>
</associatedParty>
<associatedParty>
    <individualName>
        <givenName>David</givenName>
      <surName>Bloom</surName>
    </individualName>
    <positionName>VertNet Coordinator</positionName>
    <electronicMailAddress>dbloom@vertnet.org</electronicMailAddress>
    <role>PROGRAMMER</role>
</associatedParty>
<associatedParty>
    <individualName>
        <givenName>Laura</givenName>
      <surName>Russell</surName>
    </individualName>
    <organizationName>VertNet</organizationName>
    <positionName>VertNet Programmer</positionName>
    <electronicMailAddress>larussell@vertnet.org</electronicMailAddress>
    <role>PROGRAMMER</role>
</associatedParty>
<pubDate>
        2014-03-01
</pubDate>
<language>ENGLISH</language>
<abstract>
  <para>The Denver Museum of Nature &amp; Science Mammal Collection contains approximately 13,000+ catalogued specimens from around the world, with a focus on the Rocky Mountain and Great Plains regions. The collection includes study skins, skeletal material, taxidermy mounts, frozen tissue samples (~2300 individuals), and associated parasites (ecto and endo). Since 2006, the collection has expanded 21% and continues to grow.</para>
</abstract>
  <keywordSet>
      <keyword>Occurrence</keyword>
      <keywordThesaurus>GBIF Dataset Type Vocabulary: http://rs.gbif.org/vocabulary/gbif/dataset_type.xml</keywordThesaurus>
  </keywordSet>
  <keywordSet>
      <keyword>Specimen</keyword>
      <keywordThesaurus>GBIF Dataset Subtype Vocabulary: http://rs.gbif.org/vocabulary/gbif/dataset_subtype.xml</keywordThesaurus>
  </keywordSet>
  <intellectualRights>
    <para>The data and media available through Arctos are the property of the originating institution, with all rights reserved. These records are intended for use in education and research and may not be repackaged, redistributed, or sold in any form without prior written consent from the collection(s) holding such data. Users wishing to include Arctos data or media in publications, reports, websites, or other means of dissemination must acknowledge the provenance of the original data, cite the institutional catalog number(s), and notify the appropriate curator. The date that information was accessed should be cited when downloaded data are used in published analyses. These are secondary data and their accuracy is not guaranteed. Citation of Arctos is no substitute for examination of specimens. The data providers are not responsible for loss or damages due to use of these data. http://arctosdb.org/home/data/ &lt;/br&gt;&lt;/br&gt;
For Terms of Use specific to the Denver Museum of Nature &amp; Science, see http://www.dmns.org/conditions-of-use</para>
  </intellectualRights>
  <distribution scope="document">
    <online>
      <url function="information">http://www.dmns.org/science/collections/dmns-zoology-collections</url>
    </online>
  </distribution>
  <coverage>
      <geographicCoverage>
          <geographicDescription>The DMNS mammal collection is global, with the largest holdings from the Rocky Mountains and Great Plains region.</geographicDescription>
        <boundingCoordinates>
          <westBoundingCoordinate>-180</westBoundingCoordinate>
          <eastBoundingCoordinate>180</eastBoundingCoordinate>
          <northBoundingCoordinate>90</northBoundingCoordinate>
          <southBoundingCoordinate>-90</southBoundingCoordinate>
        </boundingCoordinates>
      </geographicCoverage>
      <temporalCoverage>
      </temporalCoverage>
        <taxonomicCoverage>
            <taxonomicClassification>
                <taxonRankName>CLASS</taxonRankName>
              <taxonRankValue>Mammalia</taxonRankValue>
            </taxonomicClassification>
        </taxonomicCoverage>
  </coverage>
  <contact>
    <individualName>
        <givenName>John Demboski</givenName>
      <surName>Demboski</surName>
    </individualName>
    <organizationName>Denver Museum of Nature &amp; Science</organizationName>
    <positionName>Curator of Vertebrate Zoology</positionName>
    <address>
        <deliveryPoint>2001 Colorado Blvd., Denver, CO US, 80205-5798</deliveryPoint>
        <city>Denver</city>
        <administrativeArea>CO</administrativeArea>
        <postalCode>80205-5798</postalCode>
        <country>UNITED_STATES</country>
    </address>
    <phone>+01 303-373-6443</phone>
    <electronicMailAddress>john.demboski@dmns.org</electronicMailAddress>
  </contact>

</dataset>

<additionalMetadata>
  <metadata>
    <gbif>
        <dateStamp>2014-03-26T07:51:33.578+01:00</dateStamp>
        <citation>Denver Museum of Nature &amp; Science Mammal Collection</citation>
        <livingTimePeriod>1850-present</livingTimePeriod>
    </gbif>
  </metadata>
</additionalMetadata>

</eml:eml>
