<eml:eml xmlns:eml="eml://ecoinformatics.org/eml-2.1.1"
         xmlns:xsi="http://www.w3.org/2001/XMLSchema-instance"
         xsi:schemaLocation="eml://ecoinformatics.org/eml-2.1.1 http://rs.gbif.org/schema/eml-gbif-profile/1.0.2/eml.xsd"
         packageId="71cfcf5c-f762-11e1-a439-00145eb45e9a" system="http://gbif.org" scope="system"
         xml:lang="en">

<dataset>
    <alternateIdentifier system="GBIF_PORTAL">9091</alternateIdentifier>
  <title>Museu de Ciències Naturals de Barcelona: MCNB-Tissue</title>
<creator>
</creator>
<metadataProvider>
</metadataProvider>
<associatedParty>
    <phone>#34933196912</phone>
    <electronicMailAddress>egarciafr@bcn.cat</electronicMailAddress>
    <role>TECHNICAL_POINT_OF_CONTACT</role>
</associatedParty>
<language>en</language>
<abstract>
  <para>The Tissue Bank of Chordates collection contains more than 1.400 animals. From most of them tissue sample and liver are conserved. Basically are birds and mammals of the Iberian Peninsula. Samples are preserved in alcohol. A 100% of the whole collection has been computerized. Only samples with taxonomic identification below Family have been selected.</para>
</abstract>
  <distribution scope="document">
    <online>
      <url function="information">http://w110.bcn.cat/portal/site/MuseuDeCiencies/menuitem.a5e780716128291a1b69d9d1387409a0/?vgnextoid=0000001213593285VgnV6CONT00000000000RCRD&amp;vgnextchannel=0000000418895855VgnV6CONT00000000000RCRD&amp;vgnextfmt=formatDetall2&amp;lang=es_ES</url>
    </online>
  </distribution>
  <contact>
    <address>
        <deliveryPoint>Passeig Picasso s/n, Barcelona, Barcelona ES, E-08003</deliveryPoint>
    </address>
    <phone>+34 933296912</phone>
    <electronicMailAddress>jquesadal@mail.bcn.es</electronicMailAddress>
  </contact>

</dataset>

<additionalMetadata>
  <metadata>
    <gbif>
        <dateStamp>2013-12-11T09:32:50.876+01:00</dateStamp>
        <citation>MCNB Tissue GBIF online database (date when consulted)</citation>
        <resourceLogoUrl>http://www.gbif.es:8080/ipt/logo.do?r=mcnb-tissue</resourceLogoUrl>
    </gbif>
  </metadata>
</additionalMetadata>

</eml:eml>
