<eml:eml xmlns:eml="eml://ecoinformatics.org/eml-2.1.1"
         xmlns:xsi="http://www.w3.org/2001/XMLSchema-instance"
         xsi:schemaLocation="eml://ecoinformatics.org/eml-2.1.1 http://rs.gbif.org/schema/eml-gbif-profile/1.0.2/eml.xsd"
         packageId="7b9e97de-f762-11e1-a439-00145eb45e9a" system="http://gbif.org" scope="system"
         xml:lang="en">

<dataset>
    <alternateIdentifier system="GBIF_PORTAL">12000</alternateIdentifier>
  <title>The Mammalia Collection at the Staatssammlung für Anthropologie und Paläoanatomie München</title>
<creator>
</creator>
<metadataProvider>
</metadataProvider>
<language>en</language>
<abstract>
  <para>http://www.snsb.info/DatabaseClients/SAPMmammaliacoll/about.jsp</para>
</abstract>
  <intellectualRights>
    <para>© Staatssammlung für Anthropologie und Paläoanatomie München</para>
  </intellectualRights>
  <distribution scope="document">
    <online>
      <url function="information">http://www.snsb.info/DatabaseClients/SAPMmammaliacoll/</url>
    </online>
  </distribution>
  <contact>
    <electronicMailAddress>henriette.obermaier@palaeo.vetmed.uni-muenchen.de</electronicMailAddress>
  </contact>

</dataset>

<additionalMetadata>
  <metadata>
    <gbif>
        <dateStamp>2013-05-06T11:20:30.000+02:00</dateStamp>
        <citation>Staatliche Naturwissenschaftliche Sammlungen Bayerns: The Mammalia Collection at the Staatssammlung für Anthropologie und Paläoanatomie München</citation>
        <resourceLogoUrl>http://www.snsb.info/DatabaseClients/SAPMmammaliacoll/Pictures/SAPM_Logo100.gif</resourceLogoUrl>
    </gbif>
  </metadata>
</additionalMetadata>

</eml:eml>
