<eml:eml xmlns:eml="eml://ecoinformatics.org/eml-2.1.1"
         xmlns:xsi="http://www.w3.org/2001/XMLSchema-instance"
         xsi:schemaLocation="eml://ecoinformatics.org/eml-2.1.1 http://rs.gbif.org/schema/eml-gbif-profile/1.0.2/eml.xsd"
         packageId="82c64584-f762-11e1-a439-00145eb45e9a" system="http://gbif.org" scope="system"
         xml:lang="en">

<dataset>
    <alternateIdentifier system="GBIF_PORTAL">14397</alternateIdentifier>
  <title>Collection Mammalogie - SNSD</title>
<creator>
</creator>
<metadataProvider>
</metadataProvider>
<language>en</language>
<abstract>
  <para>mammals of the world</para>
</abstract>
  <distribution scope="document">
    <online>
      <url function="information">http://www.senckenberg.de/root/index.php?page_id=647&amp;standort=true&amp;sektionID=21&amp;abteilungID=7&amp;standortID=2&amp;showPageID=5079</url>
    </online>
  </distribution>
  <contact>
  </contact>

</dataset>

<additionalMetadata>
  <metadata>
    <gbif>
        <dateStamp>2013-04-29T09:38:46.000+02:00</dateStamp>
        <citation>Senckenberg: Collection Mammalogie - SNSD</citation>
        <resourceLogoUrl>http://biocase.senckenberg.de/senckenberg_logo.png</resourceLogoUrl>
    </gbif>
  </metadata>
</additionalMetadata>

</eml:eml>
