<eml:eml xmlns:eml="eml://ecoinformatics.org/eml-2.1.1"
         xmlns:xsi="http://www.w3.org/2001/XMLSchema-instance"
         xsi:schemaLocation="eml://ecoinformatics.org/eml-2.1.1 http://rs.gbif.org/schema/eml-gbif-profile/1.0.2/eml.xsd"
         packageId="843672e0-f762-11e1-a439-00145eb45e9a" system="http://gbif.org" scope="system"
         xml:lang="en">

<dataset>
    <alternateIdentifier system="GBIF_PORTAL">466</alternateIdentifier>
  <title>Baekdu Mountain Animal</title>
<creator>
    <organizationName>KISTI</organizationName>
    <address>
        <country>KOREA_SOUTH</country>
    </address>
</creator>
<metadataProvider>
    <individualName>
        <givenName>Hyung-Seon</givenName>
      <surName>Park</surName>
    </individualName>
    <organizationName>KISTI</organizationName>
    <address>
        <deliveryPoint>KISTI, 245 Daehak-Ro, Yuseong-Gu, Daejeon City, 305-806 Republic of Korea</deliveryPoint>
        <city>Daejon</city>
        <country>KOREA_SOUTH</country>
    </address>
    <phone>+82-42-869-1762</phone>
    <electronicMailAddress>seonpark@kisti.re.kr</electronicMailAddress>
</metadataProvider>
<pubDate>
        2013-07-30
</pubDate>
<language>ENGLISH</language>
<abstract>
  <para>Baekdu mountain Animal Dataset In korea</para>
</abstract>
  <contact>
    <organizationName>KISTI</organizationName>
    <address>
        <country>KOREA_SOUTH</country>
    </address>
  </contact>

</dataset>

<additionalMetadata>
  <metadata>
    <gbif>
        <dateStamp>2014-01-09T05:17:08.114+01:00</dateStamp>
        <citation>Korea Institute of Science and Technology Information: Baekdu Mountain Animal</citation>
    </gbif>
  </metadata>
</additionalMetadata>

</eml:eml>
