<eml:eml xmlns:eml="eml://ecoinformatics.org/eml-2.1.1"
         xmlns:xsi="http://www.w3.org/2001/XMLSchema-instance"
         xsi:schemaLocation="eml://ecoinformatics.org/eml-2.1.1 http://rs.gbif.org/schema/eml-gbif-profile/1.0.2/eml.xsd"
         packageId="84a4404a-f762-11e1-a439-00145eb45e9a" system="http://gbif.org" scope="system"
         xml:lang="en">

<dataset>
    <alternateIdentifier system="GBIF_PORTAL">614</alternateIdentifier>
  <title>Mammal collection of National Museum of Nature and Science</title>
<creator>
</creator>
<metadataProvider>
</metadataProvider>
<associatedParty>
    <positionName>Curator</positionName>
    <phone>+81-3-3364-7127</phone>
    <electronicMailAddress>kawada@kahaku.go.jp</electronicMailAddress>
</associatedParty>
<associatedParty>
    <positionName>Curator</positionName>
    <phone>+81-3-3364-7127</phone>
    <electronicMailAddress>kawada@kahaku.go.jp</electronicMailAddress>
</associatedParty>
<language>en</language>
<abstract>
  <para>Mammal specimens deposited at the Department of Zoology, National Museum of Nature and Science</para>
</abstract>
  <distribution scope="document">
    <online>
      <url function="information">http://www.kahaku.go.jp/english/</url>
    </online>
  </distribution>

</dataset>

<additionalMetadata>
  <metadata>
    <gbif>
        <dateStamp>2014-03-04T11:58:39.114+01:00</dateStamp>
        <citation>National Museum of Nature and Science, Japan: Mammal collection of National Museum of Nature and Science</citation>
    </gbif>
  </metadata>
</additionalMetadata>

</eml:eml>
