<eml:eml xmlns:eml="eml://ecoinformatics.org/eml-2.1.1"
         xmlns:xsi="http://www.w3.org/2001/XMLSchema-instance"
         xsi:schemaLocation="eml://ecoinformatics.org/eml-2.1.1 http://rs.gbif.org/schema/eml-gbif-profile/1.0.2/eml.xsd"
         packageId="9666593a-f762-11e1-a439-00145eb45e9a" system="http://gbif.org" scope="system"
         xml:lang="en">

<dataset>
    <alternateIdentifier system="GBIF_PORTAL">8313</alternateIdentifier>
  <title>Collection Mammalia SMF</title>
<creator>
</creator>
<metadataProvider>
</metadataProvider>
<language>en</language>
<abstract>
  <para>Mammals of the world</para>
</abstract>
  <distribution scope="document">
    <online>
      <url function="information">http://www.senckenberg.de/root/index.php?page_id=659</url>
    </online>
  </distribution>
  <contact>
  </contact>

</dataset>

<additionalMetadata>
  <metadata>
    <gbif>
        <dateStamp>2013-06-12T09:27:38.000+02:00</dateStamp>
        <citation>Senckenberg: Collection Mammalia SMF</citation>
        <resourceLogoUrl>http://biocase.senckenberg.de/senckenberg_logo.png</resourceLogoUrl>
    </gbif>
  </metadata>
</additionalMetadata>

</eml:eml>
