<eml:eml xmlns:eml="eml://ecoinformatics.org/eml-2.1.1"
         xmlns:xsi="http://www.w3.org/2001/XMLSchema-instance"
         xsi:schemaLocation="eml://ecoinformatics.org/eml-2.1.1 http://rs.gbif.org/schema/eml-gbif-profile/1.0.2/eml.xsd"
         packageId="41070f7f-866e-4c7c-8513-cd01af6ebbaf" system="http://gbif.org" scope="system"
         xml:lang="en">

<dataset>
  <title>GBIF Occurrence Download 0000957-140414153444004</title>
<creator>
    <individualName>
      <surName>GBIF Download Service</surName>
    </individualName>
</creator>
<metadataProvider>
    <individualName>
      <surName>GBIF Download Service</surName>
    </individualName>
</metadataProvider>
<associatedParty>
    <organizationName>OZCAM (Online Zoological Collections of Australian Museums) Provider</organizationName>
    <role>CONTENT_PROVIDER</role>
</associatedParty>
<associatedParty>
    <individualName>
        <givenName>Edwin</givenName>
      <surName>Scholes III, Ph.D.</surName>
    </individualName>
    <organizationName>Macaulay Library</organizationName>
    <positionName>Curator of Video</positionName>
    <address>
        <deliveryPoint>Cornell Lab of Ornithology - 159 Sapsucker Woods Road</deliveryPoint>
        <city>Ithaca</city>
        <administrativeArea>NY</administrativeArea>
        <postalCode>14850</postalCode>
        <country>UNITED_STATES</country>
    </address>
    <phone>+1 607-254-1115</phone>
    <electronicMailAddress>edwin.scholes@cornell.edu</electronicMailAddress>
    <role>CONTENT_PROVIDER</role>
</associatedParty>
<associatedParty>
    <individualName>
        <givenName>Norman</givenName>
      <surName>Johnson</surName>
    </individualName>
    <organizationName>Ohio State University</organizationName>
    <positionName>Director, Professor</positionName>
    <electronicMailAddress>johnson.2@osu.edu</electronicMailAddress>
    <role>CONTENT_PROVIDER</role>
</associatedParty>
<associatedParty>
    <individualName>
        <givenName>Krista</givenName>
      <surName>Fahy</surName>
    </individualName>
    <organizationName>Santa Barbara Museum of Natural History</organizationName>
    <positionName>Associate Curator</positionName>
    <address>
        <deliveryPoint>2559 Puesta del Sol</deliveryPoint>
        <city>Santa Barbara</city>
        <administrativeArea>CA</administrativeArea>
        <postalCode>93105</postalCode>
    </address>
    <phone>+01 805-682-4711 (155)</phone>
    <electronicMailAddress>kfahy@sbnature2.org</electronicMailAddress>
    <role>CONTENT_PROVIDER</role>
</associatedParty>
<associatedParty>
    <individualName>
        <givenName>Angelika</givenName>
      <surName>Nelson</surName>
    </individualName>
    <organizationName>Ohio State University</organizationName>
    <positionName>Curator</positionName>
    <address>
        <country>UNITED_STATES</country>
    </address>
    <electronicMailAddress>nelson.794@osu.edu</electronicMailAddress>
    <role>CONTENT_PROVIDER</role>
</associatedParty>
<associatedParty>
    <individualName>
        <givenName>Ildiko</givenName>
      <surName>Szabo</surName>
    </individualName>
    <organizationName>University of British Columbia Beaty Biodiversity Museum</organizationName>
    <positionName>Assistant Curator</positionName>
    <address>
        <deliveryPoint>2212 Main Mall</deliveryPoint>
        <city>Vancouver</city>
        <administrativeArea>BC</administrativeArea>
        <postalCode>V6T 1Z4</postalCode>
        <country>CANADA</country>
    </address>
    <electronicMailAddress>ildiko@zoology.ubc.ca</electronicMailAddress>
    <role>CONTENT_PROVIDER</role>
</associatedParty>
<associatedParty>
    <individualName>
        <givenName>Carla</givenName>
      <surName>Cicero</surName>
    </individualName>
    <organizationName>Museum of Vertebrate Zoology, UC Berkeley</organizationName>
    <positionName>Staff Curator of Birds</positionName>
    <address>
        <deliveryPoint>3101 Valley Life Science Building</deliveryPoint>
        <city>Berkeley</city>
        <administrativeArea>CA</administrativeArea>
        <postalCode>94720-3160</postalCode>
        <country>UNITED_STATES</country>
    </address>
    <phone>(510) 642-7868</phone>
    <electronicMailAddress>ccicero@berkeley.edu</electronicMailAddress>
    <role>CONTENT_PROVIDER</role>
</associatedParty>
<associatedParty>
    <individualName>
        <givenName>Matthew</givenName>
      <surName>Carling</surName>
    </individualName>
    <organizationName>University of Wyoming Museum of Vertebrates</organizationName>
    <positionName>Curator</positionName>
    <address>
        <deliveryPoint>Berry Biodiversity Conservation Center</deliveryPoint>
        <city>Laramie</city>
        <administrativeArea>WY</administrativeArea>
        <postalCode>82071</postalCode>
        <country>UNITED_STATES</country>
    </address>
    <phone>(307) 766-6169</phone>
    <electronicMailAddress>mcarling@uwyo.edu</electronicMailAddress>
    <role>CONTENT_PROVIDER</role>
</associatedParty>
<associatedParty>
    <individualName>
        <givenName>Janet</givenName>
      <surName>Hinshaw</surName>
    </individualName>
    <organizationName>University of Michigan Museum of Zoology</organizationName>
    <positionName>Collection Manager</positionName>
    <address>
        <deliveryPoint>1109 Geddes Ave, 3020 Ruthven</deliveryPoint>
        <city>Ann Arbor</city>
        <administrativeArea>MI</administrativeArea>
        <postalCode>48109</postalCode>
        <country>UNITED_STATES</country>
    </address>
    <phone>+01 734-764-0457</phone>
    <electronicMailAddress>jhinshaw@umich.edu</electronicMailAddress>
    <role>CONTENT_PROVIDER</role>
</associatedParty>
<associatedParty>
    <individualName>
        <givenName>Charles</givenName>
      <surName>Dardia</surName>
    </individualName>
    <organizationName>Cornell University Museum of Vertebrates</organizationName>
    <positionName>Collections Manager</positionName>
    <address>
        <deliveryPoint>159 Sapsucker Woods Road</deliveryPoint>
        <city>Ithaca</city>
        <administrativeArea>NY</administrativeArea>
        <postalCode>14850</postalCode>
        <country>UNITED_STATES</country>
    </address>
    <phone>+1 607-254-2161</phone>
    <electronicMailAddress>cmd7@cornell.edu</electronicMailAddress>
    <role>CONTENT_PROVIDER</role>
</associatedParty>
<associatedParty>
    <electronicMailAddress>frg@hp.fciencias.unam.mx</electronicMailAddress>
    <role>CONTENT_PROVIDER</role>
</associatedParty>
<associatedParty>
    <individualName>
        <givenName>Jeroen</givenName>
      <surName>Willemsen</surName>
    </individualName>
    <organizationName>Field Study Group of the Dutch Mammal Society</organizationName>
    <positionName>Staff member of the Field Study Group</positionName>
    <address>
        <deliveryPoint>P.O. Box 6531</deliveryPoint>
        <city>Nijmegen</city>
        <postalCode>NL-6503 GA</postalCode>
        <country>NETHERLANDS</country>
    </address>
    <electronicMailAddress>veldwerkgroep@zoogdiervereniging.nl</electronicMailAddress>
    <role>CONTENT_PROVIDER</role>
</associatedParty>
<associatedParty>
    <individualName>
        <givenName>Jeroen</givenName>
      <surName>Willemsen</surName>
    </individualName>
    <organizationName>Field Study Group of the Dutch Mammal Society</organizationName>
    <positionName>Staff member of the Field Study Group</positionName>
    <address>
        <deliveryPoint>P.O. Box 6531</deliveryPoint>
        <city>Nijmegen</city>
        <postalCode>NL-6503 GA</postalCode>
        <country>NETHERLANDS</country>
    </address>
    <electronicMailAddress>veldwerkgroep@zoogdiervereniging.nl</electronicMailAddress>
    <role>CONTENT_PROVIDER</role>
</associatedParty>
<associatedParty>
    <individualName>
      <surName>D. Yaetman-Berthelot et G. Jarry (SEOF)</surName>
    </individualName>
    <address>
        <country>FRANCE</country>
    </address>
    <role>CONTENT_PROVIDER</role>
</associatedParty>
<associatedParty>
    <individualName>
        <givenName>Reigo</givenName>
      <surName>Roasto</surName>
    </individualName>
    <organizationName>Estonian Environment Information Center</organizationName>
    <positionName>Specialist of Nature Conservation</positionName>
    <role>CONTENT_PROVIDER</role>
</associatedParty>
<associatedParty>
    <individualName>
        <givenName>Carla</givenName>
      <surName>Cicero</surName>
    </individualName>
    <organizationName>Museum of Vertebrate Zoology, UC Berkeley</organizationName>
    <positionName>Staff Curator of Birds</positionName>
    <address>
        <deliveryPoint>3101 Valley Life Science Building</deliveryPoint>
        <city>Berkeley</city>
        <administrativeArea>CA</administrativeArea>
        <postalCode>94720-3160</postalCode>
        <country>UNITED_STATES</country>
    </address>
    <phone>(510) 642-7868</phone>
    <electronicMailAddress>ccicero@berkeley.edu</electronicMailAddress>
    <role>CONTENT_PROVIDER</role>
</associatedParty>
<associatedParty>
    <individualName>
      <surName>Olivia Crowe</surName>
    </individualName>
    <organizationName>BirdWatch Ireland</organizationName>
    <address>
        <deliveryPoint>Unit 20, Block D, Bullford Business Campus, Kilcoole, Co. Wicklow, Ireland</deliveryPoint>
    </address>
    <phone>353 (0)1 2819878</phone>
    <electronicMailAddress>ocrowe@birdwatchireland.ie</electronicMailAddress>
    <role>CONTENT_PROVIDER</role>
</associatedParty>
<associatedParty>
    <individualName>
        <givenName>Javier</givenName>
      <surName>Ranz</surName>
    </individualName>
    <organizationName>Generalitat Valenciana</organizationName>
    <positionName>Técnico</positionName>
    <address>
        <deliveryPoint>Castán Tobeñas, 77</deliveryPoint>
        <city>Valencia</city>
    </address>
    <phone>961208596</phone>
    <electronicMailAddress>ranz_jav@gva.es</electronicMailAddress>
    <role>CONTENT_PROVIDER</role>
</associatedParty>
<associatedParty>
    <individualName>
        <givenName>Jeroen</givenName>
      <surName>Willemsen</surName>
    </individualName>
    <organizationName>Field Study Group of the Dutch Mammal Society</organizationName>
    <positionName>Staff member of the Field Study Group</positionName>
    <address>
        <deliveryPoint>P.O. Box 6531</deliveryPoint>
        <city>Nijmegen</city>
        <postalCode>NL-6503 GA</postalCode>
        <country>NETHERLANDS</country>
    </address>
    <electronicMailAddress>veldwerkgroep@zoogdiervereniging.nl</electronicMailAddress>
    <role>CONTENT_PROVIDER</role>
</associatedParty>
<associatedParty>
    <organizationName>Natural History Museum, University of Oslo</organizationName>
    <address>
        <country>NORWAY</country>
    </address>
    <role>CONTENT_PROVIDER</role>
</associatedParty>
<associatedParty>
    <individualName>
        <givenName>Kevin</givenName>
      <surName>Winker</surName>
    </individualName>
    <organizationName>University of Alaska Museum</organizationName>
    <positionName>Curator of Birds</positionName>
    <address>
        <deliveryPoint>907 Yukon Drive</deliveryPoint>
        <city>Fairbanks</city>
        <administrativeArea>AK</administrativeArea>
        <postalCode>99775-6960</postalCode>
        <country>UNITED_STATES</country>
    </address>
    <electronicMailAddress>kevin.winker@alaska.edu</electronicMailAddress>
    <role>CONTENT_PROVIDER</role>
</associatedParty>
<associatedParty>
    <individualName>
        <givenName>Bradley</givenName>
      <surName>Millen</surName>
    </individualName>
    <organizationName>Royal Ontario Museum</organizationName>
    <positionName>Database Technician</positionName>
    <address>
        <deliveryPoint>100 Queen&apos;s Park</deliveryPoint>
        <city>Toronto</city>
        <administrativeArea>Ontario</administrativeArea>
        <postalCode>M5S 2C6</postalCode>
        <country>CANADA</country>
    </address>
    <phone>1-416-586-5768</phone>
    <electronicMailAddress>bradm@rom.on.ca</electronicMailAddress>
    <role>CONTENT_PROVIDER</role>
</associatedParty>
<associatedParty>
    <individualName>
        <givenName>Stein Arild</givenName>
      <surName>Hoem</surName>
    </individualName>
    <organizationName>Artsbanken</organizationName>
    <positionName>Overingeniør</positionName>
    <address>
        <deliveryPoint>Elvegata 17</deliveryPoint>
        <city>Trondheim</city>
        <postalCode>7012</postalCode>
        <country>NORWAY</country>
    </address>
    <phone>73 59 07 92</phone>
    <electronicMailAddress>stein.hoem@artsdatabanken.no</electronicMailAddress>
    <role>CONTENT_PROVIDER</role>
</associatedParty>
<associatedParty>
    <individualName>
        <givenName>Gary</givenName>
      <surName>Shugart</surName>
    </individualName>
    <organizationName>Slater Museum of Natural History, University of Puget Sound</organizationName>
    <positionName>Collections Manager</positionName>
    <address>
        <deliveryPoint>1500 N. Warner</deliveryPoint>
        <city>Tacoma</city>
        <administrativeArea>WA</administrativeArea>
        <postalCode>98416</postalCode>
        <country>UNITED_STATES</country>
    </address>
    <phone>+01 253-879-3356</phone>
    <electronicMailAddress>gshugart@pugetsound.edu</electronicMailAddress>
    <role>CONTENT_PROVIDER</role>
</associatedParty>
<associatedParty>
    <individualName>
        <givenName>Doug</givenName>
      <surName>Nelson</surName>
    </individualName>
    <organizationName>Ohio State University</organizationName>
    <positionName>Director, Assoc. Professor</positionName>
    <electronicMailAddress>nelson.228@osu.edu</electronicMailAddress>
    <role>CONTENT_PROVIDER</role>
</associatedParty>
<associatedParty>
    <individualName>
        <givenName>Tamaki</givenName>
      <surName>Yuri</surName>
    </individualName>
    <organizationName>Sam Noble Oklahoma Museum of Natural History</organizationName>
    <positionName>Collection Manager</positionName>
    <address>
        <deliveryPoint>2401 Chautauqua Ave.</deliveryPoint>
        <city>Norman</city>
        <administrativeArea>Oklahoma</administrativeArea>
        <postalCode>73072</postalCode>
        <country>UNITED_STATES</country>
    </address>
    <phone>405-325-8243</phone>
    <electronicMailAddress>tyuri@ou.edu</electronicMailAddress>
    <role>CONTENT_PROVIDER</role>
</associatedParty>
<associatedParty>
    <individualName>
        <givenName>René</givenName>
      <surName>Corado</surName>
    </individualName>
    <organizationName>Western Foundation of Vertebrate Zoology</organizationName>
    <positionName>Collections Manager</positionName>
    <address>
        <deliveryPoint>439 Calle San Pablo</deliveryPoint>
        <city>Camarillo</city>
        <administrativeArea>CA</administrativeArea>
        <postalCode>93012</postalCode>
        <country>UNITED_STATES</country>
    </address>
    <phone>+01 805 388 9944</phone>
    <electronicMailAddress>rene@wfvz.org</electronicMailAddress>
    <role>CONTENT_PROVIDER</role>
</associatedParty>
<associatedParty>
    <individualName>
      <surName>D. Yaetman-Berthelot et G. Jarry (SEOF)</surName>
    </individualName>
    <address>
        <country>FRANCE</country>
    </address>
    <role>CONTENT_PROVIDER</role>
</associatedParty>
<associatedParty>
    <individualName>
        <givenName>John</givenName>
      <surName>Demboski</surName>
    </individualName>
    <organizationName>Denver Museum of Nature &amp; Science</organizationName>
    <positionName>Curator of Vertebrate Zoology</positionName>
    <address>
        <deliveryPoint>2001 Colorado Blvd.</deliveryPoint>
        <city>Denver</city>
        <administrativeArea>CO</administrativeArea>
        <postalCode>80205-5798</postalCode>
        <country>UNITED_STATES</country>
    </address>
    <phone>+01 303-373-6443</phone>
    <electronicMailAddress>john.demboski@dmns.org</electronicMailAddress>
    <role>CONTENT_PROVIDER</role>
</associatedParty>
<associatedParty>
    <individualName>
        <givenName>Rick</givenName>
      <surName>Feeney</surName>
    </individualName>
    <organizationName>Natural History Museum of Los Angeles County</organizationName>
    <positionName>Fishes Collection Manager</positionName>
    <address>
        <deliveryPoint>900 Exposition Blvd.</deliveryPoint>
        <city>Los Angeles</city>
        <administrativeArea>CA</administrativeArea>
        <postalCode>90007</postalCode>
        <country>UNITED_STATES</country>
    </address>
    <phone>+01 213 763 3374</phone>
    <electronicMailAddress>rfeeney@nhm.org</electronicMailAddress>
    <role>CONTENT_PROVIDER</role>
</associatedParty>
<associatedParty>
    <individualName>
        <givenName>Gretchen</givenName>
      <surName>Knapp</surName>
    </individualName>
    <organizationName>John Wesley Powell-Dale Birkenholz Natural History Collections</organizationName>
    <positionName>Collections Manager</positionName>
    <address>
        <deliveryPoint>411 SLB (Science Lab Building)</deliveryPoint>
        <city>Normal</city>
        <administrativeArea>IL</administrativeArea>
        <postalCode>61790-4120</postalCode>
        <country>UNITED_STATES</country>
    </address>
    <phone>+01 309-438-5556</phone>
    <electronicMailAddress>geknapp@ilstu.edu</electronicMailAddress>
    <role>CONTENT_PROVIDER</role>
</associatedParty>
<associatedParty>
    <individualName>
      <surName>A. Turpaud et B. Lequette</surName>
    </individualName>
    <address>
        <country>FRANCE</country>
    </address>
    <role>CONTENT_PROVIDER</role>
</associatedParty>
<associatedParty>
    <individualName>
        <givenName>Stein Arild</givenName>
      <surName>Hoem</surName>
    </individualName>
    <organizationName>Artsbanken</organizationName>
    <positionName>Overingeniør</positionName>
    <address>
        <deliveryPoint>Elvegata 17</deliveryPoint>
        <city>Trondheim</city>
        <postalCode>7012</postalCode>
    </address>
    <phone>73 59 07 92</phone>
    <electronicMailAddress>stein.hoem@artsdatabanken.no</electronicMailAddress>
    <role>CONTENT_PROVIDER</role>
</associatedParty>
<associatedParty>
    <individualName>
        <givenName>Bradley</givenName>
      <surName>Millen</surName>
    </individualName>
    <organizationName>Royal Ontario Museum</organizationName>
    <positionName>Database Technician</positionName>
    <address>
        <deliveryPoint>100 Queen&apos;s Park</deliveryPoint>
        <city>Toronto</city>
        <administrativeArea>Ontario</administrativeArea>
        <postalCode>M5S 2C6</postalCode>
        <country>CANADA</country>
    </address>
    <phone>1-416-586-5768</phone>
    <electronicMailAddress>bradm@rom.on.ca</electronicMailAddress>
    <role>CONTENT_PROVIDER</role>
</associatedParty>
<associatedParty>
    <individualName>
        <givenName>Christopher</givenName>
      <surName>Witt</surName>
    </individualName>
    <organizationName>Museum of Southwestern Biology</organizationName>
    <positionName>Curator of Birds</positionName>
    <address>
        <deliveryPoint>University of New Mexico</deliveryPoint>
        <city>Albuquerque</city>
        <administrativeArea>NM</administrativeArea>
        <postalCode>87131-0001</postalCode>
        <country>UNITED_STATES</country>
    </address>
    <phone>(505) 277-8169</phone>
    <electronicMailAddress>cwitt@unm.edu</electronicMailAddress>
    <role>CONTENT_PROVIDER</role>
</associatedParty>
<associatedParty>
    <individualName>
      <surName>Liam Lysaght</surName>
    </individualName>
    <organizationName>Collated by the National Biodiversity Data Centre from different sources</organizationName>
    <address>
        <deliveryPoint>National Biodiversity Data Centre, Carriganore, WIT West Campus, Waterford</deliveryPoint>
    </address>
    <phone>+ 353 51 306240</phone>
    <electronicMailAddress>llysaght@biodiversityireland.ie</electronicMailAddress>
    <role>CONTENT_PROVIDER</role>
</associatedParty>
<associatedParty>
    <individualName>
        <givenName>Tamaki</givenName>
      <surName>Yuri</surName>
    </individualName>
    <organizationName>Sam Noble Oklahoma Museum of Natural History</organizationName>
    <positionName>Collection Manager</positionName>
    <address>
        <deliveryPoint>2401 Chautauqua Ave.</deliveryPoint>
        <city>Norman</city>
        <administrativeArea>OK</administrativeArea>
        <postalCode>73072</postalCode>
        <country>UNITED_STATES</country>
    </address>
    <phone>405-325-8243</phone>
    <electronicMailAddress>tyuri@ou.edu</electronicMailAddress>
    <role>CONTENT_PROVIDER</role>
</associatedParty>
<associatedParty>
    <individualName>
        <givenName>Stanley</givenName>
      <surName>Blum</surName>
    </individualName>
    <organizationName>California Academy of Sciences</organizationName>
    <positionName>Research Information Manager</positionName>
    <address>
        <deliveryPoint>55 Music Concourse Dr.</deliveryPoint>
        <city>San Francisco</city>
        <administrativeArea>CA</administrativeArea>
        <postalCode>94118</postalCode>
        <country>UNITED_STATES</country>
    </address>
    <phone>+1 (415) 379-5189</phone>
    <electronicMailAddress>sblum@calacademy.org</electronicMailAddress>
    <role>CONTENT_PROVIDER</role>
</associatedParty>
<associatedParty>
    <individualName>
        <givenName>Jean L.</givenName>
      <surName>Woods, Ph.D.</surName>
    </individualName>
    <organizationName>Delaware Museum of Natural History</organizationName>
    <positionName>Curator of Birds</positionName>
    <address>
        <deliveryPoint>4840 Kennett Pike</deliveryPoint>
        <city>Wilmington</city>
        <administrativeArea>DE</administrativeArea>
        <postalCode>19807-0937</postalCode>
        <country>UNITED_STATES</country>
    </address>
    <phone>+01 302-658-9111 -- 314</phone>
    <electronicMailAddress>jwoods@delmnh.org</electronicMailAddress>
    <role>CONTENT_PROVIDER</role>
</associatedParty>
<associatedParty>
    <individualName>
        <givenName>Mickael</givenName>
      <surName>Graf</surName>
    </individualName>
    <organizationName>GBIF-Sweden</organizationName>
    <positionName>Database developer</positionName>
    <address>
        <city>Stockholm</city>
        <country>SWEDEN</country>
    </address>
    <electronicMailAddress>mickael.graf@nrm.se</electronicMailAddress>
    <role>CONTENT_PROVIDER</role>
</associatedParty>
<associatedParty>
    <individualName>
        <givenName>MCZ</givenName>
      <surName>Harvard University</surName>
    </individualName>
    <organizationName>Museum of Comparative Zoology</organizationName>
    <address>
        <deliveryPoint>26 Oxford Street</deliveryPoint>
        <city>Cambridge</city>
        <administrativeArea>MA</administrativeArea>
        <postalCode>02138</postalCode>
        <country>UNITED_STATES</country>
    </address>
    <role>CONTENT_PROVIDER</role>
</associatedParty>
<associatedParty>
    <individualName>
      <surName>blasbenito</surName>
    </individualName>
    <role>AUTHOR</role>
</associatedParty>
<associatedParty>
    <individualName>
      <surName>GBIF Download Service</surName>
    </individualName>
    <role>ORIGINATOR</role>
</associatedParty>
<associatedParty>
    <individualName>
      <surName>GBIF Download Service</surName>
    </individualName>
    <role>METADATA_AUTHOR</role>
</associatedParty>
<pubDate>
        2014-04-17
</pubDate>
<language>ENGLISH</language>
<abstract>
  <para>A dataset containing all occurrences available in GBIF matching the query: {&quot;type&quot;:&quot;and&quot;,&quot;predicates&quot;:[{&quot;type&quot;:&quot;equals&quot;,&quot;key&quot;:&quot;HAS_COORDINATE&quot;,&quot;value&quot;:&quot;true&quot;},{&quot;type&quot;:&quot;equals&quot;,&quot;key&quot;:&quot;SPATIAL_ISSUES&quot;,&quot;value&quot;:&quot;false&quot;},{&quot;type&quot;:&quot;equals&quot;,&quot;key&quot;:&quot;TAXON_KEY&quot;,&quot;value&quot;:&quot;2480506&quot;}]}&lt;br/&gt;The dataset includes records from the following constituent datasets. The full metadata for each constituent is also included in this archive:&lt;br/&gt;1 records from Western Australian Museum provider for OZCAM&lt;br/&gt;1 records from Aves del Parque Nacional Cumbres de Monterrey, Nuevo León, México&lt;br/&gt;1 records from GEO Hauptveranstaltung Tirol (Innsbruck)&lt;br/&gt;1 records from Anymals+plants - Citizen Science Data&lt;br/&gt;1 records from PIROP (Shipboard Surveys)&lt;br/&gt;1 records from MZFC/Coleccion de Aves&lt;br/&gt;1 records from Borror Laboratory of Bioacoustics&lt;br/&gt;1 records from Field Study Group of the Dutch Mammal Society (NL) - 2003 - Mammal Survey Alvao Natural Park, Portugal&lt;br/&gt;1 records from Field Study Group of the Dutch Mammal Society (NL) - 2012 - Mammal Survey Galicia, Spain&lt;br/&gt;1 records from The First Atlas of Wintering Birds in Britain and Ireland: 1981/82-1983/84.&lt;br/&gt;1 records from inatura - Erlebnis Naturschau Dornbirn&lt;br/&gt;1 records from Field Study Group of the Dutch Mammal Society (NL) - 2005 - Mammal Survey Pol&apos;ana Biosphere reserve, Slovakia&lt;br/&gt;1 records from Borror Lab of Bioacoustics (BLB), Ohio State University&lt;br/&gt;1 records from Estación Experimental de Zonas Áridas (CSIC) EEZA - Aves&lt;br/&gt;1 records from Base de datos de aves mexicanas del Natural History Museum, Tring, Inglaterra&lt;br/&gt;1 records from Eggs Specimen&lt;br/&gt;1 records from Inventario nacional de especies vegetales y animales de uso artesanal&lt;br/&gt;1 records from Bay of Fundy Species List (OBIS Canada)&lt;br/&gt;1 records from ISU Birds&lt;br/&gt;1 records from Ontario Breeding Bird Atlas 1981-1985&lt;br/&gt;1 records from Marsh Monitoring Program - Birds&lt;br/&gt;1 records from Birds of Ireland&lt;br/&gt;1 records from Lech 2001&lt;br/&gt;2 records from BIRDRACE Kosmos-Racer&lt;br/&gt;2 records from National System of Protected Areas in Poland - Animals&lt;br/&gt;2 records from C.A. Triplehorn Insect Collection (OSUC), Ohio State University&lt;br/&gt;2 records from New Mexico Biodiversity Collections Consortium database&lt;br/&gt;2 records from Ohio State University Tetrapod Division - Bird Collection (OSUM)&lt;br/&gt;2 records from Distribución, abundancia y riqueza específica de la avifauna terrestre en la Isla Espíritu Santo, Baja California Sur, México&lt;br/&gt;2 records from CUMV Bird Collection (Arctos)&lt;br/&gt;3 records from RSPB - RSPB Reserves breeding bird surveys&lt;br/&gt;3 records from Aves de las reservas de la biosfera de Durango: La Michilía y Mapimí&lt;br/&gt;3 records from EDIT - ATBI in Mercantour/Alpi Marittime (France/Italy)&lt;br/&gt;3 records from BioFokus&lt;br/&gt;3 records from Ornithology specimens&lt;br/&gt;3 records from Colección científica del Museo de Historia Natural Alfredo Dugés&lt;br/&gt;4 records from Museu de Ciències Naturals de Barcelona: MCNB-Tissue&lt;br/&gt;4 records from BC Coastal Waterbird Survey&lt;br/&gt;4 records from Bird tissue collection, Natural History Museum, University of Oslo&lt;br/&gt;5 records from UAM Bird Collection (Arctos)&lt;br/&gt;5 records from NBM birds&lt;br/&gt;5 records from Bird and Mammal specimens&lt;br/&gt;6 records from UWYMV Bird Collection (Arctos)&lt;br/&gt;6 records from DMNH Birds&lt;br/&gt;7 records from Cowan Tetrapod Collection - Birds&lt;br/&gt;7 records from Tullie House Museum - Tullie House Museum Natural History Collections.  &lt;br/&gt;8 records from The atlas of breeding birds in Małopolska&lt;br/&gt;8 records from Inventario Fauna Vertebrada de la Manchuela Conquense (CUENCA), 2007. Asociación de Desarrollo Integral de la Manchuela Conquense (ADIMAN)&lt;br/&gt;9 records from Paleobiology Database&lt;br/&gt;10 records from Museu de Ciències Naturals de Barcelona: MCNB-Cord&lt;br/&gt;10 records from John Muir Trust - Species Records for John Muir Trust Properties Nevis, Sandwood, Quinag and Schiehallion 2010.&lt;br/&gt;10 records from Wetland Inventory (NV)&lt;br/&gt;11 records from RBINS collections&lt;br/&gt;11 records from Peabody Ornithology DiGIR Service&lt;br/&gt;11 records from UNSM Vertebrate Specimens&lt;br/&gt;15 records from CAS Ornithology (ORN)&lt;br/&gt;17 records from Birds Specimens&lt;br/&gt;20 records from U.S.D.A. Forest Service, Redwood Sciences Laboratory - Lamna Point Count&lt;br/&gt;21 records from Bird specimens&lt;br/&gt;23 records from Point Reyes Bird Observatory - Point Counts&lt;br/&gt;26 records from Bird Observational Records&lt;br/&gt;27 records from Ontario Nest Records&lt;br/&gt;27 records from LACM Vertebrate Collection&lt;br/&gt;28 records from Royal British Columbia Museum&lt;br/&gt;28 records from Bird Specimens&lt;br/&gt;29 records from John Muir Trust - Species Records for John Muir Trust Properties 2007-2009&lt;br/&gt;31 records from MSB Bird Collection (Arctos)&lt;br/&gt;33 records from PSM Vertebrates Collection&lt;br/&gt;35 records from Canadian Museum of Nature Bird Collection&lt;br/&gt;40 records from Museum of Comparative Zoology, Harvard University&lt;br/&gt;43 records from Macaulay Library Audio and Video Collection&lt;br/&gt;49 records from UMMZ Birds Collection&lt;br/&gt;52 records from SBMNH Vertebrate Zoology&lt;br/&gt;52 records from Ontario Breeding Bird Atlas 2001-2005&lt;br/&gt;55 records from Estonian Nature Observations Database&lt;br/&gt;58 records from iNaturalist research-grade observations&lt;br/&gt;58 records from MVZ Bird Collection (Arctos)&lt;br/&gt;60 records from DMNS Bird Collection (Arctos)&lt;br/&gt;66 records from Fieldjournal.org observation database&lt;br/&gt;75 records from Ornithology Collection Non Passeriformes - Royal Ontario Museum&lt;br/&gt;75 records from Ornithology Collection Non Passeriformes - Royal Ontario Museum&lt;br/&gt;77 records from Provincial Museum of Alberta, Edmonton, AB, Canada. Birds (Aves)&lt;br/&gt;96 records from National Trust for Scotland - NTS Properties Sensitive Species Records 1800-2013&lt;br/&gt;124 records from Inventaire National du Patrimoine Naturel (I216) : Inventaire du Parc national du Mercantour&lt;br/&gt;168 records from Argyll Bird Club - Bird records for Argyll for the years 2002 and 2003&lt;br/&gt;175 records from North West Territories and Nunavut Bird Checklist, Canada&lt;br/&gt;194 records from MVZ Egg and Nest Collection (Arctos)&lt;br/&gt;216 records from Inventaire National du Patrimoine Naturel : Oiseaux nicheurs de France&lt;br/&gt;282 records from Israel Nature and Parks Authority&lt;br/&gt;412 records from Banco de Datos de la Biodiversidad de la Comunitat Valenciana&lt;br/&gt;479 records from Finnish Winter Bird Census&lt;br/&gt;611 records from Biologiezentrum Linz&lt;br/&gt;858 records from WFVZ Bird Collections&lt;br/&gt;880 records from Inventaire National du Patrimoine Naturel : Oiseaux hivernants de France&lt;br/&gt;1534 records from Ministerio de Medio Ambiente, y Medio Rural y Marino. Dirección General de Medio Natural y Política Forestal. Inventario Nacional de Biodiversidad 2007, Aves Reproductoras&lt;br/&gt;1846 records from Great Backyard Bird Count&lt;br/&gt;3937 records from Norwegian Species Observation Service&lt;br/&gt;4188 records from Norwegian Biodiversity Information Centre - Other datasets&lt;br/&gt;11815 records from Hawk Migration Association of North America - HawkCount&lt;br/&gt;12747 records from Tiira information service&lt;br/&gt;43576 records from eBird&lt;br/&gt;</para>
</abstract>

</dataset>

<additionalMetadata>
  <metadata>
    <gbif>
        <citation identifier="0000957-140414153444004">GBIF Occurrence Download 0000957-140414153444004</citation>
          <physical>
            <objectName></objectName>
            <characterEncoding>UTF-8</characterEncoding>
            <dataFormat>
              <externallyDefinedFormat>
                <formatName>Darwin Core Archive</formatName>
              </externallyDefinedFormat>
            </dataFormat>
            <distribution>
              <online>
                <url function="download">http://api.gbif.org/v0.9/occurrence/download/request/0000957-140414153444004.zip</url>
              </online>
            </distribution>
          </physical>
    </gbif>
  </metadata>
</additionalMetadata>

</eml:eml>
