<archive xmlns="http://rs.tdwg.org/dwc/text/" metadata="metadata.xml">
  <core encoding="UTF-8" fieldsTerminatedBy="\t" linesTerminatedBy="\n" fieldsEnclosedBy="" ignoreHeaderLines="1" rowType="http://rs.tdwg.org/dwc/terms/Occurrence">
    <files>
      <location>occurrence.txt</location>
    </files>
    <id index="0" />
    <field index="0" term="http://rs.tdwg.org/dwc/terms/occurrenceID"/>
    <field index="1" term="http://rs.tdwg.org/dwc/terms/datasetID"/>
    <field index="2" term="http://rs.tdwg.org/dwc/terms/institutionCode"/>
    <field index="3" term="http://rs.tdwg.org/dwc/terms/collectionCode"/>
    <field index="4" term="http://rs.tdwg.org/dwc/terms/catalogNumber"/>
    <field index="5" term="http://rs.tdwg.org/dwc/terms/basisOfRecord"/>
    <field index="6" term="http://rs.tdwg.org/dwc/terms/scientificName"/>
    <field index="7" term="http://rs.tdwg.org/dwc/terms/scientificNameAuthorship"/>
    <field index="8" term="http://rs.tdwg.org/dwc/terms/taxonID"/>
    <field index="9" term="http://rs.tdwg.org/dwc/terms/kingdom"/>
    <field index="10" term="http://rs.tdwg.org/dwc/terms/phylum"/>
    <field index="11" term="http://rs.tdwg.org/dwc/terms/class"/>
    <field index="12" term="http://rs.tdwg.org/dwc/terms/order"/>
    <field index="13" term="http://rs.tdwg.org/dwc/terms/family"/>
    <field index="14" term="http://rs.tdwg.org/dwc/terms/genus"/>
    <field index="15" term="http://rs.tdwg.org/dwc/terms/specificEpithet"/>
    <field index="16" term="http://rs.gbif.org/terms/1.0/kingdomID"/>
    <field index="17" term="http://rs.gbif.org/terms/1.0/phylumID"/>
    <field index="18" term="http://rs.gbif.org/terms/1.0/classID"/>
    <field index="19" term="http://rs.gbif.org/terms/1.0/orderID"/>
    <field index="20" term="http://rs.gbif.org/terms/1.0/familyID"/>
    <field index="21" term="http://rs.gbif.org/terms/1.0/genusID"/>
    <field index="22" term="http://rs.gbif.org/terms/1.0/speciesID"/>
    <field index="23" term="http://rs.tdwg.org/dwc/terms/countryCode"/>
    <field index="24" term="http://rs.gbif.org/terms/1.0/publishingCountry"/>
    <field index="25" term="http://rs.tdwg.org/dwc/terms/decimalLatitude"/>
    <field index="26" term="http://rs.tdwg.org/dwc/terms/decimalLongitude"/>
    <field index="27" term="http://rs.tdwg.org/dwc/terms/year"/>
    <field index="28" term="http://rs.tdwg.org/dwc/terms/month"/>
    <field index="29" term="http://rs.tdwg.org/dwc/terms/eventDate"/>
    <field index="30" term="http://rs.gbif.org/terms/1.0/elevationInMeters"/>
    <field index="31" term="http://rs.gbif.org/terms/1.0/depthInMeters"/>
    <field index="32" term="http://rs.gbif.org/terms/1.0/verbatimScientificName"/>
    <field index="33" term="http://rs.tdwg.org/dwc/terms/taxonRank"/>
    <field index="34" term="http://rs.gbif.org/terms/1.0/verbatimKingdom"/>
    <field index="35" term="http://rs.gbif.org/terms/1.0/verbatimPhylum"/>
    <field index="36" term="http://rs.gbif.org/terms/1.0/verbatimClass"/>
    <field index="37" term="http://rs.gbif.org/terms/1.0/verbatimOrder"/>
    <field index="38" term="http://rs.gbif.org/terms/1.0/verbatimFamily"/>
    <field index="39" term="http://rs.gbif.org/terms/1.0/verbatimGenus"/>
    <field index="40" term="http://rs.gbif.org/terms/1.0/verbatimSpecificEpithet"/>
    <field index="41" term="http://rs.gbif.org/terms/1.0/verbatimInfraspecificEpithet"/>
    <field index="42" term="http://rs.tdwg.org/dwc/terms/verbatimLatitude"/>
    <field index="43" term="http://rs.tdwg.org/dwc/terms/verbatimLongitude"/>
    <field index="44" term="http://rs.tdwg.org/dwc/terms/coordinatePrecision"/>
    <field index="45" term="http://rs.tdwg.org/dwc/terms/maximumElevationInMeters"/>
    <field index="46" term="http://rs.tdwg.org/dwc/terms/minimumElevationInMeters"/>
    <field index="47" term="http://rs.gbif.org/terms/1.0/elevationPrecision"/>
    <field index="48" term="http://rs.tdwg.org/dwc/terms/minimumDepthInMeters"/>
    <field index="49" term="http://rs.tdwg.org/dwc/terms/maximumDepthInMeters"/>
    <field index="50" term="http://rs.gbif.org/terms/1.0/depthPrecision"/>
    <field index="51" term="http://rs.tdwg.org/dwc/terms/continent"/>
    <field index="52" term="http://rs.tdwg.org/dwc/terms/stateProvince"/>
    <field index="53" term="http://rs.tdwg.org/dwc/terms/county"/>
    <field index="54" term="http://rs.tdwg.org/dwc/terms/country"/>
    <field index="55" term="http://rs.tdwg.org/dwc/terms/recordedBy"/>
    <field index="56" term="http://rs.tdwg.org/dwc/terms/locality"/>
    <field index="57" term="http://rs.gbif.org/terms/1.0/verbatimYear"/>
    <field index="58" term="http://rs.gbif.org/terms/1.0/verbatimMonth"/>
    <field index="59" term="http://rs.tdwg.org/dwc/terms/day"/>
    <field index="60" term="http://rs.gbif.org/terms/1.0/verbatimBasisOfRecord"/>
    <field index="61" term="http://rs.tdwg.org/dwc/terms/identifiedBy"/>
    <field index="62" term="http://rs.tdwg.org/dwc/terms/dateIdentified"/>
    <field index="63" term="http://rs.gbif.org/terms/1.0/created"/>
    <field index="64" term="http://rs.gbif.org/terms/1.0/modified"/>
  </core>
</archive>
