y;x
-36.17748;149.88279
-31.86948;151.64637
-30.08661;152.37526
-29.05147;152.94659
-13.7285;132.7011
-13.1616;135.859
-24.08443;132.65436
-13.9075;136.81783
-11.80833;133.65333
-24.29858;132.30129
-12.59067;132.35034
-12.41489;132.3707
-21.14857;132.25126
-12.88873;132.9178
-25.8498;133.2938
42.85;-3.92
43.1;-5.4
40.96;-1.99
42.39;-7
43.09;-5.89
41.41;-4.14
41.68;-4.62
50.95;84.75
-19.94599;134.18005
47.88348;4.67251
48.15982;4.14321
46.80152;4.77028
47.8149;7.34479
47.59942;5.46236
46.33377;0.33451
48.78297;4.70133
45.28129;2.17094
48.46918;-2.89026
48.21934;-2.45735
47.51717;5.05979
48.1514;4.81549
47.27563;-1.30114
45.81933;1.90527
44.89081;5.72368
47.52353;4.66125
44.19886;1.93649
46.8069;1.62303
45.46137;2.16826
48.16212;3.87424
45.46034;3.95969
48.49591;5.63985
49.51431;3.06902
44.52775;5.83209
46.0747;5.13514
48.13623;5.62188
47.33221;0.68238
46.53146;4.7615
48.31301;5.76564
46.58662;-0.33136
45.34671;0.50954
46.24674;5.53139
48.12658;6.02487
45.99323;4.61505
48.41678;5.09504
46.81498;3.19673
43.3646;5.52816
43.48267;2.44399
47.9999;-3.24144
46.50395;-0.06529
47.96704;5.07726
44.63209;5.20663
46.60375;0.32128
47.76686;6.00442
46.90517;2.93431
46.27398;2.5455
48.93558;6.07192
47.32949;5.44998
46.34712;0.9843
48.29918;-0.3047
48.33514;4.55189
47.52702;4.39551
47.25157;4.7851
48.99243;7.1696
47.98958;7.49339
44.16464;5.93911
45.99131;1.25579
45.27474;1.53332
47.70701;4.40023
46.9898;4.11845
48.07422;-1.63508
48.71009;-3.46277
43.8591;7.04383
46.3274;5.92531
45.54308;1.39806
43.17554;0.11119
47.35486;2.66882
46.06378;0.34761
46.42377;5.66988
47.28966;6.90479
48.18398;7.10569
48.30287;6.16996
46.63087;2.01966
47.5349;2.6677
47.16533;4.51817
49.33361;3.48142
47.78208;5.33722
47.62536;2.93343
48.49477;-2.35037
47.26514;3.19838
48.78809;4.2931
43.19514;0.97123
48.05992;-3.78731
46.78672;0.4434
47.63516;7.33014
44.17405;0.43581
48.36577;-3.14948
46.906;-1.53489
47.71485;-1.60378
47.42893;-1.97789
43.96629;6.55244
47.07156;4.77914
45.81126;1.26148
47.77341;5.73759
47.69941;4.93346
47.94376;-2.56323
48.82198;6.88321
43.66317;2.56619
46.3274;0.07469
46.88225;0.70164
47.95635;5.61298
46.96955;5.43366
45.07382;0.39455
47.84187;-0.54387
48.64858;-2.9105
46.06953;0.60621
47.65794;6.66501
43.57263;3.55688
48.34408;-3.55314
42.72285;0.01163
48.18858;-0.97131
44.71085;5.71497
48.35891;-1.25454
45.88378;0.35627
45.87408;-0.03026
45.73443;2.80711
44.06773;6.18395
49.51101;3.89717
47.68673;-2.26914
48.60111;4.83108
45.62213;0.75393
45.42417;6.00573
47.03641;6.35914
44.12404;7.18781
43.75188;3.68277
46.57024;-0.85316
46.72099;-1.65057
43.59838;-0.77753
47.97987;1.86067
49.39762;5.54824
46.88982;-1.92824
48.60498;4.55989
48.07507;-3.51975
44.35398;5.57234
48.51967;4.15105
47.55938;6.92451
47.33478;5.18526
46.24955;0.59834
47.70352;4.66686
43.75004;3.93103
47.75971;-0.27119
45.24755;5.86866
44.20314;2.56206
43.9276;1.81701
43.01294;0.85501
47.17301;2.27385
44.83112;2.17758
44.7756;6.6036
48.41849;-3.83372
46.62342;1.36624
44.22319;6.94446
62.57925;10.28738
60.33401;11.97975
59.22302;11.40521
58.7492;7.59354
69.47647;25.13021
61.01124;11.17907
63.45829;9.79831
61.22234;10.04272
59.34734;11.03633
61.77386;11.17029
61.7621;11.86131
60.29872;11.54773
61.24874;10.4853
64.5288;13.40773
60.35271;12.50426
62.11058;8.95402
62.35414;10.77924
60.67566;12.124
68.90616;24.34773
61.82309;10.98113
-25.76601;133.60075
-24.34058;131.68029
-23.80939;133.77905
43.533;-1.05
52.283;-8.65
45.7264;13.7294
62.16667;-139.16667
63.8925;-147.02889
61.55;-153.53333
64.23639;-147.74056
64.28333;-146.33333
68.23333;-152.7
67.75;-151.45
65.75;-142.16667
67;-151.66667
65.33333;-141.5
65.28194;-126.82917
56.33333;-133.3
65.53333;-117.51667
62.7;-112.3
64.81667;-116.25
65.65;-116.2
-31.25932;152.78577
-33.81885;150.26639
-33.67125;151.10918
-28.85529;152.33657
-35.60917;149.51616
-36.98138;149.73212
-30.49765;152.96044
-32.74815;150.94015
-31.3215;152.96449
-35.79422;148.84624
-32.51527;150.31081
-33.21063;151.09289
-33.89559;150.97417
-28.33211;153.54483
-29.93767;153.14666
-31.3633;151.87603
-30.2428;152.77242
-32.0258;152.44365
29.72809;34.97268
31.40142;35.3777
30.04474;34.97713
32.76054;35.68336
32.84272;35.45297
-37.26617;149.58233
-36.97004;149.43335
-28.38644;153.06537
-37.15722;149.92347
-33.61543;151.30117
-33.9824;147.14955
-32.58624;150.54991
-32.96502;150.37344
-36.7618;149.00109
-36.62204;149.41416
-28.93488;152.14499
-34.92212;150.55256
-35.27398;150.42307
-28.50304;153.30547
-32.67855;152.17684
-32.37878;150.68963
-32.47396;151.69161
-32.12061;150.71699
-34.20327;149.90595
-29.58661;153.32404
-36.13972;149.48387
-32.4358;151.99605
-29.6397;152.88442
-30.10774;153.18211
-28.69613;153.40897
55.6667;-124.4833
42.58982;-72.68852
-30.55121;152.67474
-33.77934;142.36492
-30.6417;148.82631
-34.22074;150.1872
-34.45345;150.7241
-32.9607;151.46199
-34.03078;150.46796
-31.84581;152.43346
-37.37012;149.94979
-28.81141;152.76946
-29.32928;151.91061
-32.16582;152.2603
-28.93765;153.18221
-32.83148;151.73004
-29.14276;153.25169
-34.58591;150.1166
-29.43745;152.83659
-33.39946;151.028
-35.88536;148.45582
-33.82861;150.01671
-33.17539;151.5167
-33.36365;150.04241
-35.27231;148.63396
-28.62363;152.74992
-31.12838;152.5637
-30.89632;152.99167
-35.95053;149.29579
-33.42268;150.54431
-29.09343;153.42856
48.53;9.52
-35.73943;148.12966
46.1588;-84.3636
59.43127;11.57391
60.8111;11.54679
60.11689;12.40985
60.44424;12.26996
61.04236;10.9034
60.09149;11.62525
62.14521;11.30813
45.07382;5.60545
46.45133;-1.62756
48.53805;-3.30561
46.78672;5.5566
46.6194;1.10493
47.86335;0.25778
48.59773;-3.85717
49.21183;5.81369
48.38122;6.58023
44.34111;6.07379
46.60375;5.67872
46.09388;3.45301
46.44827;1.76237
47.14953;5.44179
43.46493;5.03829
48.52368;3.60941
47.94644;-4.17618
45.19343;2.55429
46.79479;5.16349
47.97849;4.27335
43.88788;6.17392
47.1572;5.04602
47.51717;0.94021
45.807;1.00402
48.61517;2.93217
49.06157;3.88939
45.46297;3.57583
45.68693;-0.27718
47.59031;5.86134
47.00594;-1.27964
45.82315;2.42041
48.20001;-2.86017
47.84583;6.41031
44.33382;6.32443
45.08208;5.22438
43.75103;2.1931
46.9853;4.51311
48.02167;6.55591
48.82114;-3.06668
45.90658;1.64552
48.92035;6.61734
45.2538;5.61386
44.92418;2.93663
45.97953;5.38987
44.51369;6.33502
47.63516;-1.33014
46.61225;5.28695
42.93935;1.95957
47.31002;6.24378
47.43989;4.12784
46.96813;-2.19898
49.41408;1.41562
44.32181;6.70026
45.6075;0.1127
42.67323;2.45171
44.83328;3.44285
48.42124;4.82481
49.20152;6.22502
45.3521;0.76483
48.20146;6.56802
48.48228;-2.62038
47.24924;-1.96123
46.39467;-0.71047
58.98727;11.62598
61.75044;10.50562
41.24;-3.18
40.87;-4.48
41.66;-5.34
40.59;-4.6
41.96;-3.66
42.38;-6.63
42.48;-7.24
41.77;-2.1
41.84;-5.71
50.417;8.13333
44.95;1
48.383;9.75
-25.99857;133.51796
-21.8147;133.7293
-13.7915;131.353
-24.08704;132.82579
-11.16967;130.4075
-19.14858;131.35125
-23.67885;133.27288
-20.53773;130.31786
51.06667;10.73333
47.75;19.05
-29.85;152.77205
-28.35391;152.56969
-32.99753;150.98324
-37.11294;149.2375
-31.65001;152.37777
-29.39238;153.36076
-33.62118;150.8074
-34.01468;151.16007
-36.70149;148.24937
-36.68498;149.8887
-36.0768;148.50541
46.02956;-78.48236
-33.16106;150.07851
-34.01794;150.04299
-28.61923;152.48981
-34.13396;150.74836
-29.57687;152.20712
-30.75524;152.71585
-31.70491;152.65156
-32.57471;149.57484
-30.89816;151.92335
-33.35755;150.82294
-31.67923;151.7045
-29.70271;152.59481
-32.1404;151.47963
-36.52587;148.26009
-32.31371;152.51775
-36.70245;148.76448
-30.51118;142.89226
-34.22851;150.54423
-34.48655;147.1881
-35.95776;148.13904
-32.17653;150.99063
-31.26777;146.38232
-36.34626;149.3511
-31.54951;150.84795
-36.10207;147.02974
61.11667;-159.13333
65.01667;-149.55
69.33333;-154.66667
56.0113;-132.9609
65;-141.33333
60.33333;-150
64.13333;-118.23333
30.67997;35.21986
-35.45753;149.71872
-35.65291;150.28696
-33.54663;150.28143
-33.21074;151.30165
-32.43507;151.47504
-31.30134;150.66235
-30.41367;152.30038
-30.27722;153.14041
32.8667;22.1667
42.3;-5
43;-6.24
38.17;-4.31
38.17;-4.08
42.13;-7.85
43.29;-5.28
41.5;-4.5
41.84;-6.29
-25.49857;132.96796
-24.94659;131.1983
-20.94859;130.41794
-16.27055;137.73317
-12.50159;131.00721
-14.20983;136.9335
-29.78696;152.10041
-30.91203;149.69455
30.41224;34.55063
47.35214;2.13895
45.06426;0.01361
46.86728;0.04551
47.24946;1.08272
48.28814;-4.49364
48.76856;5.51751
47.3538;3.59612
46.90427;2.5402
47.25851;4.25629
46.76655;-0.34242
48.53858;-1.26913
47.50945;0.54178
46.50737;5.93497
49.24465;3.06866
46.43223;0.72059
50.051;3.7672
45.04948;-0.4941
43.45733;0.59133
47.52983;-1.72097
46.05404;-0.04019
45.64408;3.32095
48.94537;5.66267
48.4348;2.66201
48.52339;-3.57559
45.45786;1.78442
49.18122;6.91018
43.81424;5.54805
46.7236;2.4108
48.96279;4.70722
48.76251;0.21054
45.82418;3.322
47.43535;1.47418
48.42972;1.85092
46.81094;2.0164
47.66599;6.3988
48.75229;6.19726
49.49295;5.27689
47.22716;5.97426
46.93852;-0.61621
48.15523;4.54661
49.68836;4.1773
49.13088;5.39804
43.12285;2.44745
44.70092;6.09344
46.21477;6.69829
46.34474;5.14568
46.26953;1.89627
48.33837;4.28205
49.96308;2.65188
43.84464;7.41636
45.46355;2.55213
46.08946;1.89988
45.27779;4.21165
47.21631;-0.37037
42.39996;1.96916
45.7769;6.28252
49.23903;4.16706
48.67263;5.78466
47.50354;0.27623
44.38259;2.43515
46.70479;0.84009
43.2932;1.46051
46.05744;5.91094
48.64231;6.86986
44.294;2.93734
47.76686;-0.00442
45.91158;2.16146
60.56589;11.66729
62.10076;10.72223
59.60058;10.92228
61.27322;10.83342
61.00027;11.59637
61.55413;9.46481
62.46241;11.24143
59.34648;10.85337
61.68779;12.19475
58.75452;8.35188
60.43596;11.26038
-11.07959;136.72238
57.08333;-124.25
63.98333;-148.51667
68.73333;-151.9
62.1053;-145.6705
63.2796;-141.6709
58.20278;-134.14583
63.78;-148.68667
56.66667;-132.83333
65.06667;-117.88333
65.1;-117
64.56667;-119.83333
-28.72852;153.10501
-36.69678;148.43424
-28.16442;153.49101
32.59245;35.5163
32.41859;35.42959
-35.64943;148.3315
-35.92307;150.14703
-32.58104;151.11555
-30.86973;142.34543
-32.37402;151.17147
-33.03843;151.16869
-31.81738;150.81131
-33.7463;149.55106
-29.80877;143.71435
-32.39961;152.27482
-29.16513;152.72394
-33.01423;151.70353
-33.21742;150.59869
-30.81855;152.13646
-34.46814;149.91296
-31.90993;151.44219
-32.65308;150.72689
-30.17988;152.57019
-32.11266;149.75609
-28.63058;153.58196
-32.05969;151.68222
-33.20628;145.06999
-12.41305;136.86215
-25.17004;132.13666
63.18333;-139.6
42.23;-3.06
41.95;-4.03
40.59;-5.19
42.23;-2.82
42.46;-5.98
42.93;-7.22
42.22;-4.39
41.03;-5.68
41.84;-5.47
-19.14859;130.35126
-25.5663;134.449
-13.312;132.7808
42.99899;0.2426
44.65107;3.81979
49.58986;1.13366
43.65767;4.17742
46.27072;3.9739
46.95021;-0.22218
45.27779;1.78835
46.31287;-0.44476
46.17136;1.25006
48.41687;-2.07154
49.31576;0.86848
47.32663;0.41768
48.21528;-4.21283
45.30668;-0.89347
45.10426;2.93643
48.14695;0.91566
43.11795;1.83357
47.29403;-0.77263
45.45115;4.72726
46.42956;5.40958
46.44827;4.23763
48.52476;3.33857
46.54188;3.84824
46.039;-0.55702
48.61193;3.88175
46.92548;-1.01007
44.82765;4.20194
46.74563;-0.99677
46.62685;1.62759
43.60671;-0.53016
47.46025;7.18305
43.2472;-0.50817
45.55448;3.06409
46.6839;-0.07544
44.65409;3.06306
45.64306;2.42229
49.69356;3.34629
46.23046;-0.17984
47.95009;5.88075
43.52457;6.27759
48.70357;3.61151
58.57193;7.55626
58.08825;6.9901
61.48826;12.23341
59.72515;11.61425
60.95954;11.3695
64.65284;13.11776
61.45052;10.39399
61.23081;11.03586
-25.08635;134.36823
-14.62764;129.89695
-34.28;142.08
-12.63042;136.2293
-24.16522;135.88458
-23.53189;134.90125
-14.58468;132.0172
50.183;19.833
52.7451;23.5814
52.94404;-66.90777
-32.84067;151.16786
-33.8271;150.73784
-34.79488;150.72268
-29.11413;152.28325
-32.14507;151.28024
-31.3766;152.59464
-36.09677;150.13394
-32.51084;150.08168
-30.38881;150.10794
-34.18727;151.03806
-23.94167;117.31667
-36.95452;149.92131
-29.98865;152.57914
64.02194;-147.67028
61.06667;-136.83333
30.86873;34.79118
30.8882;34.49618
33.06439;35.2888
30.99836;35.15185
30.61985;34.8131
-31.14683;152.21952
-35.36276;150.03506
-30.69627;151.82971
-35.83786;147.66009
-32.80768;151.89731
66.15;-152.93333
64.01667;-145.75
68.08333;-152.96667
56.56667;-133
64.09361;-147.07389
60.33333;-150.50056
65.16667;-147.5
54.76667;-130.78333
63.77778;-148.51861
63.95;-148.88333
64.52517;-143.453
56.93085;-133.87377
-17.7315;128.1512
-13.2586;136.0533
-32.69616;151.34761
-29.79199;152.39834
49.44554;20.57579
43.29;-4.79
43.01;-5.64
42.67;-3.79
42.04;-7.37
41.42;-2.94
42.1;-6.04
-24.98889;131.89232
-17.06857;133.45122
-12.64858;133.40119
-11.7679;130.0276
-12.294;132.9305
-12.936;132.5872
-36.53;147.37
-13.12;132.67361
-21.00747;134.33765
-20.11523;134.50123
-11.4974;130.5236
-15.75299;135.38394
69.55003;24.93507
61.05847;11.8291
62.72115;11.77559
46.00428;2.67695
43.79046;6.41717
47.62309;3.73227
48.78166;7.97067
47.05368;0.29894
48.92827;6.34467
45.89702;4.99924
48.97337;3.61468
49.13837;4.98714
43.35533;5.89782
44.65394;2.81081
43.91469;0.94565
49.28368;6.50524
46.71971;4.11288
47.89537;2.93309
44.89673;5.47049
43.66402;3.06197
45.90805;4.2255
47.74359;-0.80449
49.33126;3.89404
43.48393;3.18534
46.54456;3.32626
45.91467;3.06451
45.3569;4.97984
48.88453;3.34091
48.50162;5.36927
47.91895;-0.95111
49.31576;5.13152
47.5349;3.3323
46.26672;1.63661
45.17687;1.02654
42.76064;2.0848
46.8069;4.37697
43.88419;-0.29824
47.31365;-0.11152
47.40708;5.98425
43.98476;5.92984
47.48613;6.38737
48.57609;-0.05083
47.04377;6.09596
44.57347;-1.22119
45.73149;3.83581
50.8717;20.5717
32.96055;35.72294
-31.9;115.8
-28.26616;153.24027
-31.59869;149.00299
-36.36886;148.67212
48.24529;-114.29582
55.35;-133.6
63.69111;-146.30417
55.06667;-131.01667
65.5;-145.5
56.1;-132.35
63.83972;-147.96861
62.83333;-142.16667
67.5;-163
55.74204;-101.31688
59.0497;-99.9997
62.6;-112.13333
63.86667;-121.88333
-35.78882;148.64221
-35.72034;149.86606
-30.10989;152.97186
-31.88615;152.23637
-36.47626;149.94788
-35.09934;150.68572
-36.34188;149.51949
41.17;-2.5
-33.72386;150.47138
-31.45472;152.14962
46.285;16.037
41.24;-2.82
42.12;-7
43.22;-8.57
42.57;-5.25
42.28;-6.27
42.67;-4.65
42.68;-8.45
-24.48188;135.53459
-24.09854;137.35123
-23.69856;134.80526
-16.09859;130.41791
-13.36525;132.46787
-12.36526;131.38454
-12.70738;131.71877
-17.3312;133.0277
-14.06858;132.06121
-29.30912;152.18139
-34.49202;150.90714
-30.96984;150.64313
-33.94391;148.88933
-34.20934;147.0545
-32.87847;150.03052
-29.68107;141.88213
-31.73075;149.64188
-32.00476;152.00343
58.44738;8.20955
52.7631;23.8802
61.46247;10.56303
61.30415;12.61387
65.59225;13.58156
61.77116;10.72841
62.19419;10.98703
58.88276;8.03376
62.51795;10.46494
61.7;9.79352
49.69404;2.93074
44.45684;4.94833
43.66495;-1.4025
48.7447;6.46903
47.08298;3.72494
45.72489;1.52138
42.98155;-0.36948
43.68388;6.90731
47.80446;2.53243
47.99951;7.22565
45.10121;2.17361
49.58011;0.58098
46.04682;-0.29864
48.48406;-4.24986
48.16519;3.20176
44.71676;5.46259
48.95113;5.38975
44.78353;-0.35103
43.6747;7.15495
46.62521;4.50309
48.96637;4.43413
47.79533;1.46386
49.23246;4.71612
46.54485;2.80425
47.77934;0.52931
47.07982;1.87969
45.61071;5.75908
43.25856;6.1393
-33.06667;115.73333
-31.82972;151.09771
55.26667;-85.2
49.58333;-90.96667
-29.44768;152.57108
-33.42411;151.42523
-29.00064;142.60793
-36.58361;149.59438
68.33333;-151.05
56.63333;-133.25
62.65;-147.38333
55.3;-133.3
62.9528;-155.6018
68.12692;-145.53767
56.94938;-158.6194
65.5125;-148.57778
60.83333;-145
62.11667;-115.7
41.39;-5.33
41.78;-3.66
43.03;-7.71
41.41;-3.9
41.59;-4.14
41.66;-5.7
-11.15859;132.1412
-29.2189;153.02829
-15.29787;134.13519
-15.5895;136.59179
-24.36521;136.60124
64.6726;-143.6361
64.6;-148.61667
56.35417;-133.62083
55.21667;-131.26667
64.02528;-146.84444
65.75;-147
-35.44436;150.38728
63.38333;-119.13333
65.1;-116.16667
64;-118
61.75209;9.29922
62.12828;8.72965
68.70049;22.93636
62.59163;10.66878
61.62262;11.60307
69.63041;29.65533
-35.19309;150.13787
-23.8289;128.6026
-13.63861;131.82028
-13.10767;132.92885
-23.90838;133.44784
33.4414;-108.2709
-31.4597;138.64042
47.19522;-1.03018
47.26212;3.8596
49.42428;2.79331
47.13373;-0.10113
46.87057;5.82329
47.34535;4.52326
44.47103;2.18282
46.9748;5.1707
49.69167;3.76181
42.76411;2.69492
47.44533;2.93365
48.34529;3.06748
47.57985;-0.26017
43.8049;5.92062
45.01335;2.55573
44.73619;1.67369
44.83328;2.55715
45.63647;4.34787
47.35011;-1.70514
48.48265;6.18082
49.86329;1.40168
42.84359;1.47242
47.962;5.34515
42.91789;0.61372
44.83011;3.94893
43.99698;5.43149
47.4781;-0.65269
43.93313;2.56413
48.34437;3.47237
43.60671;6.53016
45.43379;5.62233
-33.00678;141.584
-30.98963;150.97882
-31.52754;152.83196
56.268;-158.85
51.81667;-121.46667
-29.48492;153.09417
42.04;-2.09
42.92;-6.61
42.49;-8.21
41.75;-6.53
-20.53788;130.58131
-29.35194;136.7725
-19.2486;129.15127
45.133;23.0233
44.59;22.257
-22.94105;134.87165
-14.9478;129.6942
46.09477;3.06472
47.17436;2.5379
46.08946;4.10012
48.34099;4.01218
48.37276;6.85002
43.74113;1.32432
42.83552;0.98379
50.31831;1.94828
48.56096;-0.59251
43.53838;5.78331
45.19415;3.19102
48.16442;3.47076
48.00213;-4.7225
48.59663;0.89777
45.63794;1.78047
47.75128;-2.81069
46.90427;3.4598
42.73813;0.62109
47.46948;-0.91791
47.73461;7.07102
45.23331;-0.37806
48.24135;1.18141
49.78152;2.23685
45.98468;0.86836
44.89948;0.65613
49.38116;6.23627
46.09329;2.41756
46.63356;3.58823
48.48959;5.91037
48.58273;0.22012
46.46158;-1.3674
47.25353;1.34709
48.319;5.49601
47.08508;2.80228
48.17931;-3.26268
60.16218;11.90305
61.29495;12.05437
48.556;10.1905
48.7725;11.0537
48.933;11.833
33.31184;35.80018
31.27689;34.49014
-29.75831;153.13451
-37.27241;149.41069
-28.65338;150.41773
62.08333;-116.58333
62.7;-112.75
62.46899;-114.44281
-29.15054;141.61816
-31.07904;152.99271
63.8;-143.88333
63.76667;-144.58333
64.11861;-148.24056
64.95;-147.2
63.5;-143.41667
63.329;-147.254
63.1369;-142.5183
64.76667;-151.18333
62.06183;-148.03918
61.74847;-150.89853
-16.81848;130.18043
-16.7423;130.3568
-34.16229;142.67744
-28.55728;153.13717
-32.76386;150.37058
-33.29847;150.31081
49.68333;-92.5
41.42302;-7.72143
46.56116;-1.11393
48.88406;2.52274
47.61353;1.33595
44.30852;-1.07592
44.03885;-1.0566
47.80309;3.73475
45.33069;-0.12844
49.15319;3.61682
47.96704;0.92274
47.98109;4.00531
44.16792;0.18585
45.62696;1.01051
47.94322;6.14846
44.5058;6.58638
48.74857;-0.33315
46.25932;4.8826
48.23922;-3.81044
48.34299;3.74228
47.79152;1.19679
48.66321;-4.27476
44.65265;2.43244
44.02185;2.314
42.11;-5.6
41.96;-2.82
47.18797;9.60403
53.74867;21.48972
45.839;15.8707
-25.1796;129.80832
-21.5986;129.13462
-12.72659;131.08221
-12.56248;131.30204
-11.91467;135.14667
-16.27248;130.94911
-25.98152;133.02405
-37.33;147.07
46;25
59.12232;7.89154
69.39255;24.47759
63.38046;11.33618
58.30139;7.0839
60.03742;12.08278
60.4479;8.88186
59.55546;11.11084
58.22411;6.78488
62.77102;11.47257
-37.32797;149.75518
-32.2742;151.80017
47.98825;-84.79372
49.95;-111.68333
-35.96904;145.95871
-35.08284;149.83338
-30.94814;152.73179
-31.36249;150.83486
-36.00433;148.68849
61.75;-158.18333
63.54333;-148.74167
55.81667;-131.35
63.33333;-142.53333
55.51667;-132.98333
67.89314;-160.76436
63.91667;-152.23333
45.09628;1.66514
46.80346;1.36082
45.61379;0.36915
45.9132;3.58054
47.14366;5.70557
44.46286;4.57134
45.94492;6.68016
47.962;0.65485
50.59207;2.92951
45.08208;0.77562
43.57108;3.80437
45.41702;6.26126
46.57873;-0.5923
46.61716;5.0257
45.76913;-0.53964
44.55459;1.55203
43.39369;2.69158
42.94395;2.69397
46.68733;5.9447
42.83983;1.22809
47.32044;0.15305
48.17432;7.37438
47.76421;-2.54443
50.55;6.65
22.5167;30.7264
-21.96947;133.48696
-25.28192;130.73464
-20.11525;131.88458
-13.37859;132.27118
-18.91859;130.42126
-25.8735;131.8303
1.333;103.8
61.8583;9.11782
69.54236;30.79068
60.60342;11.42725
-30.05961;152.77284
-31.7929;148.75142
-32.66006;148.28262
43.22;-3.18
41.32;-4.61
40.58;-5.42
40.68;-4.95
42.95;-3.67
42.84;-6.98
41.69;-2.58
47.18096;9.78653
53.46245;20.75665
68.23333;-152.2
64.35889;-147.36444
64.42694;-148.49167
56.08333;-133.41667
64.2;-146
65.1;-150.88333
62.30194;-145.30194
55.39556;-132.49556
64.41667;-146.83333
64.74;-148.07
62.61667;-113.63333
65.2;-118.61667
62.53333;-112.43333
-33.1;119.01667
-20.5096;129.9379
-25.23567;132.3736
-14.46348;131.401
-28.50803;152.05094
-36.29758;148.30522
-34.30544;142.87913
-33.0951;149.82922
-30.77229;152.34774
-24.0485;134.09493
-37.72;147.47
-24.86857;133.82406
-19.24859;129.55127
-13.1253;130.247
41.05;-2.23
43.47;-7.21
41.06;-2.94
42.92;-5.39
43.46;-6.47
41.76;-4.98
68.97382;19.26147
-31.56446;129.10608
-31.825;124.35
-23;129.5
61.75171;10.29354
62.02061;11.5013
63.34195;10.98661
62.14852;12.11816
59.93428;11.28701
61.59231;11.23484
49.95912;4.0443
44.1769;5.43919
45.36477;4.46905
44.01105;4.68362
46.18467;2.80553
47.17565;-1.55762
48.20146;-0.56802
47.81978;-1.21136
47.80111;4.0019
44.11;3.93692
48.24519;1.45076
45.80215;0.74661
48.46726;-4.51928
43.34479;-0.26736
47.88372;-1.8865
49.15428;2.65732
45.46428;2.80805
43.17876;5.76598
48.39969;0.09461
45.43073;0.24986
46.73129;-1.38912
44.53679;5.45474
49.05923;4.16302
47.73075;-3.20983
48.59641;-2.08895
44.75;1.3
-32.6034;151.94606
-30.06706;149.21579
-30.37116;152.55353
55.71631;-133.28119
61.78333;-116.26667
64.033;-95.5
64.78333;-148.53333
61.51667;-160.05
56.26667;-133.88333
65.98333;-161.13333
55.4;-132.1
65.0664;-142.3744
55.28333;-131.5
55.65;-131.35
68.12944;-149.47584
66.25;-145.16667
-34.60369;150.40523
-33.00711;150.68306
31.22115;35.23044
41.13;-4.97
40.69;-1.64
40.96;-4.01
37.5167;21.6
-25.949;130.20264
-25.27059;130.92831
-12.665;132.86
-13.04859;130.60119
-20.14859;130.05127
-25.88444;135.2125
-35.87431;149.53932
49.367;16.65
69.59101;29.33406
-30.21058;146.33463
-34.83501;148.60843
-36.94386;149.17205
64.16667;-148.05
55.31667;-131
63.83333;-145.66667
-36.418;148.85974
-30.86822;144.31849
-29.53914;150.52354
-35.32761;148.37076
-15.607;136.779
50.85788;2.07868
50.23298;3.06999
44.71388;0.41121
42.66379;1.47714
48.11938;6.29345
45.27111;1.27832
49.69309;2.5152
45.87746;5.90144
47.14953;0.55821
50.58486;1.66073
46.90292;2.27748
45.06759;5.85943
47.87282;-3.89761
44.10908;7.56203
47.39619;-0.38169
49.96261;3.48736
44.35956;5.32153
46.75444;-0.73509
44.1846;5.06412
-29.21545;151.56182
-31.71461;151.91824
42.77;-3.06
42.95;-9.18
42.73;-5.99
43.2;-7.22
42.49;-4.4
47.41124;-2.37493
48.0194;-4.45551
47.41358;5.7192
44.20185;2.31182
48.79491;2.79581
48.06143;1.18759
43.66388;2.81408
45.24755;0.13134
46.36476;3.19511
45.15075;6.11836
46.2682;4.23356
43.82472;5.05112
43.09768;0.6063
44.1846;0.93588
61.34635;11.67549
-25.62233;134.76344
-13.09859;132.13117
-19.41859;129.25127
-17.2655;128.5182
49.26782;-84.74822
47.7;8.6333
-34.44751;143.36879
-29.2456;152.47108
-30.72052;152.90498
-31.58449;151.28339
-34.23429;145.93401
-30.09868;152.1677
65.25;-142.16667
-34.89444;116.30833
-22.50067;136.6495
-22.4728;135.0825
-30.27222;150.57788
64.9673;-143.9144
45.68333;-80.16667
51.16667;-115.56667
48.9667;26.75
43.11;-6.85
42.75;-5.02
42.29;-5.49
43.19;-6.48
-13.05191;131.05582
-18.74858;130.75125
-24.73615;137.80247
-24.19854;136.61791
-20.93192;130.60127
-16.21527;129.10125
44;18
64.19471;12.60549
58.17155;7.742
55.78333;-130.96667
63.77972;-171.74111
67;-160
66.78333;-155.18333
65.356;-143.2372
62.6;-111.86667
63.98333;-119.33333
58.82956;24.65392
-30.97277;150.25795
-33.84915;148.3223
-30.24248;150.94789
-24.7961;132.26079
49.50724;1.68882
44.5632;3.44073
44.23189;-0.69439
44.77143;-0.72986
49.14055;1.14985
46.16708;0.99092
45.09628;4.33486
43.78239;6.66535
47.06946;1.08912
48.95626;5.11677
45.22532;6.63267
44.0811;5.68493
-35.43914;145.15035
-34.43526;150.39805
-30.1609;151.87373
45.66667;-74.93333
-29.76688;143.11124
42.14;-2.58
43.39;-7.83
42.65;-5.62
43.29;-6.72
42.12;-5.12
53.6405;10.2055
42.9873;-85.1112
-16.06755;136.30518
-13.58192;130.45122
-25.84341;129.40265
-24.17855;135.37126
-20.41858;131.58126
-19.57859;129.42127
69.15569;23.76682
64.35;-148.08333
65.16667;-143.25
60.87083;-150.86528
54.77826;-99.77968
64.06667;-120.2
65;-116.66667
-36.35732;149.70564
-35.01906;148.03553
67.85794;-152.01389
-31.66394;152.13612
43.30373;3.30793
45.73457;3.0643
48.59154;0.62666
45.44692;1.01695
48.70079;1.98086
43.48013;2.07334
48.77646;5.10948
46.22291;6.4391
47.07532;1.48437
45.01335;3.44427
-34.92663;149.23185
-34.11987;148.98748
42.58;-4.16
42.11;-6.28
48.05188;-2.17102
43.74891;1.94485
43.93399;2.93773
47.99951;-1.22565
44.53392;0.41946
47.44382;2.40288
48.56497;6.45712
43.70805;6.16395
43.14027;-0.99353
43.54444;5.53608
48.88173;3.88632
45.73149;2.16419
47.83775;6.67741
44.18902;4.81401
-23.79854;137.2679
-15.76445;129.10052
-23.2954;132.5664
58.4922;6.24631
-25.6524;128.6026
64.3;-121.08333
-31.48928;151.49342
-34.81875;147.90333
-32.34508;150.96196
-34.24582;147.43886
-33.37751;146.58081
56.26667;-132.2
60.43889;-150.20778
66.55;-152.23333
40.95;-4.72
42.23;-3.3
41.12;-6.44
-25.34858;132.75129
-24.74855;136.00125
-20.36525;131.91793
-15.11524;133.10121
-12.62717;136.69233
48.1419;5.35313
49.42286;2.37995
45.49093;-0.77822
47.14781;-2.21635
45.71463;5.12123
43.78649;-0.54127
48.25517;2.7979
48.61425;2.5252
46.60956;0.58245
47.64473;-1.06415
44.00224;5.18224
47.676;14.292
38;23.5
44.657;21.725
-36.80024;149.57926
-35.2747;148.81431
-31.21657;149.20845
-31.42214;148.56537
-32.13694;150.49461
30.18759;34.75252
62.51667;-143.28333
64.63333;-142.4
55.69167;-132.86528
64.06667;-141.06667
56.51667;-132.08333
65.62665;-142.88225
67;-162.75
67.1;-123.46667
64.21667;-116.2
-28.93807;150.77676
-28.97717;151.16878
-32.69854;151.53957
-18.72391;131.39143
-31.9192;141.88451
38.26;-3.63
42.47;-5.62
46.733;23.35
-22.99857;132.50127
-20.54858;131.35126
43.93257;3.5604
45.37438;3.06388
48.2369;5.08789
47.58349;6.12725
44.38001;3.94139
43.81977;0.70039
47.17436;3.4621
48.59663;5.10223
46.09167;3.84129
48.07214;2.12724
43.35533;0.10218
48.02947;-0.28786
45.70672;5.50667
61.25855;11.44005
-36.29628;150.12852
-35.83283;147.93917
-33.06767;149.07433
-31.96648;148.95286
-35.23405;149.24852
-32.65659;151.72552
68.28333;-151.46667
67.61667;-148.18333
61.3521;-143.243
56.96667;-132.88333
64.45;-142.66667
65.17419;-147.28373
64.5;-149
62.51667;-112.96667
64.5;-117.21667
40.6;-1.88
43.36;-6.22
41.49;-4.74
44.817;0.08583
59.73195;10.15707
-12.44857;136.56783
-20.74856;133.58124
69.32319;29.31552
59.74163;11.81669
62.6649;11.1316
68.08333;-153.98333
66.73333;-158.71667
70.41667;-148.88333
64.1;-142.33333
65.39033;-143.05283
56.18333;-132.71667
63;-143.25
63.72858;-148.88668
-28.98575;152.7507
-37.16825;148.93149
43.85442;-1.16803
44.63899;4.8285
47.0751;-1.81315
42.84679;1.71679
49.68694;1.68422
46.68032;6.20617
44.10758;4.18673
45.1002;3.95351
-21.4782;135.1211
-12.20388;136.76313
-32.2563;152.0865
-34.19863;149.62101
42.76;-4.28
42.86;-8.94
-12.64584;134.29524
-23.69855;135.20125
-15.53095;135.40377
-37.15553;-60.02626
58.49392;6.80051
44.43779;0.17242
43.46718;1.08519
43.6636;3.30987
47.98445;2.53084
48.36032;-4.77523
46.86384;6.08566
49.38821;5.96111
64.2;-119.26667
-35.79447;145.58157
-34.75466;150.10578
60.09208;-130.64804
-29.79657;147.51841
-30.77904;150.33042
-34.68799;148.91434
64.2;-143.46667
68.53333;-156.46667
-24.34051;133.65821
-13.76023;136.01617
-19.91859;130.42126
-19.24858;132.08124
-11.26792;131.86535
69.02943;17.64963
47.43989;1.87216
49.41016;1.14017
43.98135;-0.05439
43.84357;3.31084
48.64231;-0.86986
41.32;-2.22
42.21;-6.76
62.54277;10.9091
-11.02158;132.56315
-31.30802;151.0918
63.5;-145.88333
63.18333;-148.5
57.21667;-157.36667
64.88333;-149.18333
63.81667;-146.65
63.64617;-142.95767
-32.33723;150.18038
-33.38342;148.5869
-30.32712;141.66703
69.95;-154.73333
58.83333;-100
58.76822;-94.16551
62.73333;-112.46667
44.4242;28.523
41.14;-1.87
40.4;-6.47
40.87;-2.35
43.18;-6.11
-12.43195;132.61785
44.76264;6.98232
46.72494;2.8036
46.36269;2.28462
49.06437;3.34209
47.70853;1.73311
43.37008;5.28166
47.89309;2.26401
44.20257;3.56306
45.21675;6.88719
43.62167;-0.03523
47.71309;2.26649
45.4093;-0.51672
49.42114;2.1044
-13.89858;132.25121
-19.54859;130.25126
-16.61857;133.30122
-21.6562;133.4136
42.3525;3.5189
-35.40159;149.53319
-28.70183;150.72343
42.55;13.6167
45.81667;-77.11667
63.95;-122.58333
64.43333;-122.45
-33.04918;149.40816
-35.85991;147.47613
-35.74315;147.11059
43.04;-3.06
43.03;-4.41
42.95;-2.82
41.96;-3.18
42.66;-7.23
40.66;-5.9
41.14;-4.49
49.0093;11.3242
-15.27723;129.07182
-24.43189;134.86793
-17.32655;137.08018
-25.60674;130.20264
-20.41857;133.08124
-16.31066;133.77489
46.72195;3.85105
47.98308;3.73724
43.16868;-0.13441
50.23203;2.51004
46.35334;1.37431
62.72718;9.88022
48.14;16.9347
71.291;-156.789
63.36667;-159.56667
68.25;-166
-29.11903;146.07156
49.01435;-88.12969
-30.46386;150.87697
41.86;2.1
49.5;11.733
50.76431;1.65593
45.09106;1.28386
47.4781;6.65269
44.24388;-0.31916
46.27398;3.4545
48.54336;7.13385
49.51384;3.34508
49.58986;4.86634
45.46399;3.31991
47.08523;3.06591
50.01667;5.38333
-12.4754;132.93119
-33.85477;142.17428
-36.36221;148.49796
44.7088;-110.5065
63.1148;-151.19261
59.16667;-138.41667
-36.17122;149.28834
45.55602;-78.58501
61.33333;-149.5
64.2375;-148.74694
60.83333;-136.83333
64.977;-144.49083
65.86556;-142.95
58.64722;-134.90833
70.6366;-160.03574
-35.94467;147.27649
-35.56636;148.51964
50.4422;7.4198
49.48919;20.77361
41.85;-4.75
42.5;-3.43
42.67;-7.47
43.3;-4.29
41.6;-2.82
-14.84433;129.223
-24.73189;135.76792
60.85567;12.05625
61.52071;11.05896
61.35;-159.23333
64.73333;-156.93333
65.03333;-122.78333
65.3;-116.91667
-29.606;151.7205
-32.38749;149.6157
43.96629;-0.55244
43.12411;2.81581
44.02356;3.31183
48.23146;-2.18865
45.96053;6.16424
46.38591;-0.97043
46.26509;4.49321
48.42509;1.44545
45.19212;3.70039
48.87475;1.43203
-22.90556;118.46667
47.28333;-82.63333
64.8;-147.8
40.96;-1.75
41.78;-3.3
42.64;-6.26
43.39;-7.46
47.7506;-90.3342
-14.43919;132.43918
-22.11193;134.52215
-20.24857;133.25124
-16.91858;131.62123
20.594;-101.645
-31.82609;150.16542
50.23282;2.79002
48.80802;7.2912
49.18981;-0.63618
43.47774;1.82627
42.98894;-0.12469
48.69104;1.16577
45.67082;6.79051
47.86634;-2.28698
47.98445;3.46916
-11.95162;135.74611
64.11667;-121.51667
63.51667;-144.81667
66;-149
60.33833;-149.35444
46.12054;-0.82158
-12.658;132.07722
-12.823;136.60767
-11.70333;133.293
-19.54857;133.25124
-13.54858;132.57118
-14.1115;131.3953
42.14;-2.33
42.3;-7.24
42.84;-4.77
49.01018;-0.6236
44.9672;6.23508
47.8957;-3.49768
48.97492;2.9317
44.64891;4.072
44.28286;4.56636
47.62111;3.99853
43.126;-1.36145
47.5;28.5
-35.25915;148.12476
65.28333;-145.71667
63.68111;-146.00306
64.83333;-142.377
-32.58062;147.85144
-28.93136;150.11351
-34.70808;146.59812
-31.34598;152.33109
-31.63199;151.05728
45.55;11.55
25.6272;104.73
-31.48238;131.26675
-23.33189;134.50126
-20.07859;130.25127
-20.5486;129.15128
44.61441;0.03743
43.93101;3.80945
48.77135;0.61849
47.25851;1.74371
-19.3227;130.6216
-29.14881;148.69192
64.478;-149.577
41.94;-4.99
42.4;-4.15
43.29;-5.03
41.47;-6.19
-30.51321;151.21552
-33.08306;148.43908
62.06667;-142.05
55.7;-132.58333
-35.74102;150.07913
47.30233;6.50824
46.06378;5.65239
46.07927;4.87644
43.47309;1.4557
43.83294;4.55403
38.44;-3.17
38.43;-4.43
41.11;-6.08
38.35;69.9667
45.42;11.25
65;-150.33333
63.33333;-142.16667
65.58333;-118.55
64.88333;-118.46667
50.65;11.36667
-14.31828;132.71754
-23.66524;133.05126
-12.97806;131.95333
31.55759;34.53014
-35.08217;150.37422
45.69318;-78.37826
43.13;-3.55
42.4;-3.91
38.15;-5.11
41.95;-8.1
41.41;-3.66
47.2333;39.715
49.5;11.55
-25.81147;134.57465
-17.21897;132.23081
42.49481;3.06073
44.72453;0.91608
44.19287;1.43612
49.75974;0.57248
48.17922;-1.24005
45.26209;5.23156
64.32361;-96.03237
47.2215;15.3362
48.0667;9.25
-32.16667;116.05
-33.44673;141.13365
-32.87903;148.38875
-35.52356;149.17323
-30.95706;152.52335
63.38333;-153.26667
64.67722;-148.2575
62.83333;-142
43.13;-8.82
42.28;-5.85
41.95;-4.27
-22.93189;134.33458
-13.54388;131.18559
-11.81558;130.81818
-17.4429;126.1897
45.53212;5.24243
47.44216;3.86249
44.89081;0.27632
48.12995;0.10944
50.32038;2.22872
44.38187;3.69037
64.34713;12.27209
58.63123;7.91497
-30.00384;148.09608
-29.84635;150.1633
63.83333;-147.6
64.5;-141.5
62.91651;-145.53461
65.47317;-142.23867
44.4106;-122.6711
-36.12903;149.10712
-30.14451;151.59956
67.68333;-154.63333
33.13891;35.7615
46.83353;-84.03202
46.08333;-79.36667
43.27174;0.35274
46.08665;1.64108
49.23606;4.44161
50.05004;2.09333
-11.4853;130.1916
43.13;-8.2
43.02;-5.15
42.83;-5.63
42.41;-8.45
-18.6876;128.0774
65;-148
63.81667;-141.15
65.09583;-144.269
57.25;-133.16667
56.75;-133.5
68.14328;-151.73575
-29.49821;151.95416
-31.18822;141.69714
47.30389;-122.225
31.92103;34.73156
54.90952;-98.62928
50.18237;21.42798
42.86;-3.31
48.25909;-1.51638
43.8362;4.30543
46.44515;4.49813
48.67426;-2.36876
45.91158;3.83854
45.72929;4.09295
44.02;2.06456
-22.4986;129.11797
-20.14858;131.55126
-18.44859;130.45125
-17.41854;137.78118
69.30908;29.14741
61.11656;12.12422
45.62;11.03
-29.59123;150.77794
-33.08943;148.16246
-28.86864;153.44157
-30.70519;141.9688
64.6;-121.71667
49.3166;-124.90035
63;-146.5
64.98333;-145.61667
68.05;-145
46.31667;-79.46667
47.2;22.37
43.02;-4.78
42.85;-7.47
41.78;-2.82
41.92;-5.95
53.2772;23.37981
47.37025;10.20582
52.167;10.317
-16.53186;135.58449
-17.10854;137.46118
-24.0701;134.2828
-12.1689;134.9679
30.43639;35.10531
45.64306;3.57771
44.34783;5.82309
44.47404;2.93714
61.98029;9.88341
-14.1731;136.707
-31.42872;143.9259
62.92806;-145.32052
55.5;-130.98333
62.1744;-150.1698
-32.65042;149.31946
29.55214;34.95142
47.11667;-81.76667
51.9581;4.0531
-20.75126;135.18333
-17.68192;129.53458
63.95;-121.66667
32.58371;35.04231
67.91667;-150.85
68.16667;-150.5
62.11667;-144.63333
-31.32454;151.27863
-36.16266;148.09839
-32.32666;149.89063
48.86231;-83.5188
45.09904;1.91937
47.26529;2.93387
45.95302;6.42224
44.90208;5.21725
62.71746;10.05054
43.3;-4.54
40.5;-4.83
-11.5546;130.69721
44.8762;13.891
-30.63826;146.39334
64.06667;-145.13333
55.46111;-132.69167
64.96667;-122.16667
65.2075;-141.81017
65.25;-142.58333
43.14909;-0.74816
44.91464;4.45726
68.71779;24.6878
69.42083;24.72553
61.57372;9.12239
-14.07988;136.49988
-12.42214;130.64467
44.90793;-110.73395
45.08333;-76.33333
47.8;-83.3
-30.5566;145.67077
-32.52431;148.04944
61.25444;-149.68833
46.27264;3.71421
45.20759;-1.14164
44.5421;0.79689
42.58;-7.72
-23.63657;132.72728
-20.09859;129.5846
-24.25494;132.79161
-18.74859;129.25126
-15.39289;130.21512
-25.3261;133.3302
-25.3192;133.5233
-18.34858;131.25125
59.52688;10.73243
60.63015;12.35666
-11.78516;136.56979
40.3472;-2.5967
49.82;9.95
64.69167;-147.44139
64.976;-143.342
-33.56076;149.63497
-33.2738;149.76163
49.66667;-110.28333
-25.1156;130.21931
-20.81525;131.26793
-15.48191;131.3679
-19.74859;130.42126
-12.1164;133.8769
42.22;-8.21
41.3;-5.57
-13.7224;136.2194
59.14352;26.95199
46.54352;2.41275
43.30415;3.06159
44.82895;1.92456
45.69411;6.0204
-29.02869;152.55687
64;-150
64.53333;-165.75
68.16667;-152.5
67.15;-153.25
64.6;-147.83333
65.46667;-154.06667
64.2;-149.08333
44.91376;-110.27046
45.23333;-76.91667
46.19352;-78.66442
-35.5592;147.99389
-31.71291;149.97976
50.956;4.72417
-11.6324;131.2775
-25.7854;132.4793
-21.51955;135.84123
-14.91157;133.8952
40.48417;-88.99361
60.86;10.96988
68.79302;18.64874
62.1771;9.84882
44.65006;2.0541
44.92201;3.69701
41.6;-3.54
43.57;-7.58
64.33333;-153.36667
63.33333;-142.98333
66.33333;-158
63.26667;-141.03333
64.58333;-121.46667
-31.37949;141.61125
-29.19148;150.74642
-32.89921;148.74486
51.717;10.283
49.24677;-1.60273
42.4944;2.69633
43.10956;1.21982
42.5818;2.20926
47.0648;0.82568
43.64482;5.04469
47.71446;3.46679
42;-96
55;-118
-23.41523;133.73459
-16.84754;136.33326
42.48;-4.89
42.1;-5.84
37.88;-5.22
41.6;-3.06
-30.60211;152.30633
-30.05217;147.90247
48.10222;-123.10472
31.09371;34.65396
64.81667;-123.31667
63.41667;-119.75
64.25;-120.41667
69.56667;-151.46667
65.33333;-147.83333
63.61667;-157.48333
62.21667;-144.13333
67.75;-164.5
49.733;11.467
42.12;-4.88
41.23;-3.66
-31.13289;151.94168
46.18171;2.15733
48.34376;2.39267
48.95859;1.01973
48.15845;1.72232
-23.86522;135.20125
-14.51083;129.56817
-24.61248;132.79809
48.63145;19.42213
62.16247;11.78575
64.85;-149.83333
55.75;-132
55.96667;-131.18333
64;-145.5
65.6687;-144.68216
65.16667;-116.61667
-29.68641;151.49713
-35.63122;147.60551
-15.69621;137.013
-17.5655;128.5182
32.88943;35.0813
-14.1117;132.56768
69.59305;24.2496
38.15;-5.34
42.65;-6.62
41.6;-3.3
-25.71524;133.10129
52.3;13.333
-11.89411;136.39973
58.78929;7.39107
50.58966;2.22459
48.04629;0.38258
48.07521;2.79859
68.61667;-151.03333
62.35;-142.86667
66.31667;-147.86667
31.38304;34.86254
68.2;-140
-21.401;137.60883
58.46885;8.83427
59.97258;10.72237
42.4;-7.72
-11.66525;133.11786
-13.63358;132.27099
-16.41525;132.08456
64.73553;-156.53219
48.99243;-1.1696
50.233;16.9
65.35;-116.7
68.46667;-149.41667
63.95194;-147.32306
65.1888;-143.4567
56.75;-133
-30.70987;144.80093
-27;-55
42.22;1.73
41.42;-3.3
38.44;-4.2
42.05;-3.42
42.46;-6.26
43.12;-7.46
42.4;-4.64
54.12544;22.09606
-24.73655;135.33726
-17.17354;137.74617
-14.92635;133.12621
-25.34544;134.07724
-12.45985;130.83841
-30.76358;151.0966
62.09714;-146.20686
-17.5485;128.2512
44.11384;2.81261
43.64482;0.95531
44.52101;6.08359
65;-157.75
65.13333;-123.21667
67.5088;-148.5193
68.167;-108.8
67.33333;-157
64.33333;-117.28333
42.66;-6.99
42.95;-8.33
-23.90858;132.07129
-23.41857;133.02127
61.59972;-149.11278
43.65625;1.69866
44.49734;-0.83768
46.8565;6.34797
44.20385;3.18769
43.2472;6.50817
61.96983;10.39052
50.3;-94
-29.9728;151.97596
39.3667;22.95
51.0383;4.0945
68.123;-156.226
-24.08504;133.31429
-24.48855;136.02125
-19.34859;130.35126
-23.09855;135.10125
-14.09859;130.68455
-30.51389;149.90322
-31.13177;149.47615
41.68;-4.38
-31.37867;150.23643
65.70471;14.25506
-23.982;131.259
-20;137.86887
-12.66056;132.52191
-33.8184;148.69762
31.62655;34.86165
62.19114;-150.88898
63.60333;-148.17167
65.83333;-117.83333
48.79506;3.06806
49.3275;1.69339
-29.31266;145.84432
-21.0486;129.15128
43.91909;1.19457
-16.69856;135.36787
73;-25
42.22;-4.03
41.95;-7.61
41.78;-3.06
62.9;-156.96667
65.28333;-123.75
64.41667;-123.06667
63.75;-121.06667
-34.2398;150.35829
-35.39206;143.83535
65.33333;-156.41667
-35.05592;148.53095
-31.91693;152.63732
-18.40117;135.9315
-25.62242;136.78029
-25.35371;131.89804
-18.54858;131.35125
62.18159;8.52752
68.9605;23.65349
-31.89421;150.56447
-35.84217;149.06199
-35.13066;148.99343
44.29;20.587
41.48;-5.58
40;116
-36.55483;149.23593
-33.42729;151.22902
66.26667;-128.58333
61.93333;-116.88333
44.48458;-110.64125
45.537;25.475
50.433;5.01667
49.33;8.82
-19.4186;129.08127
-24.44856;134.06794
-12.97472;131.77639
-29.44054;152.37866
-31.61333;148.81897
49.15038;1.97201
-34.25;116.15
62.7;-143.95
45.76667;-79.4
-29.33528;150.91644
42.77;-8.69
40.66;-6.22
-17.29858;131.70123
-15.03599;134.65418
-11.28333;131.10833
46.2772;7.76396
-33.50597;148.77761
47.7163;-3.47575
47.94673;-0.01461
50.31831;4.05172
49.10405;6.49308
62.16667;-138.83333
63.83333;-142.83333
56.8;-133.16667
62.8963;-141.5178
64.93333;-154.26667
-24.21667;118.8
-31.28936;148.87331
53.06722;-101.24444
49.98333;-93.93333
49.05097;-90.57875
-16.94858;131.43456
-12.76524;135.75117
41.14;-4.01
48.8388;14.973
48.02054;-2.84028
-14.40333;129.36
-18.04857;133.05123
62.13433;10.06242
30.3727;34.81409
33.0136;35.49102
-30.13374;151.11921
47.74222;-119.53306
-29.49185;146.42864
49.78333;-94.48333
44.51369;-0.33502
43.86803;-0.79538
59.03972;-158.4575
-29.50489;147.96898
55.17083;-130.82028
41.2;-5.8
38.35;-3.4
42.22;-7.49
-29.93781;152.94515
-30.56287;150.07155
41.58;-5.1
41.29;-6.07
44.65;22.5
-14.17015;132.38132
-23.48482;133.26907
-24.86006;131.58825
-15.3553;130.3883
59.94242;10.34893
53.80672;-126.04261
57.41667;-133.25
-23.79856;134.30126
-20.57858;131.92126
-22.51522;135.68457
47.46025;-1.18305
46.36491;2.93496
47.43157;1.20891
59.73126;11.4368
64.33333;-156.75
56.53333;-132.6
-31.69396;147.83269
-21.04858;131.45126
-22.34856;135.48457
-31.26595;142.31425
42.85;-7.96
63.99;-148.68944
55.24222;-131.76028
64.86565;-144.7929
68.67463;17.53358
60.1229;9.05759
-22.81524;133.43459
-13.71525;132.03454
-12.3923;135.0775
-22.20855;135.29124
-24.241;131.4781
-19.57859;130.58126
42.95;-8.69
42.68;-3.43
42.75;-5.26
48.15317;-1.91145
43.03137;2.20312
45.01407;3.1904
-33.6;25.65
-11.38723;132.36002
53.6777;22.0873
64.41667;-125.75
67.05;-126.11667
63.75;-142.63333
64.51667;-116.28333
44.9;-76.25
47.63333;-82.53333
44.91623;1.66943
-35.94633;146.84104
63.66667;-152.66667
58.5;-136.16667
67.88333;-152.28333
63.71667;-141.63333
64.2;-119.5
-23.63056;133.83427
-23.26523;134.78458
-16.43342;136.10291
-22.64854;136.23456
69.70652;22.61121
68.84308;25.10082
-33.98333;115.75
48.82198;-0.88321
44.88431;5.97682
-35.08013;143.90897
66.56472;-145.27389
49.45825;20.04156
37.89;-4.99
65.63333;-123.05
-32.75967;150.54537
47.3;7.7167
47.14003;10.15787
42.13;-3.79
41.06;-2.7
-20.14858;131.35126
-13.076;134.9554
-25.94763;135.81277
56.18333;-132
64.9999;-141.1609
65.291;-143.86783
60.40589;11.08589
43.21125;2.20064
43.98803;0.19473
47.11839;-0.62829
47.66204;-0.53191
-33.30741;149.54428
43.777;-110.69867
50.9833;11.3833
-25.73332;137.80249
-20.41858;130.75127
55.889;-116.861
-15.4731;129.0272
40.39;-5.77
60.97203;10.2055
44.90901;4.8373
42.66698;1.72075
-32.28255;149.25521
-32.33262;141.48287
43.21;-7.95
64.54333;-148.03167
64.36667;-143.08333
54.89167;-132.05417
63.16667;-146.5
63.8;-148.33306
56;-133.21667
43.53838;0.21669
49.9634;3.20887
50.1371;23.0199
43.53817;-110.38233
-19.24858;131.58125
-13.24526;131.12455
-24.71857;133.07128
48.19302;6.8369
45.28347;3.44643
48.37;9.2
61.43333;-142.91667
55.95;-133.79861
59.5;-139.41667
68.82768;24.10383
64.45;-119.46667
-33.94724;149.53
45.93959;-77.76997
49.49171;-87.57784
-25.6015;131.66967
-23.52856;134.3732
-19.04856;134.10122
47.89522;3.20073
44.10616;1.68837
60.26833;8.32541
34.15;-84.83
40.217;18.2217
-31.44816;142.12737
-29.92971;151.2204
47.7;-83.65
64.01667;-142.55
62.039;-146.546
39;-86.5
-12.76157;130.86254
-22.5844;133.14126
65.11667;-146.88333
62.35;-143.86667
65.312;-142.8098
69.07636;29.018
41.05;-3.77
-30.53417;143.13838
-30.2865;150.37087
-36.00278;149.85673
48.8494;-88.4828
48.70466;3.33973
49.40044;0.58941
-30.15777;131.61611
30.98657;35.34973
63.644;-149.154
41.3;-6.31
43.03;-7.96
46.673;26.7517
50.9872;4.3908
-21.07857;133.42125
-13.69859;130.77122
50.43333;5.36667
42.9286;-122.95
62.27098;8.06362
-19.2749;130.8246
-23.68826;133.49167
64.86667;-148.98333
44.73288;4.57888
47.78467;0.79626
61.76421;9.62295
49.58561;21.33612
-18.2;-68.36
41.59;-3.78
40.96;-4.25
48.167;20.583
-23.46523;134.70126
-13.19858;132.30121
45.8333;18.4
34.16566;-106.02538
43.89472;-114.82243
49.13603;0.87588
42.28;-6.03
-20.41857;133.42124
-20.24857;133.05124
57;-133.33333
65.03333;-122.56667
64.3;-118.41667
53.35875;-1.1735
-25.45528;136.76861
44.38388;3.18829
47.6086;-1.99466
47.91895;6.95111
43.42287;6.64244
48.51118;1.17206
-31.51303;149.42653
46.57315;-83.75268
38.35;-3.97
37.98;-4.42
37.99;-4.2
41.66;-6.3
-12.52857;136.03117
44.54684;1.04857
47.75;-80.33333
33.50213;-108.79342
42.13;-4.63
43.03;-4.17
47.7192;18.65
36;-93.2
-25.49767;132.28283
-22.86525;131.41795
-19.74857;133.25124
62.67467;-147.82717
-30.67096;149.23538
-36.76873;149.21238
43.92462;1.56801
59.7;-139.5
50.7;11.65
50.5;-3.6667
38.17;-3.86
-23.83856;134.57126
-37.57;144.3
-23.39856;134.05126
-13.81526;130.41789
50.18;14.58
49.00162;6.89665
67.81239;-152.56719
68.93471;-151.18286
49.93333;-94.98333
-23.83191;132.30128
-19.34859;129.96793
-21.24857;132.42126
44.17961;0.68582
49.87135;3.7645
70.10919;28.84985
47.467;7.5833
49.433;17.383
40.77;-5.19
-20.29855;135.53455
-21.04857;133.25125
-18.91858;131.42125
69.22204;24.65301
64.25;-141.33333
46.525;22.5917
40.167;20.1
50.2306;3.76992
42.8223;0.37321
50.40536;1.6655
-13.39859;130.38455
40.87;-1.52
43.04;-3.31
43.21;-4.05
67.33972;-159.59447
45.48203;-1.03394
64.5;-153.63333
65.41667;-144.5
63.25649;-154.74093
-28.93181;151.92788
41.14;-4.25
41.47;-5.93
-22.18185;134.25602
65.1;-111.86667
65.08333;-147.66667
-16.54856;134.7212
65.54102;-141.50243
68.15;-154.16667
63.06667;-147.53333
65;-148.5
50.8;-103.9
-33.21098;141.5349
-29.9383;151.59414
40.32;-5.18
61.97718;11.92772
52.3;13.65
61.78333;-116.7
52.93333;-82.4
67.36667;-152.05
68.56667;-151.3
60.28778;-150.94139
63.85871;-149.51613
61.89484;10.12368
43.70437;-0.28788
-32.26407;143.07605
47.255;27.225
52.5692;0.48333
-14.23525;130.90553
-13.79859;131.06789
65.28333;-117.26667
49.05783;1.70018
49.51274;3.62113
30.71686;35.0497
64.6;-100.5
63.46639;26.90625
-35.1297;147.79925
-22.56667;122.21667
-15.58191;131.10123
-14.78757;134.67619
-13.96525;131.68454
-12.19859;132.55616
-20.74857;132.42125
43.95792;6.80136
46.45347;3.58628
63.33333;-148.06667
-33.74939;149.10407
41.86;-4.51
42.02;-5.36
42.32;-3.67
49.833;8.03833
48.32438;0.77368
-21.96528;137.58917
-20.24859;130.25127
-14.90523;135.68618
-11.28442;136.62065
-31.3896;146.71721
49.4;-93.96667
60.5;-99.5
64.5115;-144.2628
65.26667;-127.13333
42.49;-7.97
-19.91857;133.42124
-23.66856;134.61126
63.41667;-143.16667
63.95;-112.58333
50.1;-91.91667
-23.08189;134.58458
-15.53192;130.80123
-16.1055;131.0135
55.75;-133.5
59.51667;-139.66667
41.77;-4.02
42.91;-5.88
48.75585;-0.06134
57.99866;6.52778
-31.38333;121.2
-32.27999;148.61526
44.38359;2.68619
49.06726;7.58678
-23.54859;130.38463
-21.90033;137.87717
57.8699;25.85311
-32.15973;142.02568
70.46667;-157.4
64.08333;-141.93333
70.48694;-149.16413
40.77;-4.72
42.76;-7.72
49.49546;0.86104
48.2521;2.12426
65.147;-144.59583
63.53333;-145.68333
-35.02466;150.04898
-22.26165;136.05
42.83;-6.37
-23.88857;133.08128
-15.66423;131.32181
50.76993;2.36329
67.75;-160.41667
62.56667;-151.06667
55.5;91.5
-17.13191;130.80124
-23.32858;131.94128
-24.82586;134.03709
-11.634;131.075
-19.9543;137.1572
40.95;-5.08
45.05716;-0.24028
62.11667;-117.4
61.10184;10.68434
61.18567;11.22274
59.00132;8.97388
45.48947;-78.24142
-34.64187;143.56519
43.13;-3.8
-22.21524;133.45126
48.6131;-1.68283
45.71918;4.86422
68.97726;23.19593
61.336;-160.778
-27.74926;153.18228
50.97215;-94.10537
51.4;11.32
41.4;-5.09
-21.66521;137.16788
-12.99023;136.33117
-24.21854;136.36125
51.33333;7.86667
51.9667;-122.5167
64.22373;-142.83945
41.42;-2.7
50.41159;2.5083
62.58333;-158.16667
63.75;-142.25
48.42974;-89.25924
-23.79859;130.83463
-16.43192;129.25125
-12.04133;134.61933
-37.92;141.93
45.59316;6.40001
48.56883;-0.32171
55.28333;-132.9
62.838;-147.124
65.28333;-127.83333
63.35;-121.43333
53.1287;23.6141
-19.0099;133.7324
-24.54855;135.83458
40.78;-4.13
62.55;-153.63333
-33.617;149.88236
-29.2471;142.5179
-35.07521;148.72561
-34.44991;146.39705
47.89454;-1.61938
45.80451;-78.67093
41.74;-6.05
-16.78189;135.75119
41.88;12.3
61.55389;9.98846
64.48333;-148.26667
64.85;-119.25
-30.81203;141.16165
48.1;-90.48333
-13.72859;131.57121
-22.5476;134.8134
-17.86526;129.61793
52.117;0.03333
51.45;0.18333
-25.05297;132.36628
45.68453;-78.12197
47.19279;9.97807
-25.91524;133.91796
-23.84855;135.68458
-19.66855;136.08121
-18.74859;130.58125
58.38694;7.67302
56.58333;-134
64.78333;-141.2
-29.41615;146.11469
42.6964;-123.0203
50.66733;-99.92967
-11.86167;134.01333
-20.84853;137.8512
68.75;-152.5
64.842;-143.51367
63.298;-150.481
-35.22859;147.1881
45.88378;5.64373
44.834;3.18979
-20.63578;134.77727
-21.03188;135.70122
50.1;-110.7
-11.30083;130.90783
22.859;-100.149
-21.66667;117.15
55.76667;-120.23333
-20.089;136.429
-25.1279;135.3993
59.98246;11.89808
61.83333;-135.96667
69.3;-151
46.08333;-79.75
40.58;-5.66
43.47;-6.84
-20.44857;132.25125
-24.999;129.606
-22.54574;135.45692
44.41588;-0.58068
-31.31667;115.61667
-30.61667;115.21667
56.72079;-134.36572
42.49;1.72
63.18333;-153.75
62.4;-145.06667
62.73333;-148.05
64.43333;-123.5
37.45027;137.35972
61.56116;11.42843
45.51064;-0.13859
46.21589;-79.01602
46.83333;-73.91667
48.817;10.45
-20.16523;134.0179
-21.24858;131.25127
48.932;-0.20831
42.67461;2.93908
48.06526;1.45602
44.37758;4.19239
49.21183;0.18631
60.55838;10.24937
41.85;-5.23
58.1286;8.05735
-30.32963;152.96987
48.35;-83.25
64.61194;-147.18778
65.11934;-148.77276
65.91667;-119.8
46.90292;3.72252
49.15241;2.24612
63.51667;-150.95
-30.91648;149.34137
-31.26667;119.85
-12.88525;131.60954
-19.54857;132.25125
-23.56468;132.51434
63.8;-144.76667
65.25;-150.25
-23.904;136.74333
-18.36398;130.82513
-24.91523;134.21794
51.455;-0.03383
-29.94612;150.51394
46.907;22.535
-18.44859;129.15126
-24.29856;135.61792
61.49298;10.78434
41.02;-5.91
68.75;160
-32.58022;149.00418
65.88333;-151.6
63.91983;-151.60983
65.78333;-118.75
45.43333;-75.83333
41.32;-4.37
-25.80333;131.3985
-20.44856;134.55123
51.92;10.48
61.71667;-137.25
52.98333;-106.46667
43.29;-6.97
-23.6986;129.10131
-19.14859;130.15126
50.07;8.27
-28.40738;152.33033
-34.57964;142.7512
45;10
63.41667;-148.95
64.28333;-121.9
43.533;20.367
44.8917;22.437
42.59;-8.7
-12.3329;134.096
-12.95567;130.13333
47.02845;6.62224
46.545;3.06525
45.22532;-0.63267
69.48607;25.84572
-30.86962;151.69764
67;-154.63333
49.57361;22.5892
48.31608;0.36917
44.43106;-0.07868
46.62023;-1.90379
48.70289;7.69088
47.96113;-119.97694
48.8048;9.22417
65.2595;-144.03967
63;-163.33333
60.87667;-150.34667
61.25;-138.16667
66.55;-158.98333
81.817;-71.45
-12.32594;131.07754
-11.47769;132.84286
42.39;-5.25
52.4553;1.7319
65.18889;-123.42083
49.6;-93.2
64.03333;-141.56667
67.63333;-159.8
64.86083;-141.94417
62.22038;9.54518
43.65117;4.67305
49.17;8.28
42.68;-8.94
45.95;-80.21667
45.21017;-77.57967
43.57;-7.82
42.67;-8.08
41.94;-6.89
69.20196;21.99544
64.54333;-163.02917
61.656;-145.175
55.8711;-124.845
-24.07855;135.58125
-24.9287;133.6463
41.93;-6.53
44.59573;-0.59211
61.8192;-151.69235
63.75;-121.68333
-34.55952;147.97265
63.983;-143.869
51.288;-2.855
63.75;-152.5
63.31667;-145.63333
65.5913;-144.3578
65.48583;-143.698
43.13;-9.06
61.21806;-149.90028
-29.92592;142.721
-29.74403;147.76363
-25.82186;131.00263
-22.30567;136.53883
42.5;-3.67
-14.7;134.4336
-19.0967;137.7238
43.63719;0.58377
66.73333;-157.5
42.85;-4.53
-23.50855;135.41125
-20.24859;130.45127
62.95;-157.98333
67.24167;-158.04
-30.02951;150.09367
69.05788;-152.86283
45.63333;-78.81667
43.92888;4.05848
-21.07858;131.75126
58.50966;6.06121
65.38333;-149.51667
49.57114;0.16662
65.66667;-149.8
50.2;-95
47.36667;-83.03333
40.4;-5.53
43.22799;-74.05669
-35.15683;147.35798
48.34892;7.52409
48.60498;1.44011
44.69358;6.34568
59.41667;-139.08333
-32.12954;150.24705
-20.56856;134.28123
-16.91522;136.66785
44.95953;6.48849
59.33193;9.66083
64.6;-154.46667
63.31;-150.95833
42.15283;-110.733
-13.52498;130.83449
-23.86858;131.70129
64.97838;-142.56378
45.76913;6.53964
62.67512;9.51742
49.3984;22.5952
-17.77274;137.71227
-19.91857;132.42125
39.7425;-105.51306
63.95;-116.4
44.55617;4.32209
64.30016;11.95811
46.74429;-83.7635
63.15;-107.9
41.0186;28.9647
62.565;-144.665
58;-134
41.12;-5.44
41.87;-2.58
60.90699;7.61508
69.53691;25.36994
50.04291;1.39603
49.68962;1.96119
-18.54859;130.25126
64.56667;-121.01667
-30.08658;144.23581
61.86564;-151.41497
-34.31166;147.25199
-16.51523;134.31788
40.78;-1.99
42.22;1.49
43.19;-5.65
45.28419;2.80867
60.39403;11.74171
64.1137;13.58346
63.13829;-154.51481
65.33333;-149.16667
65.45;-117.31667
52.8718;9.3853
-14.82468;134.97145
-37.43;142.45
43.48;-8.07
66.46778;-150.65698
35.68694;-105.93723
63.46667;-118.63333
48.817;16.6667
60.74686;9.70807
48.64635;-4.54509
47.49703;0.01073
47.57827;-2.65847
-13.91858;132.88119
44.46759;1.80571
65.11667;-123
49.5;-94.81667
66.85587;-150.56536
-13.25344;130.73492
31.74873;35.11977
48.33172;-88.82103
52.9406;1.2467
44.49734;6.83768
67.28333;-137.78333
58.75152;26.51618
52.8506;1.4769
69.29216;18.85293
-19.13192;129.93459
-22.13191;131.3846
-11.72359;132.87964
-22.6;118.14167
-28.2;114.25
64.2525;-148.55472
64.76667;-155.46667
65.61517;-141.75902
68.63262;-149.60372
63.13333;-145.53333
58.5643;8.38978
59.82707;11.00134
41.22;-5.21
57.83333;-157.25
65;-143
-31.51018;130.36
63.71667;-144.28333
62.92314;-143.68006
69.43657;29.76927
45.63333;-77.73333
47.51605;9.82826
49.62548;19.62042
46.0801;-87.8773
68.65;-150.5
65.05;-146.06667
63.71667;-144.05
-19.43566;135.40134
47.967;20.4717
-22.89858;131.60128
-13.19859;131.36788
-21.41858;131.42127
-14.53189;135.36785
49.93;14.08
45.9833;0.15
46.02;11.1
61.96444;12.12538
60.87757;11.80201
65.65;-148.21667
63.33333;-144.25
63.96667;-118.55
41.95;-7.85
-23.71856;134.13126
-37.73;144.65
44.0146;4.43425
49.7386;84.2719
64.21667;-126.26667
42.2;-6.52
48.96676;7.85155
-24.75556;118.08611
62.68333;-159.56667
-19.24857;132.25124
59.00078;10.21069
-22.10667;-65.59738
63.77213;12.00654
60.38861;-151.30306
-31.95;116.01667
54.267;-0.91667
46.4508;2.02289
57.934;25.6515
44.06403;-0.30867
44.37286;1.43115
-16.16667;137.54167
-14.90517;135.43133
-12.37359;132.1467
63.21139;-170.28417
64.01667;-149.11667
-38.35;144.92
-16.09856;135.40119
50.49783;1.94453
65.06667;-149.05
41.86;-7.37
42.2167;13.8333
50.233;6.65
38.2792;31.9139
59.24564;11.71531
-22.3986;128.9512
65.71667;-116.75
62.71667;-146.43333
-25.00324;132.12793
58.68501;26.74125
59.57645;25.67235
59.30725;25.6827
59.58119;26.20369
59.31389;26.91213
57.87459;26.24143
59.10607;23.7067
58.77272;26.22183
58.32563;27.25612
59.11601;24.81699
58.14156;25.8962
58.95397;26.5654
57.87606;27.42136
58.38172;24.04807
59.21346;25.33597
59.48991;26.02877
58.58276;22.80598
59.66934;26.02375
59.13281;27.61174
58.59308;26.22597
59.31033;26.0339
58.41235;21.94141
59.01262;24.12652
58.74725;23.67875
58.5802;25.02228
58.13818;25.55659
59.11287;24.64309
58.03289;24.54444
58.66736;24.84551
58.14555;27.42468
58.83323;24.1414
59.21912;25.86129
58.76669;22.46967
58.50556;26.91433
59.04213;26.21573
59.40346;26.73577
58.39806;24.86153
59.12581;25.51495
58.56419;24.16352
57.60602;26.41437
59.31371;27.26379
58.05618;27.25418
58.31371;25.20856
58.5953;27.08606
58.38474;23.82231
57.69712;26.91627
59.58203;26.38065
59.31241;27.61497
58.03626;24.71373
58.49297;25.19877
57.69689;26.7485
58.83324;23.8587
59.10232;23.88107
57.60742;27.08383
59.6643;25.49138
58.94811;22.30356
58.23139;22.10691
58.93016;24.48144
59.48859;25.85229
57.87452;27.75865
58.77017;25.87603
58.94415;25.34898
59.13287;26.3884
59.30536;25.50713
58.77156;26.04894
58.68523;26.91375
58.05646;26.91539
59.04372;27.43587
58.57446;24.67859
58.50078;22.11535
57.60663;26.58176
58.86463;26.73993
59.13357;26.56313
58.84669;24.83377
58.85201;25.18047
59.1096;23.53227
58.67483;25.36173
58.49525;25.37024
58.75971;25.01223
58.41344;26.2302
57.96524;27.59154
58.2187;24.8725
58.75072;23.50613
58.41429;26.40127
59.20849;24.98608
59.22386;26.73717
58.49735;22.4584
59.13075;26.03897
58.59055;25.88196
58.56788;23.66516
58.94812;25.69644
59.28169;23.8962
58.58894;25.70998
58.14623;27.08495
62;-145
58.31959;22.28037
59.31147;27.79061
58.05579;26.5765
59.02899;24.99658
58.0531;26.06822
59.01654;24.30107
58.49918;22.2869
58.05619;26.74603
57.78695;27.08408
58.58505;22.63407
57.78562;26.41139
58.41506;26.57222
58.56125;23.95936
58.38839;23.65148
57.69701;27.25169
58.32586;27.08539
59.04424;26.73855
58.13996;25.72624
58.40551;22.62576
58.85437;22.64674
58.22591;25.3826
59.13399;27.26227
57.78633;26.57966
58.57124;24.50681
58.94625;25.52269
59.37873;24.44779
58.05511;26.40707
58.13149;25.04736
58.40323;22.79679
59.28568;24.28034
59.39299;25.32718
58.86486;26.9133
34.7304;-87.768
32.58333;77.03333
47.08333;104.58333
46.23338;-81.49983
