<eml:eml xmlns:eml="eml://ecoinformatics.org/eml-2.1.1"
         xmlns:xsi="http://www.w3.org/2001/XMLSchema-instance"
         xsi:schemaLocation="eml://ecoinformatics.org/eml-2.1.1 http://rs.gbif.org/schema/eml-gbif-profile/1.0.2/eml.xsd"
         packageId="b3480877-fb17-41df-80e6-69d3139f69cb" system="http://gbif.org" scope="system"
         xml:lang="en">

<dataset>
  <title>GBIF Occurrence Download 0000968-140414153444004</title>
<creator>
    <individualName>
      <surName>GBIF Download Service</surName>
    </individualName>
</creator>
<metadataProvider>
    <individualName>
      <surName>GBIF Download Service</surName>
    </individualName>
</metadataProvider>
<associatedParty>
    <individualName>
      <surName>Aubrey Fennell</surName>
    </individualName>
    <organizationName>Tree Council of Ireland</organizationName>
    <address>
        <deliveryPoint>c/o. Tree Council of Ireland, Seismograph House, Rathfarnham Castle, Rathfarnham, Dublin 14.</deliveryPoint>
    </address>
    <phone>+ 353 1 4931313</phone>
    <electronicMailAddress>heritagetrees@treecouncil.ie</electronicMailAddress>
    <role>CONTENT_PROVIDER</role>
</associatedParty>
<associatedParty>
    <individualName>
        <givenName>Mickael</givenName>
      <surName>Graf</surName>
    </individualName>
    <organizationName>Swedish Museum of Natural History</organizationName>
    <positionName>Database developer</positionName>
    <address>
        <city>Stockholm</city>
        <country>SWEDEN</country>
    </address>
    <electronicMailAddress>mickael.graf@nrm.se</electronicMailAddress>
    <role>CONTENT_PROVIDER</role>
</associatedParty>
<associatedParty>
    <individualName>
        <givenName>Kevin-Giancarlo</givenName>
      <surName>Borja-Acosta</surName>
    </individualName>
    <organizationName>Instituto de Investigación de Recursos Biológicos Alexander von Humboldt</organizationName>
    <positionName>Administrador Datos Colecciones Biológicas</positionName>
    <address>
        <deliveryPoint>Claustro de San Agustín</deliveryPoint>
        <city>Villa de Leyva</city>
        <administrativeArea>Boyacá</administrativeArea>
        <country>COLOMBIA</country>
    </address>
    <phone>+57 8 7320791</phone>
    <electronicMailAddress>kborja@humboldt.org.co</electronicMailAddress>
    <role>CONTENT_PROVIDER</role>
</associatedParty>
<associatedParty>
    <individualName>
        <givenName>Linda</givenName>
      <surName>Jennings</surName>
    </individualName>
    <organizationName>University of British Columbia Herbarium</organizationName>
    <positionName>Assistant Curator, Vascular Plants &amp; Algae</positionName>
    <address>
        <deliveryPoint>3529-6270 University Boulevard</deliveryPoint>
        <city>Vancouver</city>
        <administrativeArea>British Columbia</administrativeArea>
        <postalCode>V6T 1Z4</postalCode>
        <country>CANADA</country>
    </address>
    <phone>(604) 822-9740</phone>
    <electronicMailAddress>linda.jennings@beatymuseum.ubc.ca</electronicMailAddress>
    <role>CONTENT_PROVIDER</role>
</associatedParty>
<associatedParty>
    <individualName>
      <surName>Coordinator: Alex Lockton</surName>
    </individualName>
    <organizationName>Botanical Society of the British Isles</organizationName>
    <address>
        <deliveryPoint>Botanical Society of the British Isles, Botany Department, The Natural History Museum, Cromwell Road, London, SW7 5BD</deliveryPoint>
    </address>
    <electronicMailAddress>coordinator@bsbi.org.uk</electronicMailAddress>
    <role>CONTENT_PROVIDER</role>
</associatedParty>
<associatedParty>
    <individualName>
        <givenName>Eduardo</givenName>
      <surName>Dalcin</surName>
    </individualName>
    <organizationName>Jardim Botânico do Rio de Janeiro</organizationName>
    <positionName>Coordenador do Núcleo de Computação Científica</positionName>
    <address>
        <deliveryPoint>Rua Pacheco Leão 915 - sala 203</deliveryPoint>
        <city>Rio de Janeiro</city>
        <administrativeArea>RJ</administrativeArea>
        <postalCode>22460-030</postalCode>
        <country>BRAZIL</country>
    </address>
    <phone>55 21 32042116</phone>
    <electronicMailAddress>edalcin@jbrj.gov.br</electronicMailAddress>
    <role>CONTENT_PROVIDER</role>
</associatedParty>
<associatedParty>
    <individualName>
      <surName>Paul Green</surName>
    </individualName>
    <organizationName>Paul R Green</organizationName>
    <address>
        <deliveryPoint>National Biodiversity Data Centre, Beechfield House, WIT West Campus, Carriganore, Co. Waterford</deliveryPoint>
    </address>
    <electronicMailAddress>info@biodiversityireland.ie</electronicMailAddress>
    <role>CONTENT_PROVIDER</role>
</associatedParty>
<associatedParty>
    <individualName>
        <givenName>Daniel</givenName>
      <surName>Mosquin</surName>
    </individualName>
    <organizationName>University of British Columbia Botanical Garden</organizationName>
    <positionName>Research Manager</positionName>
    <address>
        <deliveryPoint>6804 SW Marine Drive</deliveryPoint>
        <city>Vancouver</city>
        <administrativeArea>British Columbia</administrativeArea>
        <postalCode>V6T 1Z4</postalCode>
        <country>CANADA</country>
    </address>
    <phone>604-827-5773</phone>
    <electronicMailAddress>daniel.mosquin@ubc.ca</electronicMailAddress>
    <role>CONTENT_PROVIDER</role>
</associatedParty>
<associatedParty>
    <individualName>
        <givenName>Christoffer</givenName>
      <surName>Fägerström</surName>
    </individualName>
    <organizationName>Lund Museum of Zoology</organizationName>
    <address>
        <city>Lund</city>
        <administrativeArea>Skåne län</administrativeArea>
        <country>SWEDEN</country>
    </address>
    <electronicMailAddress>Christoffer.Fagerstrom@biol.lu.se</electronicMailAddress>
    <role>CONTENT_PROVIDER</role>
</associatedParty>
<associatedParty>
    <individualName>
        <givenName>Richard</givenName>
      <surName>Moe</surName>
    </individualName>
    <organizationName>The University and Jepson Herbaria</organizationName>
    <positionName>Emeritus Technical Editor</positionName>
    <address>
        <deliveryPoint>1001 Valley Life Sciences Building # 2465</deliveryPoint>
        <city>Berkeley</city>
        <administrativeArea>California</administrativeArea>
        <postalCode>94720-2465</postalCode>
        <country>UNITED_STATES</country>
    </address>
    <phone>(510) 642-2465</phone>
    <electronicMailAddress>rlmoe@berkeley.edu</electronicMailAddress>
    <role>CONTENT_PROVIDER</role>
</associatedParty>
<associatedParty>
    <individualName>
      <surName>David Holyoak</surName>
    </individualName>
    <organizationName>Dr David Thomas Holyoak</organizationName>
    <address>
        <deliveryPoint>Quinta da Cachopa, Barcoila, 6100-014 Cabecudo, Portugal</deliveryPoint>
    </address>
    <phone>+447813 018628</phone>
    <electronicMailAddress>holyoak9187@hotmail.com</electronicMailAddress>
    <role>CONTENT_PROVIDER</role>
</associatedParty>
<associatedParty>
    <individualName>
      <surName>A. Vilks</surName>
    </individualName>
    <address>
        <country>FRANCE</country>
    </address>
    <role>CONTENT_PROVIDER</role>
</associatedParty>
<associatedParty>
    <individualName>
      <surName>Paul Green</surName>
    </individualName>
    <organizationName>Paul R Green</organizationName>
    <address>
        <deliveryPoint>National Biodiversity Data Centre, Beechfield House, WIT West Campus, Carriganore, Co. Waterford</deliveryPoint>
    </address>
    <electronicMailAddress>info@biodiversityireland.ie</electronicMailAddress>
    <role>CONTENT_PROVIDER</role>
</associatedParty>
<associatedParty>
    <individualName>
        <givenName>Javier</givenName>
      <surName>Ranz</surName>
    </individualName>
    <organizationName>Generalitat Valenciana</organizationName>
    <positionName>Técnico</positionName>
    <address>
        <deliveryPoint>Castán Tobeñas, 77</deliveryPoint>
        <city>Valencia</city>
    </address>
    <phone>961208596</phone>
    <electronicMailAddress>ranz_jav@gva.es</electronicMailAddress>
    <role>CONTENT_PROVIDER</role>
</associatedParty>
<associatedParty>
    <individualName>
      <surName>CBN Brest</surName>
    </individualName>
    <address>
        <country>FRANCE</country>
    </address>
    <role>CONTENT_PROVIDER</role>
</associatedParty>
<associatedParty>
    <individualName>
      <surName>Úna FitzPatrick</surName>
    </individualName>
    <organizationName>Collated by the National Biodiversity Data Centre from different sources</organizationName>
    <address>
        <deliveryPoint>National Biodiversity Data Centre, Beechfield House, WIT West Campus, Carriganore, Waterford</deliveryPoint>
    </address>
    <phone>051 306240</phone>
    <electronicMailAddress>ufitzpatrick@biodiversityireland.ie</electronicMailAddress>
    <role>CONTENT_PROVIDER</role>
</associatedParty>
<associatedParty>
    <individualName>
      <surName>blasbenito</surName>
    </individualName>
    <role>AUTHOR</role>
</associatedParty>
<associatedParty>
    <individualName>
      <surName>GBIF Download Service</surName>
    </individualName>
    <role>ORIGINATOR</role>
</associatedParty>
<associatedParty>
    <individualName>
      <surName>GBIF Download Service</surName>
    </individualName>
    <role>METADATA_AUTHOR</role>
</associatedParty>
<pubDate>
        2014-04-17
</pubDate>
<language>ENGLISH</language>
<abstract>
  <para>A dataset containing all occurrences available in GBIF matching the query: {&quot;type&quot;:&quot;and&quot;,&quot;predicates&quot;:[{&quot;type&quot;:&quot;equals&quot;,&quot;key&quot;:&quot;HAS_COORDINATE&quot;,&quot;value&quot;:&quot;true&quot;},{&quot;type&quot;:&quot;equals&quot;,&quot;key&quot;:&quot;TAXON_KEY&quot;,&quot;value&quot;:&quot;3034015&quot;},{&quot;type&quot;:&quot;equals&quot;,&quot;key&quot;:&quot;SPATIAL_ISSUES&quot;,&quot;value&quot;:&quot;false&quot;}]}&lt;br/&gt;The dataset includes records from the following constituent datasets. The full metadata for each constituent is also included in this archive:&lt;br/&gt;1 records from Heritage Trees of Ireland&lt;br/&gt;1 records from Paleobiology Database&lt;br/&gt;1 records from The Erysiphales Collection at the Botanische Staatssammlung München&lt;br/&gt;1 records from Institut Menorquí d&apos;Estudis. Herbarium Generale Minoricae: HGM&lt;br/&gt;1 records from iNaturalist research-grade observations&lt;br/&gt;1 records from Colección Herbario Federico Medem Bogotá - FMB&lt;br/&gt;1 records from University of British Columbia Herbarium (UBC) - Vascular Plant Collection&lt;br/&gt;1 records from Phragma-Thermis/Thessaloniki&lt;br/&gt;1 records from Rio de Janeiro Botanical Garden Herbarium Collection&lt;br/&gt;1 records from Naturnahes Tal in Siena&lt;br/&gt;1 records from CeDoc de Biodiversitat Vegetal: BCN-Seeds&lt;br/&gt;1 records from Herbarium of The New York Botanical Garden&lt;br/&gt;1 records from Gemeinde Sursee&lt;br/&gt;1 records from CONN&lt;br/&gt;1 records from Herbarium of Taiwan Forestry Research Institute&lt;br/&gt;1 records from Northern Ireland Environment Agency - EHS Species Datasets&lt;br/&gt;1 records from Herbario de la Universidad de Almeria&lt;br/&gt;1 records from Vascular Plants Collection of Sagamihara City Museum&lt;br/&gt;1 records from Wiltshire and Swindon Biological Records Centre - Wiltshire &amp; Swindon Site-based Survey Records&lt;br/&gt;1 records from FlorKart - FlorenKartierung Gefaesspflanzen&lt;br/&gt;1 records from Angiospermatatophytina Collection of Saitama Museum of Natural History&lt;br/&gt;1 records from Tag der Artenvielfalt&lt;br/&gt;1 records from University of British Columbia Botanical Garden Collections (UBCBG)&lt;br/&gt;1 records from The Fungal Collection at the Senckenberg Museum für Naturkunde Görlitz&lt;br/&gt;1 records from Inventaire National du Patrimoine Naturel (I057) : Flore du Limousin&lt;br/&gt;1 records from Natural History Museum, Vienna - Herbarium W&lt;br/&gt;1 records from Herbarium Berolinense&lt;br/&gt;1 records from Vascular Plant Collection of Natural History Museum and Institute, Chiba&lt;br/&gt;2 records from Herbarium of Oskarshamn (OHN)&lt;br/&gt;2 records from Plantae, TAIF (Taiwan e-Learning and Digital Archives Program, TELDAP)&lt;br/&gt;2 records from Herbario EMMA. Herbario de la Escuela Técnica Superior de Ingenieros de Montes. UPM&lt;br/&gt;2 records from The Exsiccatal Series &quot;Triebel, Microfungi exsiccati&quot;&lt;br/&gt;2 records from Consortium of California Herbaria&lt;br/&gt;2 records from The Erysiphales Collection at the University Halle-Wittenberg&lt;br/&gt;2 records from North &amp; East Yorkshire Ecological Data Centre - North and East Yorkshire Ecological Data Centre - Non-sensitive Records from all taxonomic groups. &lt;br/&gt;2 records from Hortus Botanicus Sollerensis Herbarium (FBonafè)&lt;br/&gt;2 records from Australian National Herbarium (CANB)&lt;br/&gt;2 records from Karl Franzens University of Graz, Insitute for Botany - Herbarium GZU&lt;br/&gt;2 records from Herbario de la Universidad de Sevilla, SEV&lt;br/&gt;2 records from inatura - Erlebnis Naturschau Dornbirn&lt;br/&gt;2 records from Online Atlas of vascular plants 2012-2020&lt;br/&gt;2 records from Nationaal Herbarium Nederland&lt;br/&gt;3 records from Institut Botanic de Barcelona, BC-Histórico&lt;br/&gt;3 records from New Zealand Biodiversity Recording Network&lt;br/&gt;3 records from Merseyside BioBank - Merseyside BioBank Active Naturalists (unverified)&lt;br/&gt;3 records from Dirección General de Investigación, Desarrollo Tecnológico e Innovación de la Junta de Extremadura(DGIDTI): HSS&lt;br/&gt;3 records from Universidad de Navarra, Herbarium: PAMP-Vascular Plants&lt;br/&gt;4 records from EcoRecord - Vascular plant records held by EcoRecord for the Birmingham and the Black Country area collated prior to March 2013&lt;br/&gt;4 records from Hertfordshire Natural History Society Flora Group - Hertfordshire Flora Survey Records 1987-2005&lt;br/&gt;4 records from Consortium of California Herbaria&lt;br/&gt;4 records from Shropshire Ecological Data Network - Shropshire Ecological Data Network Database&lt;br/&gt;4 records from Irish vascular plant data 1999-2009&lt;br/&gt;5 records from NSW herbarium collection&lt;br/&gt;5 records from SBT-Living&lt;br/&gt;5 records from Missouri Botanical Garden&lt;br/&gt;5 records from Lund Botanical Museum (LD)&lt;br/&gt;5 records from Universidad de Oviedo. Departamento de Biología de Organismos y Sistemas: FCO-Briof&lt;br/&gt;5 records from Vascular Plant Collection - University of Washington Herbarium (WTU)&lt;br/&gt;5 records from SysTax - Herbaria&lt;br/&gt;6 records from Merseyside BioBank - North Merseyside Flowering Plants (unverified)&lt;br/&gt;6 records from Plant Specimen Database of Tama Forest Science Garden, Forestry and Forest Products Research Institute, Japan&lt;br/&gt;7 records from Institut Botanic de Barcelona, BC&lt;br/&gt;7 records from South East Wales Biodiversity Records Centre - CCW Regional Data : South East Wales Non-sensitive Species Records&lt;br/&gt;8 records from BSBI tetrad data for Ireland&lt;br/&gt;8 records from Herbario de Plantas Vasculares de la Universidad de Salamanca: SALA&lt;br/&gt;9 records from Rotherham Biological Records Centre - Rotherham Biological Records Centre - Non-sensitive Records from all taxonomic groups&lt;br/&gt;10 records from Herbarium of Vascular Plants Collection of the University of Extremadura (Spain)&lt;br/&gt;10 records from Tiroler Landesmuseum Ferdinandeum&lt;br/&gt;10 records from Universidad de Oviedo. Departamento de Biología de Organismos y Sistemas: FCO&lt;br/&gt;10 records from Vascular Plant Specimen Database of Kanagawa Prefectural Museum of Natural History&lt;br/&gt;13 records from The Flora of County Waterford&lt;br/&gt;14 records from Jardín Botánico de Córdoba: Herbarium COA&lt;br/&gt;14 records from Suffolk Biological Records Centre - Suffolk Biological Records Centre (SBRC) dataset&lt;br/&gt;15 records from Catálogo Florístico Histórico de Navarra. Gobierno de Navarra&lt;br/&gt;15 records from Sheffield Biological Records Centre - Sheffield Biological Records Centre- Non-sensitive Records from all taxonomic groups. &lt;br/&gt;16 records from New Zealand National Plant Herbarium (CHR)&lt;br/&gt;18 records from Colección de plantas vasculares del herbario de la Universitat de València (VAL).&lt;br/&gt;21 records from Real Jardin Botanico (Madrid), Vascular Plant Herbarium (MA)&lt;br/&gt;23 records from Universidad de Málaga: MGC-Cormof&lt;br/&gt;23 records from The Flora of County Wexford&lt;br/&gt;23 records from Cartografía de vegetación a escala de detalle 1:10.000 de la masa forestal de Andalucía&lt;br/&gt;28 records from Inventaire National du Patrimoine Naturel (I093) : Flore du Massif Armoricain&lt;br/&gt;67 records from Base de datos de plantas vasculares del País Vasco: ARAN-EH&lt;br/&gt;75 records from Bristol Regional Environmental Records Centre - BRERC October 2009&lt;br/&gt;78 records from Observations du Conservatoire botanique national du Bassin parisien.&lt;br/&gt;83 records from Tercer Inventario Forestal Nacional. Ministerio de Agricultura, Alimentación y Medio Ambiente (España/Spain) (IFN3)&lt;br/&gt;125 records from Botanical Society of the British Isles - Vascular Plants Database additions since 2000&lt;br/&gt;157 records from Banco de Datos de la Biodiversidad de la Comunitat Valenciana&lt;br/&gt;328 records from Botanical Society of the British Isles - Vascular Plants Database&lt;br/&gt;378 records from Fundación Biodiversidad, Real Jardín Botánico (CSIC): Anthos. Sistema de Información de las plantas de España&lt;br/&gt;572 records from Sistema de Información de la vegetación Ibérica y Macaronésica&lt;br/&gt;1219 records from Israel Nature and Parks Authority&lt;br/&gt;</para>
</abstract>

</dataset>

<additionalMetadata>
  <metadata>
    <gbif>
        <citation identifier="0000968-140414153444004">GBIF Occurrence Download 0000968-140414153444004</citation>
          <physical>
            <objectName></objectName>
            <characterEncoding>UTF-8</characterEncoding>
            <dataFormat>
              <externallyDefinedFormat>
                <formatName>Darwin Core Archive</formatName>
              </externallyDefinedFormat>
            </dataFormat>
            <distribution>
              <online>
                <url function="download">http://api.gbif.org/v0.9/occurrence/download/request/0000968-140414153444004.zip</url>
              </online>
            </distribution>
          </physical>
    </gbif>
  </metadata>
</additionalMetadata>

</eml:eml>
