<eml:eml xmlns:eml="eml://ecoinformatics.org/eml-2.1.1"
         xmlns:xsi="http://www.w3.org/2001/XMLSchema-instance"
         xsi:schemaLocation="eml://ecoinformatics.org/eml-2.1.1 http://rs.gbif.org/schema/eml-gbif-profile/1.0.2/eml.xsd"
         packageId="1d498f6c-3869-4539-95f3-78b424052dad" system="http://gbif.org" scope="system"
         xml:lang="en">

<dataset>
  <title>GBIF Occurrence Download 0000965-140414153444004</title>
<creator>
    <individualName>
      <surName>GBIF Download Service</surName>
    </individualName>
</creator>
<metadataProvider>
    <individualName>
      <surName>GBIF Download Service</surName>
    </individualName>
</metadataProvider>
<associatedParty>
    <individualName>
        <givenName>Jeroen</givenName>
      <surName>Willemsen</surName>
    </individualName>
    <organizationName>Field Study Group of the Dutch Mammal Society</organizationName>
    <positionName>Staff member of the Field Study Group</positionName>
    <address>
        <deliveryPoint>P.O. Box 6531</deliveryPoint>
        <city>Nijmegen</city>
        <postalCode>NL-6503 GA</postalCode>
    </address>
    <electronicMailAddress>veldwerkgroep@zoogdiervereniging.nl</electronicMailAddress>
    <role>CONTENT_PROVIDER</role>
</associatedParty>
<associatedParty>
    <individualName>
        <givenName>Jeroen</givenName>
      <surName>Willemsen</surName>
    </individualName>
    <organizationName>Field Study Group of the Dutch Mammal Society</organizationName>
    <positionName>Staff member of the Field Study Group</positionName>
    <address>
        <deliveryPoint>P.O. Box 6531</deliveryPoint>
        <city>Nijmegen</city>
        <postalCode>NL-6503 GA</postalCode>
        <country>NETHERLANDS</country>
    </address>
    <electronicMailAddress>veldwerkgroep@zoogdiervereniging.nl</electronicMailAddress>
    <role>CONTENT_PROVIDER</role>
</associatedParty>
<associatedParty>
    <individualName>
        <givenName>Henry</givenName>
      <surName>van der Es</surName>
    </individualName>
    <organizationName>Natural History Museum Rotterdam</organizationName>
    <positionName>Collection manager</positionName>
    <address>
        <deliveryPoint>Westzeedijk 345</deliveryPoint>
        <city>Rotterdam</city>
        <postalCode>NL-3015 AA</postalCode>
        <country>NETHERLANDS</country>
    </address>
    <phone>+31-(0)10-4364222</phone>
    <electronicMailAddress>vanderes@hetnatuurhistorisch.nl</electronicMailAddress>
    <role>CONTENT_PROVIDER</role>
</associatedParty>
<associatedParty>
    <individualName>
        <givenName>Jeroen</givenName>
      <surName>Willemsen</surName>
    </individualName>
    <organizationName>Field Study Group of the Dutch Mammal Society</organizationName>
    <positionName>Staff member of the Field Study Group</positionName>
    <address>
        <deliveryPoint>P.O. Box 6531</deliveryPoint>
        <city>Nijmegen</city>
        <postalCode>NL-6503 GA</postalCode>
        <country>NETHERLANDS</country>
    </address>
    <electronicMailAddress>veldwerkgroep@zoogdiervereniging.nl</electronicMailAddress>
    <role>CONTENT_PROVIDER</role>
</associatedParty>
<associatedParty>
    <individualName>
        <givenName>Marta</givenName>
      <surName>Domènech</surName>
    </individualName>
    <organizationName>Centre d&apos;estudis de la neu i de la muntanya d&apos;Andorra (CENMA), Institut d&apos;Estudis Andorrans</organizationName>
    <address>
        <deliveryPoint>Avda. Rocafort 21-23, Edifici el Molí 3er pis AD600 Sant Julià de Lòria, PRINCIPAT D&apos;ANDORRA</deliveryPoint>
        <city>Sant Julià de Lòria</city>
        <postalCode>AD600</postalCode>
        <country>ANDORRA</country>
    </address>
    <phone>(+376)742630</phone>
    <electronicMailAddress>cenma@iea.ad</electronicMailAddress>
    <role>CONTENT_PROVIDER</role>
</associatedParty>
<associatedParty>
    <individualName>
        <givenName>Frans J.A.</givenName>
      <surName>Slieker</surName>
    </individualName>
    <organizationName>Natural History Museum Rotterdam</organizationName>
    <positionName>Honorary Curator</positionName>
    <address>
        <country>NETHERLANDS</country>
    </address>
    <electronicMailAddress>fjas@caiway.net</electronicMailAddress>
    <role>CONTENT_PROVIDER</role>
</associatedParty>
<associatedParty>
    <individualName>
      <surName>blasbenito</surName>
    </individualName>
    <role>AUTHOR</role>
</associatedParty>
<associatedParty>
    <individualName>
      <surName>GBIF Download Service</surName>
    </individualName>
    <role>ORIGINATOR</role>
</associatedParty>
<associatedParty>
    <individualName>
      <surName>GBIF Download Service</surName>
    </individualName>
    <role>METADATA_AUTHOR</role>
</associatedParty>
<pubDate>
        2014-04-17
</pubDate>
<language>ENGLISH</language>
<abstract>
  <para>A dataset containing all occurrences available in GBIF matching the query: {&quot;type&quot;:&quot;and&quot;,&quot;predicates&quot;:[{&quot;type&quot;:&quot;equals&quot;,&quot;key&quot;:&quot;HAS_COORDINATE&quot;,&quot;value&quot;:&quot;true&quot;},{&quot;type&quot;:&quot;equals&quot;,&quot;key&quot;:&quot;SPATIAL_ISSUES&quot;,&quot;value&quot;:&quot;false&quot;},{&quot;type&quot;:&quot;equals&quot;,&quot;key&quot;:&quot;TAXON_KEY&quot;,&quot;value&quot;:&quot;5772714&quot;}]}&lt;br/&gt;The dataset includes records from the following constituent datasets. The full metadata for each constituent is also included in this archive:&lt;br/&gt;1 records from Schulwald Sprendlingen&lt;br/&gt;1 records from Geo-Tag der Artenvielfalt Süßen Hornwiesen-Grundschule&lt;br/&gt;1 records from Rotherham Biological Records Centre - Rotherham Biological Records Centre - Non-sensitive Records from all taxonomic groups&lt;br/&gt;1 records from Field Study Group of the Dutch Mammal Society (NL) - 2008 - Mammal Survey Muntii Padurea Craiului - Apuseni mountains, Romania&lt;br/&gt;1 records from Isartal Dingolfing&lt;br/&gt;1 records from Shropshire Ecological Data Network - Shropshire Ecological Data Network Database&lt;br/&gt;1 records from Owere Fiddel&lt;br/&gt;1 records from Trockenhang Greinhartsberg Edelfingen&lt;br/&gt;2 records from Biologiezentrum Linz&lt;br/&gt;2 records from iNaturalist research-grade observations&lt;br/&gt;2 records from Thames Valley Environmental Records Centre - Local Wildlife Site Surveys Berkshire&lt;br/&gt;2 records from Dr Francis Rose Field Notebook Project - Field Notebook Records of Dr Francis Rose 1950&apos;s to 1990&apos;s&lt;br/&gt;2 records from Field Study Group of the Dutch Mammal Society (NL) - 2006 - Mammal Survey Galicica National Park, Macedonia&lt;br/&gt;3 records from Suffolk Biological Records Centre - Suffolk Biological Records Centre (SBRC) dataset&lt;br/&gt;3 records from Natural History Museum Rotterdam&lt;br/&gt;4 records from Thames Valley Environmental Records Centre - Local Wildlife Site Surveys Oxfordshire&lt;br/&gt;5 records from Cumbria Biodiversity Data Centre - Cumbria Biodiversity Data Centre. Lepidoptera Observation Records. Pre-2010 for Cumbria &lt;br/&gt;5 records from The atlas of butterflies in Kraków&lt;br/&gt;5 records from Zoologische Staatssammlung Muenchen - International Barcode of Life (iBOL) - Barcode of Life Project Specimen Data&lt;br/&gt;8 records from Artròpodes d&apos;Andorra&lt;br/&gt;10 records from Field Study Group of the Dutch Mammal Society (NL) - 2004 - Mammal Survey Rakitovec, Slovenia&lt;br/&gt;10 records from Insekten Sachsen&lt;br/&gt;10 records from Natural History Museum Maastricht (NL) - Entomological Collection&lt;br/&gt;17 records from Countryside Council for Wales - Welsh Invertebrate Database (WID)&lt;br/&gt;49 records from EDIT - ATBI in Mercantour/Alpi Marittime (France/Italy)&lt;br/&gt;121 records from inatura - Erlebnis Naturschau Dornbirn&lt;br/&gt;150 records from SysTax - Zoological Collections&lt;br/&gt;176 records from Bristol Regional Environmental Records Centre - BRERC October 2009&lt;br/&gt;194 records from Naturkundemuseum im Ottoneum Kassel, Entomological Collection&lt;br/&gt;242 records from Universidad Autónoma de Madrid, Madrid; Lepidópteros&lt;br/&gt;298 records from Wiltshire and Swindon Biological Records Centre - Wiltshire &amp; Swindon Site-based Survey Records&lt;br/&gt;382 records from Natural History Museum Rotterdam (NL) - Insecta collection&lt;br/&gt;464 records from Natural England - Invertebrate Site Register - England.&lt;br/&gt;571 records from Biological and palaeontological collection and observation data MNHNL&lt;br/&gt;1252 records from The Distribution Atlas of Butterflies in Poland&lt;br/&gt;7573 records from Swiss National Butterflies Databank&lt;br/&gt;</para>
</abstract>

</dataset>

<additionalMetadata>
  <metadata>
    <gbif>
        <citation identifier="0000965-140414153444004">GBIF Occurrence Download 0000965-140414153444004</citation>
          <physical>
            <objectName></objectName>
            <characterEncoding>UTF-8</characterEncoding>
            <dataFormat>
              <externallyDefinedFormat>
                <formatName>Darwin Core Archive</formatName>
              </externallyDefinedFormat>
            </dataFormat>
            <distribution>
              <online>
                <url function="download">http://api.gbif.org/v0.9/occurrence/download/request/0000965-140414153444004.zip</url>
              </online>
            </distribution>
          </physical>
    </gbif>
  </metadata>
</additionalMetadata>

</eml:eml>
