<eml:eml xmlns:eml="eml://ecoinformatics.org/eml-2.1.1"
         xmlns:xsi="http://www.w3.org/2001/XMLSchema-instance"
         xsi:schemaLocation="eml://ecoinformatics.org/eml-2.1.1 http://rs.gbif.org/schema/eml-gbif-profile/1.0.2/eml.xsd"
         packageId="0348540a-e644-4496-89d3-c257da9ad776" system="http://gbif.org" scope="system"
         xml:lang="en">

<dataset>
    <alternateIdentifier system="GBIF_PORTAL">13734</alternateIdentifier>
  <title>Marie-Victorin Herbarium (MT)</title>
<creator>
    <individualName>
        <givenName>Luc</givenName>
      <surName>Brouillet</surName>
    </individualName>
    <organizationName>Université de Montréal Biodiversity Centre</organizationName>
    <positionName>Curator</positionName>
    <address>
        <deliveryPoint>4101 rue Sherbrooke est</deliveryPoint>
        <city>Montreal</city>
        <administrativeArea>Quebec</administrativeArea>
        <postalCode>H1X2B2</postalCode>
        <country>CANADA</country>
    </address>
    <electronicMailAddress>luc.brouillet@umontreal.ca</electronicMailAddress>
</creator>
<metadataProvider>
    <individualName>
        <givenName>Peter</givenName>
      <surName>Desmet</surName>
    </individualName>
    <organizationName>Université de Montréal Biodiversity Centre</organizationName>
    <positionName>Biodiversity Informatics Manager</positionName>
    <address>
        <deliveryPoint>4101 rue Sherbrooke est</deliveryPoint>
        <city>Montreal</city>
        <administrativeArea>Quebec</administrativeArea>
        <postalCode>H1X2B2</postalCode>
        <country>CANADA</country>
    </address>
    <electronicMailAddress>peter.desmet@umontreal.ca</electronicMailAddress>
</metadataProvider>
<associatedParty>
    <organizationName>University of Montreal Biodiversity Centre</organizationName>
    <address>
        <deliveryPoint>4101 rue Sherbrooke est</deliveryPoint>
        <city>Montreal</city>
        <administrativeArea>Quebec</administrativeArea>
        <postalCode>H1X2B2</postalCode>
        <country>CANADA</country>
    </address>
    <role>PUBLISHER</role>
</associatedParty>
<associatedParty>
    <individualName>
        <givenName>Peter</givenName>
      <surName>Desmet</surName>
    </individualName>
    <organizationName>Université de Montréal Biodiversity Centre</organizationName>
    <positionName>Biodiversity Informatics Manager</positionName>
    <address>
        <deliveryPoint>4101 rue Sherbrooke est</deliveryPoint>
        <city>Montreal</city>
        <administrativeArea>Quebec</administrativeArea>
        <postalCode>H1X2B2</postalCode>
        <country>CANADA</country>
    </address>
    <electronicMailAddress>peter.desmet@umontreal.ca</electronicMailAddress>
    <role>PROGRAMMER</role>
</associatedParty>
<associatedParty>
    <individualName>
        <givenName>Lucie</givenName>
      <surName>Fortin</surName>
    </individualName>
    <organizationName>Université de Montréal Biodiversity Centre</organizationName>
    <address>
        <deliveryPoint>4101 rue Sherbrooke est</deliveryPoint>
        <city>Montreal</city>
        <administrativeArea>Quebec</administrativeArea>
        <postalCode>H1X2B2</postalCode>
        <country>CANADA</country>
    </address>
    <role>CONTENT_PROVIDER</role>
</associatedParty>
<associatedParty>
    <individualName>
        <givenName>Geoffrey</givenName>
      <surName>Hall</surName>
    </individualName>
    <organizationName>Université de Montréal Biodiversity Centre</organizationName>
    <positionName>Collection manager</positionName>
    <address>
        <deliveryPoint>4101 rue Sherbrooke est</deliveryPoint>
        <city>Montreal</city>
        <administrativeArea>Quebec</administrativeArea>
        <postalCode>H1X2B2</postalCode>
        <country>CANADA</country>
    </address>
    <electronicMailAddress>geoffrey.hall@umontreal.ca</electronicMailAddress>
    <role>CUSTODIAN_STEWARD</role>
</associatedParty>
<associatedParty>
    <individualName>
        <givenName>Stuart</givenName>
      <surName>Hay</surName>
    </individualName>
    <organizationName>Université de Montréal Biodiversity Centre</organizationName>
    <positionName>Retired assistant curator</positionName>
    <address>
        <deliveryPoint>4101 rue Sherbrooke est</deliveryPoint>
        <city>Montreal</city>
        <administrativeArea>Quebec</administrativeArea>
        <postalCode>H1X2B2</postalCode>
        <country>CANADA</country>
    </address>
    <electronicMailAddress>stuart.hay@umontreal.ca</electronicMailAddress>
    <role>CONTENT_PROVIDER</role>
</associatedParty>
<associatedParty>
    <individualName>
        <givenName>Luc</givenName>
      <surName>Brouillet</surName>
    </individualName>
    <organizationName>Université de Montréal Biodiversity Centre</organizationName>
    <positionName>Curator</positionName>
    <address>
        <deliveryPoint>4101 rue Sherbrooke est</deliveryPoint>
        <city>Montreal</city>
        <administrativeArea>Quebec</administrativeArea>
        <postalCode>H1X2B2</postalCode>
        <country>CANADA</country>
    </address>
    <electronicMailAddress>luc.brouillet@umontreal.ca</electronicMailAddress>
    <role>CUSTODIAN_STEWARD</role>
</associatedParty>
<pubDate>
        2013-07-10
</pubDate>
<language>ENGLISH</language>
<abstract>
  <para>The Marie-Victorin Herbarium (MT) is the second largest university herbarium in Canada and Quebec, and ranks fourth among all Canadian herbaria. It includes about 620,000+ vascular plants and 50,000+ bryophytes. Half of the material is Canadian, but representation is global. This dataset includes the 135,000+ digitized specimens from the collection.</para>
</abstract>
  <keywordSet>
      <keyword>Université de Montréal</keyword>
      <keyword>Marie-Victorin Herbarium</keyword>
      <keyword>Herbier Marie-Victorin</keyword>
      <keyword>Canada</keyword>
      <keyword>herbarium</keyword>
      <keyword>Quebec</keyword>
      <keyword>Canadensys</keyword>
      <keyword>collection</keyword>
      <keyword>specimens</keyword>
      <keyword>MT</keyword>
      <keywordThesaurus>n/a</keywordThesaurus>
  </keywordSet>
  <keywordSet>
      <keyword>Occurrence</keyword>
      <keywordThesaurus>GBIF Dataset Type Vocabulary: http://rs.gbif.org/vocabulary/gbif/dataset_type.xml</keywordThesaurus>
  </keywordSet>
  <keywordSet>
      <keyword>Specimen</keyword>
      <keywordThesaurus>GBIF Dataset Subtype Vocabulary: http://rs.gbif.org/vocabulary/gbif/dataset_subtype.xml</keywordThesaurus>
  </keywordSet>
  <intellectualRights>
    <para>http://creativecommons.org/publicdomain/zero/1.0/ &amp; http://www.canadensys.net/norms</para>
  </intellectualRights>
  <distribution scope="document">
    <online>
      <url function="information">http://www.irbv.umontreal.ca/herbier-marie-victorin?lang=en</url>
    </online>
  </distribution>
  <coverage>
      <geographicCoverage>
          <geographicDescription>Global terrestrial coverage (except Antartica). Over 88% of the specimens in this dataset are collected in Canada, of which 70% in the province Quebec and 19.5% in Newfoundland. 5% of the specimens are from the United States and 3.5% from Cuba. For more detailed information about the whole collection, see our inventory at http://dataset.canadensys.net/mt-inventory.</geographicDescription>
        <boundingCoordinates>
          <westBoundingCoordinate>-180</westBoundingCoordinate>
          <eastBoundingCoordinate>180</eastBoundingCoordinate>
          <northBoundingCoordinate>90</northBoundingCoordinate>
          <southBoundingCoordinate>-90</southBoundingCoordinate>
        </boundingCoordinates>
      </geographicCoverage>
      <temporalCoverage>
      </temporalCoverage>
        <taxonomicCoverage>
            <generalTaxonomicCoverage>This dataset includes all digitized vascular plants and bryophytes in the collection. The top 3 families are Cyperaceae (15%), Asteraceae (9%) and Poaceae (5%). For more detailed information about the whole collection, see our inventory at http://dataset.canadensys.net/mt-inventory.</generalTaxonomicCoverage>
            <taxonomicClassification>
                <taxonRankName>KINGDOM</taxonRankName>
              <taxonRankValue>Plantae</taxonRankValue>
                <commonName>Plants</commonName>
            </taxonomicClassification>
            <taxonomicClassification>
                <taxonRankName>CLASS</taxonRankName>
              <taxonRankValue>Equisetopsida</taxonRankValue>
                <commonName>Vascular plants</commonName>
            </taxonomicClassification>
            <taxonomicClassification>
                <taxonRankName>FAMILY</taxonRankName>
              <taxonRankValue>Cyperaceae</taxonRankValue>
            </taxonomicClassification>
            <taxonomicClassification>
                <taxonRankName>FAMILY</taxonRankName>
              <taxonRankValue>Asteraceae</taxonRankValue>
            </taxonomicClassification>
            <taxonomicClassification>
                <taxonRankName>FAMILY</taxonRankName>
              <taxonRankValue>Poaceae</taxonRankValue>
            </taxonomicClassification>
        </taxonomicCoverage>
  </coverage>
  <contact>
    <individualName>
        <givenName>Luc</givenName>
      <surName>Brouillet</surName>
    </individualName>
    <organizationName>Université de Montréal Biodiversity Centre</organizationName>
    <positionName>Curator</positionName>
    <address>
        <deliveryPoint>4101 rue Sherbrooke est</deliveryPoint>
        <city>Montreal</city>
        <administrativeArea>Quebec</administrativeArea>
        <postalCode>H1X2B2</postalCode>
        <country>CANADA</country>
    </address>
    <electronicMailAddress>luc.brouillet@umontreal.ca</electronicMailAddress>
  </contact>
  <methods>
      <methodStep>
        <description>
          <para>Examine specimen and any attached/included labels. Verify and update determination if qualified.</para>
        </description>
      </methodStep>
      <methodStep>
        <description>
          <para>Search specimen record in collection database and update where necessary, or create new record and populate fields with the information on the specimen label. Use controlled vocabularies where relevant. Determinations are recorded in a related table (included in this dataset as http://rs.gbif.org/extension/dwc/identification.xml), as are related projects and specimen exchange history.</para>
        </description>
      </methodStep>
      <methodStep>
        <description>
          <para>Attach the newly generated specimen number to the physical specimen.</para>
        </description>
      </methodStep>
      <sampling>
        <studyExtent>
          <description>
            <para>Digitization of vascular plant and bryophyte specimens from the Marie-Victorin Herbarium (MT), with a focus on Asteraceae, Cyperaceae and Poaceae.</para>
          </description>
        </studyExtent>
        <samplingDescription>
          <para>All data are manually digitized as text from specimen labels. No images were taken</para>
        </samplingDescription>
      </sampling>
      <qualityControl>
        <description>
          <para>Legacy data have been formatted to fit the new database structure and have been cleaned to the best of our abilities, but they might still contain inconsistencies. They are further corrected on a ad hoc basis. New records are entered using controlled vocabularies where relevant and should contain fewer errors.</para>
        </description>
      </qualityControl>
  </methods>

</dataset>

<additionalMetadata>
  <metadata>
    <gbif>
        <dateStamp>2013-10-24T01:23:21.754+02:00</dateStamp>
        <citation identifier="doi:10.5886/rzav8bu2">Marie-Victorin Herbarium (MT) from University of Montreal Biodiversity Centre. http://dx.doi.org/10.5886/rzav8bu2 (accessed on [date]).</citation>
          <physical>
            <objectName>Canadensys explorer</objectName>
            <characterEncoding></characterEncoding>
            <dataFormat>
              <externallyDefinedFormat>
                <formatName></formatName>
              </externallyDefinedFormat>
            </dataFormat>
            <distribution>
              <online>
                <url function="download">http://data.canadensys.net/explorer/d/mt-specimens</url>
              </online>
            </distribution>
          </physical>
          <physical>
            <objectName>GBIF data portal</objectName>
            <characterEncoding></characterEncoding>
            <dataFormat>
              <externallyDefinedFormat>
                <formatName></formatName>
              </externallyDefinedFormat>
            </dataFormat>
            <distribution>
              <online>
                <url function="download">http://data.gbif.org/datasets/resource/13734/</url>
              </online>
            </distribution>
          </physical>
        <resourceLogoUrl>http://data.canadensys.net/ipt/logo.do?r=mt-specimens</resourceLogoUrl>
        <collection>
          <parentCollectionIdentifier>MT</parentCollectionIdentifier>
          <collectionIdentifier>MT</collectionIdentifier>
          <collectionName>Marie-Victorin Herbarium</collectionName>
        </collection>
        <formationPeriod>1920-present</formationPeriod>
        <specimenPreservationMethod>MOUNTED</specimenPreservationMethod>
    </gbif>
  </metadata>
</additionalMetadata>

</eml:eml>
