<eml:eml xmlns:eml="eml://ecoinformatics.org/eml-2.1.1"
         xmlns:xsi="http://www.w3.org/2001/XMLSchema-instance"
         xsi:schemaLocation="eml://ecoinformatics.org/eml-2.1.1 http://rs.gbif.org/schema/eml-gbif-profile/1.0.2/eml.xsd"
         packageId="0fb2c370-a84f-11de-978d-b8a03c50a862" system="http://gbif.org" scope="system"
         xml:lang="en">

<dataset>
  <title>Consortium of California Herbaria</title>
<creator>
</creator>
<metadataProvider>
</metadataProvider>
<language>en</language>
<abstract>
  <para>Consortium of California Herbaria</para>
</abstract>
  <distribution scope="document">
    <online>
      <url function="information">http://tapirlink.berkeley.edu//tapir.php/cch</url>
    </online>
  </distribution>

</dataset>

<additionalMetadata>
  <metadata>
    <gbif>
        <dateStamp>2012-11-06T12:10:01.000+01:00</dateStamp>
        <citation>Consortium of California Herbaria: Consortium of California Herbaria</citation>
    </gbif>
  </metadata>
</additionalMetadata>

</eml:eml>
