<eml:eml xmlns:eml="eml://ecoinformatics.org/eml-2.1.1"
         xmlns:xsi="http://www.w3.org/2001/XMLSchema-instance"
         xsi:schemaLocation="eml://ecoinformatics.org/eml-2.1.1 http://rs.gbif.org/schema/eml-gbif-profile/1.0.2/eml.xsd"
         packageId="11d4eda8-245c-4d0b-b712-fe01edf3884a" system="http://gbif.org" scope="system"
         xml:lang="en">

<dataset>
    <alternateIdentifier system="GBIF_PORTAL">14198</alternateIdentifier>
  <title>Cambridgeshire &amp; Peterborough Environmental Records Centre - CPERC Recorders day at Waterbeach barracks and airfield</title>
<creator>
</creator>
<metadataProvider>
</metadataProvider>
<language>en</language>
<abstract>
  <para>NBN Gateway Dataset GA000999</para>
</abstract>
  <distribution scope="document">
    <online>
      <url function="information">http://data.nbn.org.uk/datasetInfo/taxonDataset.jsp?dsKey=GA000999</url>
    </online>
  </distribution>

</dataset>

<additionalMetadata>
  <metadata>
    <gbif>
        <dateStamp>2012-06-12T04:54:38.000+02:00</dateStamp>
        <citation>UK National Biodiversity Network: Cambridgeshire &amp; Peterborough Environmental Records Centre - CPERC Recorders day at Waterbeach barracks and airfield</citation>
    </gbif>
  </metadata>
</additionalMetadata>

</eml:eml>
