<eml:eml xmlns:eml="eml://ecoinformatics.org/eml-2.1.1"
         xmlns:xsi="http://www.w3.org/2001/XMLSchema-instance"
         xsi:schemaLocation="eml://ecoinformatics.org/eml-2.1.1 http://rs.gbif.org/schema/eml-gbif-profile/1.0.2/eml.xsd"
         packageId="22122208-ca75-4063-abdf-ab58607dd55a" system="http://gbif.org" scope="system"
         xml:lang="en">

<dataset>
    <alternateIdentifier system="GBIF_PORTAL">13989</alternateIdentifier>
  <title>Vascular plants in Denmark recorded under the The Nationwide Monitoring and Assessment Programme for the Aquatic and Terrestrial Environments (NOVANA)</title>
<creator>
</creator>
<metadataProvider>
</metadataProvider>
<language>en</language>
<abstract>
  <para>Occurrence of vascular plants in Denmark recorded under the The Nationwide Monitoring and Assessment Programme for the Aquatic and Terrestrial Environments (NOVANA)</para>
</abstract>
  <contact>
    <address>
        <deliveryPoint>Grenåvej 14, Rønde DK, DK-8410</deliveryPoint>
    </address>
    <phone>+45 871 58474</phone>
    <electronicMailAddress>bny@dmu.dk</electronicMailAddress>
  </contact>

</dataset>

<additionalMetadata>
  <metadata>
    <gbif>
        <dateStamp>2013-08-13T02:33:02.000+02:00</dateStamp>
        <citation>Danish Nature Agency: Vascular plants in Denmark recorded under the The Nationwide Monitoring and Assessment Programme for the Aquatic and Terrestrial Environments (NOVANA)</citation>
    </gbif>
  </metadata>
</additionalMetadata>

</eml:eml>
