<eml:eml xmlns:eml="eml://ecoinformatics.org/eml-2.1.1"
         xmlns:xsi="http://www.w3.org/2001/XMLSchema-instance"
         xsi:schemaLocation="eml://ecoinformatics.org/eml-2.1.1 http://rs.gbif.org/schema/eml-gbif-profile/1.0.2/eml.xsd"
         packageId="3d9c1ed8-8684-45cd-86ca-c8804ee8982b" system="http://gbif.org" scope="system"
         xml:lang="en">

<dataset>
    <alternateIdentifier system="GBIF_PORTAL">12730</alternateIdentifier>
  <title>Humber Environmental Data Centre - Humber Environmental Data Centre - Non Sensitive Records from all taxonomic groups</title>
<creator>
</creator>
<metadataProvider>
</metadataProvider>
<language>en</language>
<abstract>
  <para>NBN Gateway Dataset GA000841</para>
</abstract>
  <distribution scope="document">
    <online>
      <url function="information">http://data.nbn.org.uk/datasetInfo/taxonDataset.jsp?dsKey=GA000841</url>
    </online>
  </distribution>

</dataset>

<additionalMetadata>
  <metadata>
    <gbif>
        <dateStamp>2011-03-15T10:18:17.000+01:00</dateStamp>
        <citation>UK National Biodiversity Network: Humber Environmental Data Centre - Humber Environmental Data Centre - Non Sensitive Records from all taxonomic groups</citation>
    </gbif>
  </metadata>
</additionalMetadata>

</eml:eml>
