<eml:eml xmlns:eml="eml://ecoinformatics.org/eml-2.1.1"
         xmlns:xsi="http://www.w3.org/2001/XMLSchema-instance"
         xsi:schemaLocation="eml://ecoinformatics.org/eml-2.1.1 http://rs.gbif.org/schema/eml-gbif-profile/1.0.2/eml.xsd"
         packageId="41b59050-0a12-11dd-953d-b8a03c50a862" system="http://gbif.org" scope="system"
         xml:lang="en">

<dataset>
    <alternateIdentifier system="GBIF_PORTAL">1024</alternateIdentifier>
  <title>Herbarium of Oskarshamn (OHN)</title>
<creator>
</creator>
<metadataProvider>
</metadataProvider>
<associatedParty>
    <positionName>data administrator</positionName>
    <electronicMailAddress>fredrik.ronquist@nrm.se</electronicMailAddress>
    <role>DATA_ADMINISTRATOR</role>
</associatedParty>
<associatedParty>
    <positionName>data administrator</positionName>
    <electronicMailAddress>anders.telenius@nrm.se</electronicMailAddress>
    <role>DATA_ADMINISTRATOR</role>
</associatedParty>
<associatedParty>
    <positionName>data administrator</positionName>
    <electronicMailAddress>ake.ruhling@telia.com</electronicMailAddress>
    <role>DATA_ADMINISTRATOR</role>
</associatedParty>
<language>en</language>
<abstract>
  <para>This database contains information from the herbarium of Oskarshamn, Sweden.</para>
</abstract>
  <distribution scope="document">
    <online>
      <url function="information">http://www.gbif.se/tapir/tapir.php/ohn</url>
    </online>
  </distribution>
  <contact>
    <positionName>system administrator</positionName>
    <phone>+46 8 5195 4045</phone>
    <electronicMailAddress>mickael.graf@nrm.se</electronicMailAddress>
  </contact>

</dataset>

<additionalMetadata>
  <metadata>
    <gbif>
        <dateStamp>2013-04-08T09:34:18.000+02:00</dateStamp>
        <citation>GBIF-Sweden: Herbarium of Oskarshamn (OHN)</citation>
    </gbif>
  </metadata>
</additionalMetadata>

</eml:eml>
