<eml:eml xmlns:eml="eml://ecoinformatics.org/eml-2.1.1"
         xmlns:xsi="http://www.w3.org/2001/XMLSchema-instance"
         xsi:schemaLocation="eml://ecoinformatics.org/eml-2.1.1 http://rs.gbif.org/schema/eml-gbif-profile/1.0.2/eml.xsd"
         packageId="439c7428-4ec3-4925-8065-1a653a93fcf2" system="http://gbif.org" scope="system"
         xml:lang="en">

<dataset>
    <alternateIdentifier system="GBIF_PORTAL">14252</alternateIdentifier>
  <title>John Muir Trust - Plants, Bryophytes and Lichens recorded on the Skye Estate during October 1995 â October 2004.</title>
<creator>
</creator>
<metadataProvider>
</metadataProvider>
<language>en</language>
<abstract>
  <para>NBN Gateway Dataset GA000969</para>
</abstract>
  <distribution scope="document">
    <online>
      <url function="information">http://data.nbn.org.uk/datasetInfo/taxonDataset.jsp?dsKey=GA000969</url>
    </online>
  </distribution>

</dataset>

<additionalMetadata>
  <metadata>
    <gbif>
        <dateStamp>2012-06-12T04:54:39.000+02:00</dateStamp>
        <citation>UK National Biodiversity Network: John Muir Trust - Plants, Bryophytes and Lichens recorded on the Skye Estate during October 1995 â October 2004.</citation>
    </gbif>
  </metadata>
</additionalMetadata>

</eml:eml>
