<eml:eml xmlns:eml="eml://ecoinformatics.org/eml-2.1.1"
         xmlns:xsi="http://www.w3.org/2001/XMLSchema-instance"
         xsi:schemaLocation="eml://ecoinformatics.org/eml-2.1.1 http://rs.gbif.org/schema/eml-gbif-profile/1.0.2/eml.xsd"
         packageId="4641192b-1bd5-44fa-ac3d-401bec431385" system="http://gbif.org" scope="system"
         xml:lang="en">

<dataset>
  <title>Scottish Wildlife Trust - Commissioned surveys and staff surveys and reports for SWT reserves. </title>
<creator>
</creator>
<metadataProvider>
</metadataProvider>
<language>en</language>
<abstract>
  <para>NBN Gateway Dataset GA000736</para>
</abstract>
  <distribution scope="document">
    <online>
      <url function="information">http://data.nbn.org.uk/datasetInfo/taxonDataset.jsp?dsKey=GA000736</url>
    </online>
  </distribution>

</dataset>

<additionalMetadata>
  <metadata>
    <gbif>
        <dateStamp>2010-09-15T11:17:04.000+02:00</dateStamp>
        <citation>UK National Biodiversity Network: Scottish Wildlife Trust - Commissioned surveys and staff surveys and reports for SWT reserves. </citation>
    </gbif>
  </metadata>
</additionalMetadata>

</eml:eml>
