<eml:eml xmlns:eml="eml://ecoinformatics.org/eml-2.1.1"
         xmlns:xsi="http://www.w3.org/2001/XMLSchema-instance"
         xsi:schemaLocation="eml://ecoinformatics.org/eml-2.1.1 http://rs.gbif.org/schema/eml-gbif-profile/1.0.2/eml.xsd"
         packageId="4d608085-da7f-4c86-bc7d-7f5a142b6496" system="http://gbif.org" scope="system"
         xml:lang="fr">

<dataset>
    <alternateIdentifier system="GBIF_PORTAL">12756</alternateIdentifier>
  <title>Herbier de Strasbourg</title>
<creator>
    <individualName>
        <givenName>Michel</givenName>
      <surName>Hoff</surName>
    </individualName>
    <organizationName>Herbier, Institut de Botanique, Université Louis Pasteur</organizationName>
    <address>
        <deliveryPoint>28 rue Goethe</deliveryPoint>
        <city>Strasbourg</city>
        <postalCode>F-67083</postalCode>
        <country>FRANCE</country>
    </address>
    <phone>03 90 24 18 62</phone>
    <electronicMailAddress>michel.hoff@bota-ulp.u-strasbg.fr</electronicMailAddress>
</creator>
<metadataProvider>
    <individualName>
        <givenName>Delphine</givenName>
      <surName>Gasc</surName>
    </individualName>
    <organizationName>GBIF France</organizationName>
    <address>
        <country>FRANCE</country>
    </address>
    <electronicMailAddress>gasc@gbif.fr</electronicMailAddress>
</metadataProvider>
<pubDate>
        2011-03-21
</pubDate>
<language>FRENCH</language>
<abstract>
  <para>Base de données sous dBase et FoxPro</para>
</abstract>
  <contact>
    <individualName>
        <givenName>Michel</givenName>
      <surName>Hoff</surName>
    </individualName>
    <organizationName>Herbier, Institut de Botanique, Université Louis Pasteur</organizationName>
    <address>
        <deliveryPoint>28 rue Goethe</deliveryPoint>
        <city>Strasbourg</city>
        <postalCode>F-67083</postalCode>
        <country>FRANCE</country>
    </address>
    <phone>03 90 24 18 62</phone>
    <electronicMailAddress>michel.hoff@bota-ulp.u-strasbg.fr</electronicMailAddress>
  </contact>

</dataset>

<additionalMetadata>
  <metadata>
    <gbif>
        <dateStamp>2013-10-24T01:23:00.253+02:00</dateStamp>
        <citation>Université de Strasbourg: Herbier de Strasbourg</citation>
    </gbif>
  </metadata>
</additionalMetadata>

</eml:eml>
