<eml:eml xmlns:eml="eml://ecoinformatics.org/eml-2.1.1"
         xmlns:xsi="http://www.w3.org/2001/XMLSchema-instance"
         xsi:schemaLocation="eml://ecoinformatics.org/eml-2.1.1 http://rs.gbif.org/schema/eml-gbif-profile/1.0.2/eml.xsd"
         packageId="5729fd1d-04af-46bd-9da7-0ff79977c6f8" system="http://gbif.org" scope="system"
         xml:lang="en">

<dataset>
  <title>UCJEPS TAPIR Provider</title>
<creator>
</creator>
<metadataProvider>
</metadataProvider>
<language>en</language>
<abstract>
  <para>UCJEPS TAPIR Provider</para>
</abstract>
  <distribution scope="document">
    <online>
      <url function="information">http://tapirlink.berkeley.edu/tapir.php/UCJEPS</url>
    </online>
  </distribution>

</dataset>

<additionalMetadata>
  <metadata>
    <gbif>
        <dateStamp>2012-11-06T12:25:13.000+01:00</dateStamp>
        <citation>Berkeley Natural History Museums: UCJEPS TAPIR Provider</citation>
    </gbif>
  </metadata>
</additionalMetadata>

</eml:eml>
