<eml:eml xmlns:eml="eml://ecoinformatics.org/eml-2.1.1"
         xmlns:xsi="http://www.w3.org/2001/XMLSchema-instance"
         xsi:schemaLocation="eml://ecoinformatics.org/eml-2.1.1 http://rs.gbif.org/schema/eml-gbif-profile/1.0.2/eml.xsd"
         packageId="594e0bf8-d08c-4a69-9c76-1c620554e719" system="http://gbif.org" scope="system"
         xml:lang="en">

<dataset>
    <alternateIdentifier system="GBIF_PORTAL">15042</alternateIdentifier>
  <title>botanicalcollection</title>
<creator>
</creator>
<metadataProvider>
</metadataProvider>
<language>en</language>
<abstract>
  <para>Extract from NINAs botanical database</para>
</abstract>

</dataset>

<additionalMetadata>
  <metadata>
    <gbif>
        <dateStamp>2013-08-23T01:03:49.000+02:00</dateStamp>
        <citation>Norwegian Institute for Nature Research: botanicalcollection</citation>
    </gbif>
  </metadata>
</additionalMetadata>

</eml:eml>
