<eml:eml xmlns:eml="eml://ecoinformatics.org/eml-2.1.1"
         xmlns:xsi="http://www.w3.org/2001/XMLSchema-instance"
         xsi:schemaLocation="eml://ecoinformatics.org/eml-2.1.1 http://rs.gbif.org/schema/eml-gbif-profile/1.0.2/eml.xsd"
         packageId="610f5cf0-13c7-11de-b2e0-b8a03c50a862" system="http://gbif.org" scope="system"
         xml:lang="en">

<dataset>
    <alternateIdentifier system="GBIF_PORTAL">1486</alternateIdentifier>
  <title>Herbarium of the Department of Natural Forests (Forest Research Institute)</title>
<creator>
</creator>
<metadataProvider>
</metadataProvider>
<associatedParty>
    <positionName>[data administrator]</positionName>
    <electronicMailAddress>ksucko(at)las(dot)ibl(dot)bialowieza(dot)pl</electronicMailAddress>
</associatedParty>
<associatedParty>
    <positionName>[system administrator]</positionName>
    <phone>(+48) 22 5526531</phone>
    <electronicMailAddress>meron(at)biol(dot)uw(dot)edu(dot)pl</electronicMailAddress>
</associatedParty>
<associatedParty>
    <positionName>[data administrator]</positionName>
    <electronicMailAddress>jgutowsk(at)las(dot)ibl(dot)bialowieza(dot)pl</electronicMailAddress>
</associatedParty>
<language>en</language>
<abstract>
  <para>Herbarium of the Department of Natural Forests (Forest Research Institute) in Białowieża was established in 1962. In the collection are specimens (plants, mosses, etc.) collected in 1957-1994 in north-eastern Poland.</para>
</abstract>
  <distribution scope="document">
    <online>
      <url function="information">http://tapir.gbif.pl/tapir/tapir.php/ibl-zln-zielnik</url>
    </online>
  </distribution>

</dataset>

<additionalMetadata>
  <metadata>
    <gbif>
        <dateStamp>2013-11-14T11:05:50.080+01:00</dateStamp>
        <citation>Forest Research Institute, European Centre for Natural Forests: Herbarium of the Department of Natural Forests (Forest Research Institute)</citation>
    </gbif>
  </metadata>
</additionalMetadata>

</eml:eml>
