<eml:eml xmlns:eml="eml://ecoinformatics.org/eml-2.1.1"
         xmlns:xsi="http://www.w3.org/2001/XMLSchema-instance"
         xsi:schemaLocation="eml://ecoinformatics.org/eml-2.1.1 http://rs.gbif.org/schema/eml-gbif-profile/1.0.2/eml.xsd"
         packageId="61401066-f762-11e1-a439-00145eb45e9a" system="http://gbif.org" scope="system"
         xml:lang="en">

<dataset>
    <alternateIdentifier system="GBIF_PORTAL">2929</alternateIdentifier>
  <title>Klasse 3a</title>
<creator>
</creator>
<metadataProvider>
</metadataProvider>
<associatedParty>
    <electronicMailAddress>mueller.tom@geo.de</electronicMailAddress>
    <role>ADMINISTRATIVE_POINT_OF_CONTACT</role>
</associatedParty>
<language>en</language>
<abstract>
  <para>This dataset holds the observations recorded during the GEO Biodiversity Day &quot;Klasse 3a&quot;</para>
</abstract>
  <contact>
    <electronicMailAddress>mueller.tom@geo.de</electronicMailAddress>
  </contact>

</dataset>

<additionalMetadata>
  <metadata>
    <gbif>
        <dateStamp>2011-01-04T09:07:27.000+01:00</dateStamp>
        <citation>GEO-Tag der Artenvielfalt: Klasse 3a</citation>
    </gbif>
  </metadata>
</additionalMetadata>

</eml:eml>
