<eml:eml xmlns:eml="eml://ecoinformatics.org/eml-2.1.1"
         xmlns:xsi="http://www.w3.org/2001/XMLSchema-instance"
         xsi:schemaLocation="eml://ecoinformatics.org/eml-2.1.1 http://rs.gbif.org/schema/eml-gbif-profile/1.0.2/eml.xsd"
         packageId="626621b4-bf3f-4568-b1ce-e2e5f619bdbb" system="http://gbif.org" scope="system"
         xml:lang="en">

<dataset>
    <alternateIdentifier system="GBIF_PORTAL">14603</alternateIdentifier>
  <title>Hertfordshire Biological Records Centre - Hertfordshire Wildlife Site Monitoring Surveys (incomplete)</title>
<creator>
</creator>
<metadataProvider>
</metadataProvider>
<language>en</language>
<abstract>
  <para>NBN Gateway Dataset GA001188</para>
</abstract>
  <distribution scope="document">
    <online>
      <url function="information">http://data.nbn.org.uk/datasetInfo/taxonDataset.jsp?dsKey=GA001188</url>
    </online>
  </distribution>

</dataset>

<additionalMetadata>
  <metadata>
    <gbif>
        <dateStamp>2012-12-01T11:00:30.000+01:00</dateStamp>
        <citation>UK National Biodiversity Network: Hertfordshire Biological Records Centre - Hertfordshire Wildlife Site Monitoring Surveys (incomplete)</citation>
    </gbif>
  </metadata>
</additionalMetadata>

</eml:eml>
