<eml:eml xmlns:eml="eml://ecoinformatics.org/eml-2.1.1"
         xmlns:xsi="http://www.w3.org/2001/XMLSchema-instance"
         xsi:schemaLocation="eml://ecoinformatics.org/eml-2.1.1 http://rs.gbif.org/schema/eml-gbif-profile/1.0.2/eml.xsd"
         packageId="63035610-b62f-11e2-afcb-00145eb45e9a" system="http://gbif.org" scope="system"
         xml:lang="en">

<dataset>
    <alternateIdentifier system="GBIF_PORTAL">14935</alternateIdentifier>
  <title>IBF Monitoring of Plant Galls</title>
<creator>
</creator>
<metadataProvider>
</metadataProvider>
<language>en</language>
<abstract>
  <para>http://www.diversitymobile.net/wiki/IBFgallscoll_About</para>
</abstract>
  <intellectualRights>
    <para>© IBF project, DiversityMobile</para>
  </intellectualRights>
  <distribution scope="document">
    <online>
      <url function="information">http://www.diversitymobile.net/wiki/IBFgallscoll_About</url>
    </online>
  </distribution>
  <contact>
    <electronicMailAddress>Gerhard.Rambold@uni-bayreuth.de guhralexander@gmx.de</electronicMailAddress>
  </contact>

</dataset>

<additionalMetadata>
  <metadata>
    <gbif>
        <dateStamp>2013-05-06T11:29:01.000+02:00</dateStamp>
        <citation>Universität Bayreuth, IBF Monitoring of Plant Galls</citation>
        <resourceLogoUrl>http://www.snsb.info/Pictures/Bayr_Logo.gif</resourceLogoUrl>
    </gbif>
  </metadata>
</additionalMetadata>

</eml:eml>
