<eml:eml xmlns:eml="eml://ecoinformatics.org/eml-2.1.1"
         xmlns:xsi="http://www.w3.org/2001/XMLSchema-instance"
         xsi:schemaLocation="eml://ecoinformatics.org/eml-2.1.1 http://rs.gbif.org/schema/eml-gbif-profile/1.0.2/eml.xsd"
         packageId="66178162-01dc-4133-9b3c-83265481c383" system="http://gbif.org" scope="system"
         xml:lang="en">

<dataset>
    <alternateIdentifier system="GBIF_PORTAL">14148</alternateIdentifier>
  <title>TestWat - Macroinvertebrates and macrophytes of freshwater bodies in Flanders, Belgium</title>
<creator>
    <individualName>
        <givenName>Luc</givenName>
      <surName>Denys</surName>
    </individualName>
    <organizationName>Research Institute for Nature and Forest (INBO)</organizationName>
    <positionName>Researcher</positionName>
    <address>
        <deliveryPoint>Kliniekstraat 25</deliveryPoint>
        <city>Brussels</city>
        <administrativeArea>Brussels Capital Region</administrativeArea>
        <postalCode>1070</postalCode>
        <country>BELGIUM</country>
    </address>
    <electronicMailAddress>luc.denys@inbo.be</electronicMailAddress>
</creator>
<metadataProvider>
    <individualName>
        <givenName>Jo</givenName>
      <surName>Packet</surName>
    </individualName>
    <organizationName>Research Institute for Nature and Forest (INBO)</organizationName>
    <positionName>Researcher</positionName>
    <address>
        <deliveryPoint>Kliniekstraat 25</deliveryPoint>
        <city>Brussels</city>
        <administrativeArea>Brussels Capital Region</administrativeArea>
        <postalCode>1070</postalCode>
        <country>BELGIUM</country>
    </address>
    <electronicMailAddress>jo.packet@inbo.be</electronicMailAddress>
</metadataProvider>
<associatedParty>
    <individualName>
        <givenName>Dimitri</givenName>
      <surName>Brosens</surName>
    </individualName>
    <organizationName>Research Institute for Nature and Forest (INBO)</organizationName>
    <positionName>Data liaison officer</positionName>
    <address>
        <deliveryPoint>Kliniekstraat 25</deliveryPoint>
        <city>Brussels</city>
        <administrativeArea>Brussels Capital Region</administrativeArea>
        <postalCode>1070</postalCode>
        <country>BELGIUM</country>
    </address>
    <electronicMailAddress>dimitri.brosens@inbo.be</electronicMailAddress>
    <role>PROCESSOR</role>
</associatedParty>
<associatedParty>
    <individualName>
        <givenName>Luc</givenName>
      <surName>Denys</surName>
    </individualName>
    <organizationName>Research Institute for Nature and Forest (INBO)</organizationName>
    <positionName>Researcher</positionName>
    <address>
        <deliveryPoint>Kliniekstraat 25</deliveryPoint>
        <city>Brussels</city>
        <administrativeArea>Brussels Capital Region</administrativeArea>
        <postalCode>1070</postalCode>
        <country>BELGIUM</country>
    </address>
    <electronicMailAddress>luc.denys@inbo.be</electronicMailAddress>
    <role>OWNER</role>
</associatedParty>
<associatedParty>
    <individualName>
        <givenName>Jo</givenName>
      <surName>Packet</surName>
    </individualName>
    <organizationName>Research Institute for Nature and Forest (INBO)</organizationName>
    <positionName>Researcher</positionName>
    <address>
        <deliveryPoint>Kliniekstraat 25</deliveryPoint>
        <city>Brussels</city>
        <administrativeArea>Brussels Capital Region</administrativeArea>
        <postalCode>1070</postalCode>
        <country>BELGIUM</country>
    </address>
    <electronicMailAddress>jo.packet@inbo.be</electronicMailAddress>
    <role>POINT_OF_CONTACT</role>
</associatedParty>
<pubDate>
        2013-08-08
</pubDate>
<language>ENGLISH</language>
<abstract>
  <para>Freshwater bodies perform a very important role in the ecological network and they are of great importance for biodiversity conservation. Because of their quick response to local and regional changes in environmental conditions, they are sensitive indicators of ongoing processes.  Many users of these freshwater bodies need (or need to develop) a certain ecological quality. To optimize the ecological function of lentic freshwater systems a good understanding of their condition and occurring changes is needed and a specific reference situation is required. A classification that leans on a broad ecological base is essential. To have, in the future, a more objective and effective way to perform nature conservation, to prioritize nature development ect, we need to map the different types of freshwater bodies. We also need more knowledge related to environmental circumstances who can secure sustainable development of aquatic communities.
The main objective of this study include the simplification of the main variety of permanent lentic freshwater systems in Flanders into workable units for environmental assessment, management and planning.  A hierarchic typology will be worked out, based on biotic and ecological characteristics of key factors.  The data collected in this context they are also important for determining the ongoing ecological status of still waters and to develop specific targets and a pragmatic evaluation method.</para>
</abstract>
  <keywordSet>
      <keyword>freshwater</keyword>
      <keyword>macroinvertebrates</keyword>
      <keyword>macrophytes</keyword>
      <keywordThesaurus>n/a</keywordThesaurus>
  </keywordSet>
  <keywordSet>
      <keyword>Occurrence</keyword>
      <keywordThesaurus>GBIF Dataset Type Vocabulary: http://rs.gbif.org/vocabulary/gbif/dataset_type.xml</keywordThesaurus>
  </keywordSet>
  <keywordSet>
      <keyword>Observation</keyword>
      <keywordThesaurus>GBIF Dataset Subtype Vocabulary: http://rs.gbif.org/vocabulary/gbif/dataset_subtype.xml</keywordThesaurus>
  </keywordSet>
  <additionalInfo>
    <para>The datasets is created under the Flemish Impulse Programme for Nature Development

Introduction

VLINA gives a serious stimulant to the research on nature conservation and improvement and development of the habitat of endangered of vulnerable species in Flanders. VLINA started 5 years ago and gave a financial impulse to innovative ecological and human-scientific research projects which had a maximum length of 3 years (see table). The total budget for the VLINA program was set on 500 million BEF or € 12.39 million. During the five years a total of 42 research projects was financed.

Table: The number and the length of the projects

Year 	Number of projects	Project length
1996	6	3 years
1997	6	3 years
1998	4	3 years
1999	8	2 years
2000	18	1 years
Total

42	5 years
Based on a critical evaluation of existing scientific results from current research programs in Flanders as well as in Europe, the Board of Directors of the VLINA formulated the gaps in information for improving the ecological diversity in Flanders. The selected topics with a particular interest for the Flemish context were the following.

Indicators of biodiversity and regulation in relation to human influence. We need simple and objective indicators for monitoring the ecological value of habitats and changes over time and over space. We also need to know more on the impact of human activities on the maintenance and survival of species and populations, especially the endangered ones, in Flanders.
Ecological aspects of nature conservation. More knowledge should be acquired on how to improve the management of our nature reserves as a better buffer and to obtain higher values of the environment. Practical links to other land-use forms such as farming and forestry are priority issues.
Habitat fragmentation. Due to the intensive use of land in Flanders, fragmentation of habitats is a serious problem. Research on genetic loss in small and isolated populations and how to improve passage and connection ways is of great interest.
Ecohydrological aspects. In many cases semi-natural ecosystems are linked to artificial hydrological dynamics of periodic flooding. More information is needed on the relationship between soil and water properties on one hand and nature quality on the other.
Sociological aspects of nature conservation. The values associated with biodiversity are not easily expressed in terms of economic value but are the result of the importance we assign to it. Which conflicts exists between the different actors and how can we improve the respect for nature in Flanders? The perceptions and attitudes of different social groups have to be studied. What is the effect of the different regulations on nature quality? What is the effect of nature-education? Does there exist an &apos;optimal mix&apos; of instruments for nature conservation?
Researchers
The VLINA projects were carried out by the Flemish research institutes, the Institute for Nature Conservation and the Institute for Forest and Wildlife Management, universities, NGOs and others.

Organisation
The Board of Directors of VLINA is trusted with the scientific guiding of the Impulse Programme. This Board of Directors works in close collaboration with the operational VLINA-cell. This cell is responsible for the daily administration of the Impulse Programme. Every project has a steering committee, which is responsible for an optimal follow-up of the project.

Research networks
One of the objectives of VLINA was to establish new research networks. All projects are a collaboration of several VLINA-partners. They sample, process and interpret the data together. They also have some collective publications.

Availability
The summaries of all VLINA projects can be found in the GMO-database and on the website of the Nature Division (www.mina.vlaanderen.be/wiedoetwat/aminal/taken/natuur). The final reports of the VLINA projects can be asked at the operational VLINA-cell.</para>
  </additionalInfo>
  <intellectualRights>
    <para>http://creativecommons.org/licenses/by-nc/3.0/</para>
  </intellectualRights>
  <coverage>
      <geographicCoverage>
          <geographicDescription>Flanders has a temperate maritime climate influenced by the North Sea and the Atlantic Ocean, with relatively moderate summers and mild winters. Flanders is the northern part of Belgium. The two main geographical regions of Flanders are the Yser basin, in the North-West and the central plain. Flanders is divided in 6 ecoregions (Dunes district; Kempens district; Loam district; River Maas; Polder district, Sand and Loam district).</geographicDescription>
        <boundingCoordinates>
          <westBoundingCoordinate>0</westBoundingCoordinate>
          <eastBoundingCoordinate>0</eastBoundingCoordinate>
          <northBoundingCoordinate>0</northBoundingCoordinate>
          <southBoundingCoordinate>0</southBoundingCoordinate>
        </boundingCoordinates>
      </geographicCoverage>
      <temporalCoverage>
          <rangeOfDates>
            <beginDate>
              <calendarDate>        1998-05-05
</calendarDate>
            </beginDate>
            <endDate>
              <calendarDate>        1999-09-21
</calendarDate>
            </endDate>
          </rangeOfDates>
      </temporalCoverage>
        <taxonomicCoverage>
            <generalTaxonomicCoverage>All records in this dataset are macroinvertebrates (Animalia) or macrophytes (Plantae) and most are identified to species. The top 3 recorded species are the plants Lycopus europaeus (2%), Phragmites australis (2%), and Juncus effusus (2%).</generalTaxonomicCoverage>
            <taxonomicClassification>
                <taxonRankName>KINGDOM</taxonRankName>
              <taxonRankValue>Plantae</taxonRankValue>
                <commonName>plants</commonName>
            </taxonomicClassification>
            <taxonomicClassification>
                <taxonRankName>KINGDOM</taxonRankName>
              <taxonRankValue>Animalia</taxonRankValue>
                <commonName>animals</commonName>
            </taxonomicClassification>
        </taxonomicCoverage>
  </coverage>
  <purpose>
    <para>The dataset was created to support the development of a typology of freshwaterbodies in Flanders</para>
  </purpose>
  <contact>
    <individualName>
        <givenName>Jo</givenName>
      <surName>Packet</surName>
    </individualName>
    <organizationName>Research Institute for Nature and Forest (INBO)</organizationName>
    <positionName>Researcher</positionName>
    <address>
        <deliveryPoint>Kliniekstraat 25</deliveryPoint>
        <city>Brussels</city>
        <administrativeArea>Brussels Capital Region</administrativeArea>
        <postalCode>1070</postalCode>
        <country>BELGIUM</country>
    </address>
    <electronicMailAddress>jo.packet@inbo.be</electronicMailAddress>
  </contact>
  <methods>
      <methodStep>
        <description>
          <para>AQEM-procedure 
http://www.aqem.de/ftp/aqem_manual.zip</para>
        </description>
      </methodStep>
      <sampling>
        <studyExtent>
          <description>
            <para>Freshwaterbodies in Flanders</para>
          </description>
        </studyExtent>
        <samplingDescription>
          <para>Field samples and grab samples AQEM procedure</para>
        </samplingDescription>
      </sampling>
      <qualityControl>
        <description>
          <para>Checked</para>
        </description>
      </qualityControl>
  </methods>

  <project>
    <title>Ecological typology and monitoring of standing waters and marshes</title>
    <personnel>
    <individualName>
        <givenName>Luc</givenName>
      <surName>Denys</surName>
    </individualName>
    </personnel>
    <funding>
      <para>VLINA (VLINA ( Vlaams Impulsprogramma Natuurontwikkeling))
Hercules foundation</para>
    </funding>
    <studyAreaDescription>
      <descriptor name="description">
        <descriptorValue>Freshwaterbodies in Flanders</descriptorValue>
      </descriptor>
    </studyAreaDescription>
    <designDescription>
      <description>
        <para>Typology and Ecological Research on integrated eveluationmethods for still waters on a regional scale: keystones for development, restoration and monitoring of natural values (Flanders).</para>
      </description>
    </designDescription>
  </project>
</dataset>

<additionalMetadata>
  <metadata>
    <gbif>
        <dateStamp>2013-10-24T01:20:55.802+02:00</dateStamp>
        <citation>Denys, L.; Moons, V.; Veraart, B. (2000). Ecologische typologie en onderzoek naar een geïntegreerde evaluatiemethode voor stilstaande wateren op regionale schaal: hoekstenen voor ontwikkeling, herstel en opvolging van natuurwaarden. Eindverslag van project VLINA97/02. Universiteit Antwerpen, departement biologie[S.l.]. 427 pp., details</citation>
        <bibliography>
        <citation>Denys, L. (2009). Een a posteriori typologie van stilstaande wateren in Vlaanderen. Rapport van het Instituut voor Natuur- en Bosonderzoek, 2009(39)[S.n.]: Brussel, details</citation>
        </bibliography>
          <physical>
            <objectName>GBIF data portal</objectName>
            <characterEncoding>UTF-8</characterEncoding>
            <dataFormat>
              <externallyDefinedFormat>
                <formatName>various formats</formatName>
              </externallyDefinedFormat>
            </dataFormat>
            <distribution>
              <online>
                <url function="download">http://data.gbif.org/datasets/resource/14148</url>
              </online>
            </distribution>
          </physical>
        <resourceLogoUrl>http://data.inbo.be/ipt/logo.do?r=testwat-occurrences</resourceLogoUrl>
    </gbif>
  </metadata>
</additionalMetadata>

</eml:eml>
