<eml:eml xmlns:eml="eml://ecoinformatics.org/eml-2.1.1"
         xmlns:xsi="http://www.w3.org/2001/XMLSchema-instance"
         xsi:schemaLocation="eml://ecoinformatics.org/eml-2.1.1 http://rs.gbif.org/schema/eml-gbif-profile/1.0.2/eml.xsd"
         packageId="710abb98-2f53-4ce8-9ebb-67bb558860b7" system="http://gbif.org" scope="system"
         xml:lang="en">

<dataset>
    <alternateIdentifier system="GBIF_PORTAL">14226</alternateIdentifier>
  <title>John Muir Trust - Plants, Bryophytes and Lichens recorded on the LÃ¬ and Coire Dhorrcail Estate during June 2001.</title>
<creator>
</creator>
<metadataProvider>
</metadataProvider>
<language>en</language>
<abstract>
  <para>NBN Gateway Dataset GA000970</para>
</abstract>
  <distribution scope="document">
    <online>
      <url function="information">http://data.nbn.org.uk/datasetInfo/taxonDataset.jsp?dsKey=GA000970</url>
    </online>
  </distribution>

</dataset>

<additionalMetadata>
  <metadata>
    <gbif>
        <dateStamp>2012-06-12T04:54:13.000+02:00</dateStamp>
        <citation>UK National Biodiversity Network: John Muir Trust - Plants, Bryophytes and Lichens recorded on the LÃ¬ and Coire Dhorrcail Estate during June 2001.</citation>
    </gbif>
  </metadata>
</additionalMetadata>

</eml:eml>
