<eml:eml xmlns:eml="eml://ecoinformatics.org/eml-2.1.1"
         xmlns:xsi="http://www.w3.org/2001/XMLSchema-instance"
         xsi:schemaLocation="eml://ecoinformatics.org/eml-2.1.1 http://rs.gbif.org/schema/eml-gbif-profile/1.0.2/eml.xsd"
         packageId="719a38ec-f762-11e1-a439-00145eb45e9a" system="http://gbif.org" scope="system"
         xml:lang="en">

<dataset>
    <alternateIdentifier system="GBIF_PORTAL">9046</alternateIdentifier>
  <title>Liether Park (LMS), 6b</title>
<creator>
</creator>
<metadataProvider>
</metadataProvider>
<associatedParty>
    <electronicMailAddress>mueller.tom@geo.de</electronicMailAddress>
    <role>ADMINISTRATIVE_POINT_OF_CONTACT</role>
</associatedParty>
<language>en</language>
<abstract>
  <para>This dataset holds the observations recorded during the GEO Biodiversity Day &quot;Liether Park (LMS), 6b&quot; in Klein Nordende</para>
</abstract>
  <contact>
    <electronicMailAddress>mueller.tom@geo.de</electronicMailAddress>
  </contact>

</dataset>

<additionalMetadata>
  <metadata>
    <gbif>
        <dateStamp>2011-09-21T05:34:28.000+02:00</dateStamp>
        <citation>GEO-Tag der Artenvielfalt: Liether Park (LMS), 6b</citation>
    </gbif>
  </metadata>
</additionalMetadata>

</eml:eml>
