<eml:eml xmlns:eml="eml://ecoinformatics.org/eml-2.1.1"
         xmlns:xsi="http://www.w3.org/2001/XMLSchema-instance"
         xsi:schemaLocation="eml://ecoinformatics.org/eml-2.1.1 http://rs.gbif.org/schema/eml-gbif-profile/1.0.2/eml.xsd"
         packageId="71f5f308-f762-11e1-a439-00145eb45e9a" system="http://gbif.org" scope="system"
         xml:lang="en">

<dataset>
    <alternateIdentifier system="GBIF_PORTAL">9179</alternateIdentifier>
  <title>MfN - Fossil plants (Cenophytic)</title>
<creator>
</creator>
<metadataProvider>
</metadataProvider>
<language>en</language>
<abstract>
  <para>Fossil wood, leaves and plant remains of the Cenophytic</para>
</abstract>
  <contact>
    <phone>+49 (0)30 2093 8856</phone>
    <electronicMailAddress>stephan.schultka@mfn-berlin.de</electronicMailAddress>
  </contact>

</dataset>

<additionalMetadata>
  <metadata>
    <gbif>
        <dateStamp>2013-04-13T12:06:11.000+02:00</dateStamp>
        <citation>Museum für Naturkunde Berlin: MfN - Fossil plants (Cenophytic)</citation>
        <resourceLogoUrl>http://www.naturkundemuseum-berlin.de/fileadmin/templates/etc/img/logo-mfn.gif</resourceLogoUrl>
    </gbif>
  </metadata>
</additionalMetadata>

</eml:eml>
