<eml:eml xmlns:eml="eml://ecoinformatics.org/eml-2.1.1"
         xmlns:xsi="http://www.w3.org/2001/XMLSchema-instance"
         xsi:schemaLocation="eml://ecoinformatics.org/eml-2.1.1 http://rs.gbif.org/schema/eml-gbif-profile/1.0.2/eml.xsd"
         packageId="77d01c7b-bdb2-441f-85fd-8d93d160b9eb" system="http://gbif.org" scope="system"
         xml:lang="en">

<dataset>
    <alternateIdentifier system="GBIF_PORTAL">11785</alternateIdentifier>
  <title>North Ayrshire Countryside Ranger Service - Species within North Ayrshire from 1984 - Present</title>
<creator>
</creator>
<metadataProvider>
</metadataProvider>
<language>en</language>
<abstract>
  <para>NBN Gateway Dataset GA000528</para>
</abstract>
  <distribution scope="document">
    <online>
      <url function="information">http://data.nbn.org.uk/datasetInfo/taxonDataset.jsp?dsKey=GA000528</url>
    </online>
  </distribution>

</dataset>

<additionalMetadata>
  <metadata>
    <gbif>
        <dateStamp>2010-09-08T06:00:52.000+02:00</dateStamp>
        <citation>UK National Biodiversity Network: North Ayrshire Countryside Ranger Service - Species within North Ayrshire from 1984 - Present</citation>
    </gbif>
  </metadata>
</additionalMetadata>

</eml:eml>
