<eml:eml xmlns:eml="eml://ecoinformatics.org/eml-2.1.1"
         xmlns:xsi="http://www.w3.org/2001/XMLSchema-instance"
         xsi:schemaLocation="eml://ecoinformatics.org/eml-2.1.1 http://rs.gbif.org/schema/eml-gbif-profile/1.0.2/eml.xsd"
         packageId="7b33b040-f762-11e1-a439-00145eb45e9a" system="http://gbif.org" scope="system"
         xml:lang="en">

<dataset>
    <alternateIdentifier system="GBIF_PORTAL">11520</alternateIdentifier>
  <title>Nationaal Herbarium Nederland</title>
<creator>
</creator>
<metadataProvider>
</metadataProvider>
<language>en</language>
<abstract>
  <para>Label data of collections held at the(former) three branches of the Nationaal Herbarium Nederland: Leiden (L), Utrecht (U) and Wageningen (WAG).</para>
</abstract>
  <distribution scope="document">
    <online>
      <url function="information">http://www.nationaalherbarium.nl/default.htm</url>
    </online>
  </distribution>
  <contact>
    <phone>willemse@nhn.leidenuniv.nl</phone>
    <electronicMailAddress>+31(0)715273548</electronicMailAddress>
  </contact>

</dataset>

<additionalMetadata>
  <metadata>
    <gbif>
        <dateStamp>2013-02-28T12:32:42.000+01:00</dateStamp>
        <citation>Netherlands Centre for Biodiversity Naturalis, section National Herbarium of the Netherlands: Nationaal Herbarium Nederland</citation>
    </gbif>
  </metadata>
</additionalMetadata>

</eml:eml>
