<eml:eml xmlns:eml="eml://ecoinformatics.org/eml-2.1.1"
         xmlns:xsi="http://www.w3.org/2001/XMLSchema-instance"
         xsi:schemaLocation="eml://ecoinformatics.org/eml-2.1.1 http://rs.gbif.org/schema/eml-gbif-profile/1.0.2/eml.xsd"
         packageId="7b74be32-f762-11e1-a439-00145eb45e9a" system="http://gbif.org" scope="system"
         xml:lang="en">

<dataset>
    <alternateIdentifier system="GBIF_PORTAL">11686</alternateIdentifier>
  <title>Botánica, Universidad de León: LEB</title>
<creator>
</creator>
<metadataProvider>
</metadataProvider>
<associatedParty>
    <phone>+343 987291555</phone>
    <electronicMailAddress>c.acedo@unileon.es</electronicMailAddress>
    <role>ADMINISTRATIVE_POINT_OF_CONTACT</role>
</associatedParty>
<language>en</language>
<abstract>
  <para>1.Colección inicial de Cormófitos en LEB (Pteridófitos, Gimnospermas y Angiospermas) 2.Colección Tipos (27 holotipos, 36 isotipos, 15 paratipos y 6 tipos sin especificación)</para>
</abstract>
  <intellectualRights>
    <para>http://www3.unileon.es/dp/dbv/LEB/condiciones_de_uso.htm</para>
  </intellectualRights>
  <distribution scope="document">
    <online>
      <url function="information">http://herbarioleb.unileon.es/</url>
    </online>
  </distribution>
  <contact>
    <phone>+343 987291555</phone>
    <electronicMailAddress>c.acedo@unileon.es</electronicMailAddress>
  </contact>

</dataset>

<additionalMetadata>
  <metadata>
    <gbif>
        <dateStamp>2012-09-27T02:34:07.000+02:00</dateStamp>
        <citation>ACEDO C. et LLAMAS F. -2006 onwards- LEB Vascular Plants Collections Online Databases. En la Web: http://www.gbif.es</citation>
    </gbif>
  </metadata>
</additionalMetadata>

</eml:eml>
