<eml:eml xmlns:eml="eml://ecoinformatics.org/eml-2.1.1"
         xmlns:xsi="http://www.w3.org/2001/XMLSchema-instance"
         xsi:schemaLocation="eml://ecoinformatics.org/eml-2.1.1 http://rs.gbif.org/schema/eml-gbif-profile/1.0.2/eml.xsd"
         packageId="7b8de952-f762-11e1-a439-00145eb45e9a" system="http://gbif.org" scope="system"
         xml:lang="en">

<dataset>
    <alternateIdentifier system="GBIF_PORTAL">11968</alternateIdentifier>
  <title>Herbarium GZU</title>
<creator>
</creator>
<metadataProvider>
</metadataProvider>
<associatedParty>
    <address>
        <deliveryPoint>Holteigasse 6, A-8010 Graz, Austria</deliveryPoint>
    </address>
    <phone>+43 (316) 380-5646</phone>
    <electronicMailAddress>anton.drescher@kfunigraz.ac.at</electronicMailAddress>
    <role>TECHNICAL_POINT_OF_CONTACT</role>
</associatedParty>
<language>en</language>
<abstract>
  <para></para>
</abstract>
  <intellectualRights>
    <para>For scientific and noncommercial purposes, the database can be consulted freely. If scientific publications are (partly) based on these data, authors are kindly requested to inform the legal owner.
Commercial use is not granted without written permission by the legal owner.</para>
  </intellectualRights>
  <distribution scope="document">
    <online>
      <url function="information">http://www.kfunigraz.ac.at/botwww/home-system-botanik.htm</url>
    </online>
  </distribution>

</dataset>

<additionalMetadata>
  <metadata>
    <gbif>
        <dateStamp>2013-02-04T01:47:34.000+01:00</dateStamp>
        <citation>Karl Franzens University of Graz, Insitute for Botany - Herbarium GZU: Herbarium GZU</citation>
    </gbif>
  </metadata>
</additionalMetadata>

</eml:eml>
