<eml:eml xmlns:eml="eml://ecoinformatics.org/eml-2.1.1"
         xmlns:xsi="http://www.w3.org/2001/XMLSchema-instance"
         xsi:schemaLocation="eml://ecoinformatics.org/eml-2.1.1 http://rs.gbif.org/schema/eml-gbif-profile/1.0.2/eml.xsd"
         packageId="7b9b21da-f762-11e1-a439-00145eb45e9a" system="http://gbif.org" scope="system"
         xml:lang="en">

<dataset>
    <alternateIdentifier system="GBIF_PORTAL">11997</alternateIdentifier>
  <title>IBF Monitoring of Vascular Plants</title>
<creator>
</creator>
<metadataProvider>
</metadataProvider>
<language>en</language>
<abstract>
  <para>http://www.diversitymobile.net/wiki/IBFplantscoll_About</para>
</abstract>
  <intellectualRights>
    <para>© IBF project, DiversityMobile</para>
  </intellectualRights>
  <distribution scope="document">
    <online>
      <url function="information">http://www.diversitymobile.net/wiki/IBFplantscoll_About</url>
    </online>
  </distribution>
  <contact>
    <electronicMailAddress>wolfgang.ahlmer@biologie.uni-regensburg.de, juergen.klotz@biologie.uni-regensburg.de</electronicMailAddress>
  </contact>

</dataset>

<additionalMetadata>
  <metadata>
    <gbif>
        <dateStamp>2013-05-06T11:20:18.000+02:00</dateStamp>
        <citation>Universität Regensburg, IBF Monitoring of Vascular Plants</citation>
        <resourceLogoUrl>http://www.uni-regensburg.de/images/home/siegelaktuell.gif</resourceLogoUrl>
    </gbif>
  </metadata>
</additionalMetadata>

</eml:eml>
