<eml:eml xmlns:eml="eml://ecoinformatics.org/eml-2.1.1"
         xmlns:xsi="http://www.w3.org/2001/XMLSchema-instance"
         xsi:schemaLocation="eml://ecoinformatics.org/eml-2.1.1 http://rs.gbif.org/schema/eml-gbif-profile/1.0.2/eml.xsd"
         packageId="7ba0e7fa-f762-11e1-a439-00145eb45e9a" system="http://gbif.org" scope="system"
         xml:lang="en">

<dataset>
    <alternateIdentifier system="GBIF_PORTAL">12002</alternateIdentifier>
  <title>IBF Monitoring of Fungi</title>
<creator>
</creator>
<metadataProvider>
</metadataProvider>
<language>en</language>
<abstract>
  <para>http://www.diversitymobile.net/wiki/IBFfungicoll_About</para>
</abstract>
  <intellectualRights>
    <para>© IBF Project, DiversityMobile</para>
  </intellectualRights>
  <distribution scope="document">
    <online>
      <url function="information">http://www.diversitymobile.net/wiki/IBFfungicoll_About</url>
    </online>
  </distribution>
  <contact>
    <electronicMailAddress>farthest@gmx.de</electronicMailAddress>
  </contact>

</dataset>

<additionalMetadata>
  <metadata>
    <gbif>
        <dateStamp>2013-05-06T11:20:53.000+02:00</dateStamp>
        <citation>Universität Regensburg, IBF Monitoring of Fungi</citation>
        <resourceLogoUrl>http://www.uni-regensburg.de/images/home/siegelaktuell.gif</resourceLogoUrl>
    </gbif>
  </metadata>
</additionalMetadata>

</eml:eml>
