<eml:eml xmlns:eml="eml://ecoinformatics.org/eml-2.1.1"
         xmlns:xsi="http://www.w3.org/2001/XMLSchema-instance"
         xsi:schemaLocation="eml://ecoinformatics.org/eml-2.1.1 http://rs.gbif.org/schema/eml-gbif-profile/1.0.2/eml.xsd"
         packageId="7ba5ac18-f762-11e1-a439-00145eb45e9a" system="http://gbif.org" scope="system"
         xml:lang="en">

<dataset>
    <alternateIdentifier system="GBIF_PORTAL">12006</alternateIdentifier>
  <title>The Fungal and Lichen Collections at the Herbarium Marburgense</title>
<creator>
</creator>
<metadataProvider>
</metadataProvider>
<language>en</language>
<abstract>
  <para>http://www.gbif-mycology.de/DatabaseClients/MBcoll/About.html</para>
</abstract>
  <intellectualRights>
    <para>© Herbarium Marburgense, Universität Marburg</para>
  </intellectualRights>
  <distribution scope="document">
    <online>
      <url function="information">http://www.gbif-mycology.de/DatabaseClients/MBcoll/About.html</url>
    </online>
  </distribution>
  <contact>
    <electronicMailAddress>rexer@staff.uni-marburg.de</electronicMailAddress>
  </contact>

</dataset>

<additionalMetadata>
  <metadata>
    <gbif>
        <dateStamp>2013-06-17T08:35:11.000+02:00</dateStamp>
        <citation>Philipps-Universität Marburg, The Fungal and Lichen Collections at the Herbarium Marburgense</citation>
        <resourceLogoUrl>http://www.uni-marburg.de/bilder/logo_uni2.gif/image</resourceLogoUrl>
    </gbif>
  </metadata>
</additionalMetadata>

</eml:eml>
