<eml:eml xmlns:eml="eml://ecoinformatics.org/eml-2.1.1"
         xmlns:xsi="http://www.w3.org/2001/XMLSchema-instance"
         xsi:schemaLocation="eml://ecoinformatics.org/eml-2.1.1 http://rs.gbif.org/schema/eml-gbif-profile/1.0.2/eml.xsd"
         packageId="7f24aff6-f762-11e1-a439-00145eb45e9a" system="http://gbif.org" scope="system"
         xml:lang="en">

<dataset>
    <alternateIdentifier system="GBIF_PORTAL">12958</alternateIdentifier>
  <title>Catálogo Florístico Histórico de Navarra. Gobierno de Navarra</title>
<creator>
</creator>
<metadataProvider>
</metadataProvider>
<associatedParty>
    <phone>(+34) 848427581</phone>
    <electronicMailAddress>falonsop@navarra.es</electronicMailAddress>
    <role>ADMINISTRATIVE_POINT_OF_CONTACT</role>
</associatedParty>
<language>en</language>
<abstract>
  <para>Recopilación de las citas sobre flora vascular de la Comunidad Foral de Navarra y su entorno, realizada por la Sociedad de Ciencias Aranzadi para el Gobierno de Navarra y que dio origen al Catálogo de Flora de Navarra publicado en el año 1992. Se compone de 1/3 de citas bibliográficas, 1/3 de ejemplares de distintos herbarios y 1/3 de observaciones. Su valor es histórico y de referencia por su volumen y amplitud (105.566 citas de 3.143 taxones). En el proceso de recopilación se han perdido los datos de observadores e identificadores y muchas citas carecen de fecha, por lo que su uso queda limitado por estas causas. En 2011 la nomenclatura taxonómica se ha normalizado y actualizado, principalmente con la ayuda de Species2000, versión 2010 y Anthos (www.anthos.es). Compilation of quotes about vascular flora of Navarra and the environment, conducted by Aranzadi Science Society for the Government of Navarra. It gave rise to the Flora of Navarra catalogue published in 1992. It consists of 1 / 3 of quotations, 1 / 3 of different herbarium copies and 1 / 3 of observations. It has an historical value as well as a reference value for its volume and extent (105,566 citations from 3,143 taxa). The use of the information is limited due to the lost of the data observers and data identifiers during the process of collecting data, as well as the lost of the date for many quotes. The taxonomic nomenclature has been standardized and updated in 2011, supported mainly by Species2000 – version 2010 database, and Project Anthos services (www.anthos.es).</para>
</abstract>
  <contact>
    <phone>(+34) 848427581</phone>
    <electronicMailAddress>falonsop@navarra.es</electronicMailAddress>
  </contact>

</dataset>

<additionalMetadata>
  <metadata>
    <gbif>
        <dateStamp>2012-09-27T02:34:07.000+02:00</dateStamp>
        <citation>IDBD – Catálogo Florístico Histórico - Historic floristic catalog http://www.biodiversidad.navarra.es</citation>
    </gbif>
  </metadata>
</additionalMetadata>

</eml:eml>
