<eml:eml xmlns:eml="eml://ecoinformatics.org/eml-2.1.1"
         xmlns:xsi="http://www.w3.org/2001/XMLSchema-instance"
         xsi:schemaLocation="eml://ecoinformatics.org/eml-2.1.1 http://rs.gbif.org/schema/eml-gbif-profile/1.0.2/eml.xsd"
         packageId="80dbdd92-f762-11e1-a439-00145eb45e9a" system="http://gbif.org" scope="system"
         xml:lang="en">

<dataset>
    <alternateIdentifier system="GBIF_PORTAL">13415</alternateIdentifier>
  <title>Plant Specimens of Oiso Municipal Museum</title>
<creator>
</creator>
<metadataProvider>
</metadataProvider>
<associatedParty>
    <positionName>Curator</positionName>
    <phone>+81-463-61-4700</phone>
    <electronicMailAddress>kyodo-han2@town.oiso.kanagawa.jp</electronicMailAddress>
</associatedParty>
<language>en</language>
<abstract>
  <para>Plant Specimens deposited at Oiso Municipal Museum</para>
</abstract>
  <distribution scope="document">
    <online>
      <url function="information">http://scn-net.easymyweb.jp/member/oisomuseum/</url>
    </online>
  </distribution>

</dataset>

<additionalMetadata>
  <metadata>
    <gbif>
        <dateStamp>2013-11-27T09:51:57.743+01:00</dateStamp>
        <citation>National Museum of Nature and Science, Japan: Plant Specimens of Oiso Municipal Museum</citation>
    </gbif>
  </metadata>
</additionalMetadata>

</eml:eml>
