<eml:eml xmlns:eml="eml://ecoinformatics.org/eml-2.1.1"
         xmlns:xsi="http://www.w3.org/2001/XMLSchema-instance"
         xsi:schemaLocation="eml://ecoinformatics.org/eml-2.1.1 http://rs.gbif.org/schema/eml-gbif-profile/1.0.2/eml.xsd"
         packageId="8112b722-f762-11e1-a439-00145eb45e9a" system="http://gbif.org" scope="system"
         xml:lang="en">

<dataset>
    <alternateIdentifier system="GBIF_PORTAL">13465</alternateIdentifier>
  <title>Universidad de Barcelona. Grup dInvestigació Geobotánica i Cartografia de la Vegetació</title>
<creator>
</creator>
<metadataProvider>
</metadataProvider>
<associatedParty>
    <phone>+34 934 021476</phone>
    <electronicMailAddress>jninot@ub.edu</electronicMailAddress>
    <role>TECHNICAL_POINT_OF_CONTACT</role>
</associatedParty>
<language>en</language>
<abstract>
  <para>Datos de flora vascular incluidos en la colección Flora de Son i la Mata de València; algunos de los registros corresponden a muestras de herbario (depositadas en BCN), y el resto a observaciones de campo.</para>
</abstract>
  <distribution scope="document">
    <online>
      <url function="information">http://www.ub.edu/geoveg</url>
    </online>
  </distribution>

</dataset>

<additionalMetadata>
  <metadata>
    <gbif>
        <dateStamp>2012-09-27T02:34:07.000+02:00</dateStamp>
        <citation>Ninot, J.M. et al. Flora de Son i la Mata de València</citation>
    </gbif>
  </metadata>
</additionalMetadata>

</eml:eml>
