<eml:eml xmlns:eml="eml://ecoinformatics.org/eml-2.1.1"
         xmlns:xsi="http://www.w3.org/2001/XMLSchema-instance"
         xsi:schemaLocation="eml://ecoinformatics.org/eml-2.1.1 http://rs.gbif.org/schema/eml-gbif-profile/1.0.2/eml.xsd"
         packageId="82983b4e-f762-11e1-a439-00145eb45e9a" system="http://gbif.org" scope="system"
         xml:lang="en">

<dataset>
    <alternateIdentifier system="GBIF_PORTAL">14065</alternateIdentifier>
  <title>Herbarium, Botanical Museum, University of Oulu, Finland (OULU)</title>
<creator>
</creator>
<metadataProvider>
</metadataProvider>
<language>en</language>
<abstract>
  <para></para>
</abstract>
  <contact>
    <electronicMailAddress>raino.lampinen@helsinki.fi</electronicMailAddress>
  </contact>

</dataset>

<additionalMetadata>
  <metadata>
    <gbif>
        <dateStamp>2012-11-23T10:19:01.000+01:00</dateStamp>
        <citation>Finnish Museum of Natural History: Herbarium, Botanical Museum, University of Oulu, Finland (OULU)</citation>
    </gbif>
  </metadata>
</additionalMetadata>

</eml:eml>
