<eml:eml xmlns:eml="eml://ecoinformatics.org/eml-2.1.1"
         xmlns:xsi="http://www.w3.org/2001/XMLSchema-instance"
         xsi:schemaLocation="eml://ecoinformatics.org/eml-2.1.1 http://rs.gbif.org/schema/eml-gbif-profile/1.0.2/eml.xsd"
         packageId="82a53efc-f762-11e1-a439-00145eb45e9a" system="http://gbif.org" scope="system"
         xml:lang="en">

<dataset>
    <alternateIdentifier system="GBIF_PORTAL">14158</alternateIdentifier>
  <title>The Himalayan Uplands Plant database (HUP Version 1)</title>
<creator>
</creator>
<metadataProvider>
</metadataProvider>
<language>en</language>
<abstract>
  <para>This unique and huge data set contains plant information for the Himalaya Uplands; it consists of 164,360 records. This database is implemented in MS ACCESS following ABCD 1.2. It describes Asian plant species related to the Tibetan Plateau, Central Asia. Data have been collected for over 50 years, and in over 11 countries (e.g. Afghanistan, Pakistan, Bhutan, China,India, Kazakhstan, Kyrgyztan, Myanmar, Nepal, Russia, Tajikistan, Turkmenistan, Uzbekistan), covering over 220 national regions. Taxonomic information for this region is diverse and not well studied. However, the database follows ICBN taxonomy matched with ITIS and consists of over 5,562 unique species entries. From these, ITIS has 996 species listed. Over 2,200 collectors from all over the world contributed to this dataset, which mostly was compiled and maintained by the author for over 20 years. This database covers 21,869 localities. virtually all sites are georeferenced with latitude and longitude (2 decimals; geographic datum of WGS84), and 6,668 of such unique locations are found in the HUP database. This dataset has altitude information provided by the fieldworker.</para>
</abstract>
  <intellectualRights>
    <para>The use of the data is allowed only for non-profit scientific use and for non-profit nature conservation purpose.</para>
  </intellectualRights>
  <contact>
    <electronicMailAddress>dickore@biologie.uni-muenchen.de</electronicMailAddress>
  </contact>

</dataset>

<additionalMetadata>
  <metadata>
    <gbif>
        <dateStamp>2012-11-19T10:50:56.000+01:00</dateStamp>
        <citation>Dickoré B. The Himalayan Uplands Plant database (HUP Version 1). Global Mountain Biodiversity Assessment GMBA</citation>
        <resourceLogoUrl>http://data.gbif.ch/InstitutionLogoWindow.action?institutionId=4</resourceLogoUrl>
    </gbif>
  </metadata>
</additionalMetadata>

</eml:eml>
