<eml:eml xmlns:eml="eml://ecoinformatics.org/eml-2.1.1"
         xmlns:xsi="http://www.w3.org/2001/XMLSchema-instance"
         xsi:schemaLocation="eml://ecoinformatics.org/eml-2.1.1 http://rs.gbif.org/schema/eml-gbif-profile/1.0.2/eml.xsd"
         packageId="834b7330-f762-11e1-a439-00145eb45e9a" system="http://gbif.org" scope="system"
         xml:lang="en">

<dataset>
    <alternateIdentifier system="GBIF_PORTAL">239</alternateIdentifier>
  <title>Herbario de la Universidad de Salamanca: SALA</title>
<creator>
</creator>
<metadataProvider>
</metadataProvider>
<associatedParty>
    <phone>+34 923 294469</phone>
    <electronicMailAddress>herjavi@usal.es</electronicMailAddress>
    <role>TECHNICAL_POINT_OF_CONTACT</role>
</associatedParty>
<language>en</language>
<abstract>
  <para>Proveedor de datos del Herbario de la Universidad de Salamanca</para>
</abstract>
  <distribution scope="document">
    <online>
      <url function="information">http://www.usal.es/~herbario/</url>
    </online>
  </distribution>

</dataset>

<additionalMetadata>
  <metadata>
    <gbif>
        <dateStamp>2012-09-27T02:34:07.000+02:00</dateStamp>
        <citation>Herbario de la Universidad de Salamanca (SALA)</citation>
    </gbif>
  </metadata>
</additionalMetadata>

</eml:eml>
