<eml:eml xmlns:eml="eml://ecoinformatics.org/eml-2.1.1"
         xmlns:xsi="http://www.w3.org/2001/XMLSchema-instance"
         xsi:schemaLocation="eml://ecoinformatics.org/eml-2.1.1 http://rs.gbif.org/schema/eml-gbif-profile/1.0.2/eml.xsd"
         packageId="835852b2-f762-11e1-a439-00145eb45e9a" system="http://gbif.org" scope="system"
         xml:lang="en">

<dataset>
    <alternateIdentifier system="GBIF_PORTAL">251</alternateIdentifier>
  <title>CIBIO, Alicante:ABH-GBIF</title>
<creator>
</creator>
<metadataProvider>
</metadataProvider>
<associatedParty>
    <phone>(+34) 96.590.34.00 ext. 3343</phone>
    <electronicMailAddress>mmartinez@ua.es</electronicMailAddress>
    <role>ADMINISTRATIVE_POINT_OF_CONTACT</role>
</associatedParty>
<language>en</language>
<abstract>
  <para>CIBIO, Universidad de Alicante, Herbario ABH</para>
</abstract>
  <contact>
    <phone>(+34) 96.590.34.00 ext. 3343</phone>
    <electronicMailAddress>mmartinez@ua.es</electronicMailAddress>
  </contact>

</dataset>

<additionalMetadata>
  <metadata>
    <gbif>
        <dateStamp>2012-09-27T02:34:07.000+02:00</dateStamp>
        <citation>Herbario de la Universidad de Alicante, ABH (2005).</citation>
    </gbif>
  </metadata>
</additionalMetadata>

</eml:eml>
