<eml:eml xmlns:eml="eml://ecoinformatics.org/eml-2.1.1"
         xmlns:xsi="http://www.w3.org/2001/XMLSchema-instance"
         xsi:schemaLocation="eml://ecoinformatics.org/eml-2.1.1 http://rs.gbif.org/schema/eml-gbif-profile/1.0.2/eml.xsd"
         packageId="837381f4-f762-11e1-a439-00145eb45e9a" system="http://gbif.org" scope="system"
         xml:lang="en">

<dataset>
    <alternateIdentifier system="GBIF_PORTAL">278</alternateIdentifier>
  <title>Escuela Técnica Superior de Ingenieros de Montes, UPM: EMMA</title>
<creator>
</creator>
<metadataProvider>
</metadataProvider>
<associatedParty>
    <phone>34-913366378</phone>
    <electronicMailAddress>paloma.gilborrell@upm.es</electronicMailAddress>
    <role>ADMINISTRATIVE_POINT_OF_CONTACT</role>
</associatedParty>
<language>en</language>
<abstract>
  <para>9140 registros del herbario EMMA (incluyendo 4 tipos) de los órdenes: Pteridophyta y Gymnospermae; Juglandales, Salicales, Fagales, Urticales, Proteales, Santalales, Polygonales, Centrospermae, Cactales, Magnoliales, Ranunculales, Piperales, Aristolochiales, Guttiferales, Sarraceniales, Papaverales, Rosales, Geraniales, Rutales, Sapindales y Celastrales un tipo de Thymus</para>
</abstract>
  <distribution scope="document">
    <online>
      <url function="information">http://www.montes.upm.es/Dptos/DptoSilvopascicultura/Botanica/herbario.html</url>
    </online>
  </distribution>
  <contact>
    <phone>34-913366378</phone>
    <electronicMailAddress>paloma.gilborrell@upm.es</electronicMailAddress>
  </contact>

</dataset>

<additionalMetadata>
  <metadata>
    <gbif>
        <dateStamp>2012-09-27T02:34:07.000+02:00</dateStamp>
        <citation>School of Forestry Engineering. Technical University of Madrid: Escuela Técnica Superior de Ingenieros de Montes, UPM: EMMA</citation>
    </gbif>
  </metadata>
</additionalMetadata>

</eml:eml>
