<eml:eml xmlns:eml="eml://ecoinformatics.org/eml-2.1.1"
         xmlns:xsi="http://www.w3.org/2001/XMLSchema-instance"
         xsi:schemaLocation="eml://ecoinformatics.org/eml-2.1.1 http://rs.gbif.org/schema/eml-gbif-profile/1.0.2/eml.xsd"
         packageId="8375dada-f762-11e1-a439-00145eb45e9a" system="http://gbif.org" scope="system"
         xml:lang="en">

<dataset>
    <alternateIdentifier system="GBIF_PORTAL">283</alternateIdentifier>
  <title>Herbario de la Universidad de Sevilla, SEV</title>
<creator>
</creator>
<metadataProvider>
</metadataProvider>
<associatedParty>
    <phone>(+34) 954 55 27 63</phone>
    <electronicMailAddress>franja@us.es</electronicMailAddress>
    <role>TECHNICAL_POINT_OF_CONTACT</role>
</associatedParty>
<language>en</language>
<abstract>
  <para>El Herbario de la Universidad de Sevilla SEV recoge materiales de toda la Pénisula Ibérica (especialmente Andalucía), Baleares y N de África. Mas de 87895 pliegos perteneciente a Pteridofitas, Gimnospermas y Angiospermas (Aizoaceae, Amaranthaceae, Aquifoliaceae, Araliaceae, Aristolochiaceae, Basellaceae, Berberidaceae, Betulaceae, Bignoniaceae, Buxaceae, Cactaceae, Cannabaceae, Capparaceae, Caryophyllaceae, Casuarinaceae, Celastraceae, Ceratophyllaceae, Chenopodiaceae, Cistaceae, Cornaceae, Crassulaceae, Cruciferae, Cucurbitaceae, Cynomoriaceae, Cyperaceae, Dioscoreaceae, Droseraceae, Ebenaceae, Elatinaceae, Eleagnaceae, Empetraceae, Ericaceae, Euphorbiaceae, Fagaceae, Frankeniaceae, Grossulariaceae, Guttiferae, Haloragaceae, Hippuridaceae, Hydrangeaceae, Lauraceae, Leguminosae, Lythraceae, Malvaceae, Molluginaceae, Monotropaceae, Moraceae, Myricaceae, Nyctaginaceae, Nymphaeaceae, Onagraceae, Orchidaceae, Paeoniaceae, Papaveraceae, Phytolaccaceae, Pittosporaceae, Platanaceae, Plumbaginaceae (partim), Poaceae, Polygonaceae, Portulacaceae, Primulaceae, Proteaceae, Punicaceae, Pyrolaceae, Rafflesiaceae, Ranunculaceae, Resedaceae, Rosaceae, Salicaceae, Santalaceae, Sapotaceae, Saxifragaceae, Smilacaceae, Tamaricaceae, Theligonaceae, Thymelaeaceae, Tiliaceae, Trapaceae, Ulmaceae, Umbelliferae, Urticaceae, Violaceae, Viscaceae)</para>
</abstract>

</dataset>

<additionalMetadata>
  <metadata>
    <gbif>
        <dateStamp>2012-09-27T02:34:07.000+02:00</dateStamp>
        <citation>F.J. Salgueiro, S. Talavera et al. (2006). SEV collections online data bases</citation>
    </gbif>
  </metadata>
</additionalMetadata>

</eml:eml>
