<eml:eml xmlns:eml="eml://ecoinformatics.org/eml-2.1.1"
         xmlns:xsi="http://www.w3.org/2001/XMLSchema-instance"
         xsi:schemaLocation="eml://ecoinformatics.org/eml-2.1.1 http://rs.gbif.org/schema/eml-gbif-profile/1.0.2/eml.xsd"
         packageId="838475f4-f762-11e1-a439-00145eb45e9a" system="http://gbif.org" scope="system"
         xml:lang="en">

<dataset>
    <alternateIdentifier system="GBIF_PORTAL">299</alternateIdentifier>
  <title>Institut Botanic de Barcelona, BC</title>
<creator>
</creator>
<metadataProvider>
</metadataProvider>
<associatedParty>
    <phone>+34 932890611</phone>
    <electronicMailAddress>nibanez@ibb.csic.es</electronicMailAddress>
    <role>ADMINISTRATIVE_POINT_OF_CONTACT</role>
</associatedParty>
<language>en</language>
<abstract>
  <para>El herbario general (BC) es la colección principal del Instituto Botánico de Barcelona, centro mixto Consejo Superior de Investigaciones Científicas (CSIC) y Ayuntamiento de Barcelona. 
Conserva unos 300.000 ejemplares recolectados por la mayoría de los botánicos que se han interesado por la flora noreste peninsular. Un volumen importante fue reunido gracias al mismo Font i Quer y a sus colaboradores a lo largo de las campañas desarrolladas en la Península Ibérica y en Marruecos. En el herbario general se conservan también plantas de J.M.C. Arvet-Touvet, M. Bernades, A. de Bolòs, O. de Bolòs, R. Bolòs, C. Pau, R. Maire, E. Jahandiez, R. Margalef, P. Montserrat, F. Masclans, E. Batalla y J. Vigo, entre muchos otros.
Se trata de una colección en continuo crecimiento gracias, por una parte, a las recolecciones llevadas a cabo por el personal investigador del Instituto, pero también por la actividad de intercambio y donaciones con otros herbarios del resto del mundo.
Actualmente, a través de la red GBIF, son consultables 26.699 pliegos correspondientes a 8.459 táxones. Se incluyen 1271 tipus, de los que 21 son holotipos.</para>
</abstract>
  <distribution scope="document">
    <online>
      <url function="information">http://www.institutbotanic.bcn.es/</url>
    </online>
  </distribution>
  <contact>
    <address>
        <deliveryPoint>Pg. Migdia s/n, Barcelona, Barcelona ES, 08038</deliveryPoint>
    </address>
    <phone>+34 932890611</phone>
    <electronicMailAddress>nibanez@ibb.csic.es</electronicMailAddress>
  </contact>

</dataset>

<additionalMetadata>
  <metadata>
    <gbif>
        <dateStamp>2013-11-13T12:55:11.599+01:00</dateStamp>
        <citation>Botanical Institute of Barcelona (CSIC - Ayuntamiento de Barcelona): Institut Botanic de Barcelona, BC</citation>
        <resourceLogoUrl>http://www.ibb.bcn-csic.es/imatges/logotips/ibb3.jpg</resourceLogoUrl>
    </gbif>
  </metadata>
</additionalMetadata>

</eml:eml>
