<eml:eml xmlns:eml="eml://ecoinformatics.org/eml-2.1.1"
         xmlns:xsi="http://www.w3.org/2001/XMLSchema-instance"
         xsi:schemaLocation="eml://ecoinformatics.org/eml-2.1.1 http://rs.gbif.org/schema/eml-gbif-profile/1.0.2/eml.xsd"
         packageId="84329256-f762-11e1-a439-00145eb45e9a" system="http://gbif.org" scope="system"
         xml:lang="en">

<dataset>
    <alternateIdentifier system="GBIF_PORTAL">462</alternateIdentifier>
  <title>Herbarium of Jyväskylä University Museum</title>
<creator>
</creator>
<metadataProvider>
</metadataProvider>
<associatedParty>
    <positionName>Ms.</positionName>
    <phone>+358407171827</phone>
    <electronicMailAddress>satukun@cc.jyu.fi</electronicMailAddress>
    <role>ADMINISTRATIVE_POINT_OF_CONTACT</role>
</associatedParty>
<language>en</language>
<abstract>
  <para>This dataset contains information about vascular plant specimens housed in the herbarium of Jyväskylä University Museum.</para>
</abstract>
  <intellectualRights>
    <para>GBIF Data Sharing Agreement is applied.  GBIF Data Use Agreement is applied.</para>
  </intellectualRights>
  <contact>
    <positionName>Ms.</positionName>
    <address>
        <deliveryPoint>Vesilinna, Ihantolantie 5, Jyväskylä FI, 40720</deliveryPoint>
    </address>
    <electronicMailAddress>tanja.koskela@jyu.fi</electronicMailAddress>
  </contact>

</dataset>

<additionalMetadata>
  <metadata>
    <gbif>
        <dateStamp>2013-10-11T09:49:28.000+02:00</dateStamp>
        <citation>Jyvaskyla University Museum - The Section of Natural Sciences</citation>
        <resourceLogoUrl>http://ipt.digitarium.fi/logo.do?r=jyu_herbarium</resourceLogoUrl>
    </gbif>
  </metadata>
</additionalMetadata>

</eml:eml>
