<eml:eml xmlns:eml="eml://ecoinformatics.org/eml-2.1.1"
         xmlns:xsi="http://www.w3.org/2001/XMLSchema-instance"
         xsi:schemaLocation="eml://ecoinformatics.org/eml-2.1.1 http://rs.gbif.org/schema/eml-gbif-profile/1.0.2/eml.xsd"
         packageId="8492ecf0-f762-11e1-a439-00145eb45e9a" system="http://gbif.org" scope="system"
         xml:lang="en">

<dataset>
    <alternateIdentifier system="GBIF_PORTAL">599</alternateIdentifier>
  <title>Plant Specimens of Kurashiki Museum of Natural History</title>
<creator>
</creator>
<metadataProvider>
</metadataProvider>
<associatedParty>
    <positionName>Curator</positionName>
    <phone>+81-86-425-6037</phone>
    <electronicMailAddress>muskari@city.kurashiki.okayama.jp</electronicMailAddress>
</associatedParty>
<associatedParty>
    <positionName>Director</positionName>
    <phone>+81-86-425-6037</phone>
    <electronicMailAddress>musnat@city.kurashiki.okayama.jp</electronicMailAddress>
</associatedParty>
<language>en</language>
<abstract>
  <para>Plant Specimens deposited in Kurashiki Museum of Natural History, Okayama Pref., Japan.</para>
</abstract>
  <distribution scope="document">
    <online>
      <url function="information">http://www.city.kurashiki.okayama.jp/musnat/</url>
    </online>
  </distribution>

</dataset>

<additionalMetadata>
  <metadata>
    <gbif>
        <dateStamp>2013-11-27T09:53:35.153+01:00</dateStamp>
        <citation>National Museum of Nature and Science, Japan: Plant Specimens of Kurashiki Museum of Natural History</citation>
    </gbif>
  </metadata>
</additionalMetadata>

</eml:eml>
