<eml:eml xmlns:eml="eml://ecoinformatics.org/eml-2.1.1"
         xmlns:xsi="http://www.w3.org/2001/XMLSchema-instance"
         xsi:schemaLocation="eml://ecoinformatics.org/eml-2.1.1 http://rs.gbif.org/schema/eml-gbif-profile/1.0.2/eml.xsd"
         packageId="84aa5ee4-f762-11e1-a439-00145eb45e9a" system="http://gbif.org" scope="system"
         xml:lang="en">

<dataset>
    <alternateIdentifier system="GBIF_PORTAL">622</alternateIdentifier>
  <title>Vascular Plant Collection</title>
<creator>
</creator>
<metadataProvider>
</metadataProvider>
<language>en</language>
<abstract>
  <para>This dataset from the Oregon State University Herbarium includes only vascular plants collected in Oregon. Square brackets indicate interpreted information not on the original label. Additional resources include the Oregon Vascular Plant Database and the Oregon Vascular Plant Atlas, accessible from http://oregonstate.edu/dept/botany/herbarium/db.php</para>
</abstract>
  <intellectualRights>
    <para>Oregon State University records may be used for research, but they may not be repackaged, resold, or redistributed in any form with out the prior written consent of the Oregon State University Herbarium. If any of these records are used in a publication, the provenance of the original data must be acknowledged and a reprint would be appreciated. The Oregon State University Herbarium and its staff are not responsible for damages, injury or loss due to the use of these data.</para>
  </intellectualRights>
  <contact>
    <positionName>Professor and Director of the Herbarium</positionName>
    <phone>1*-541-737-5301</phone>
    <electronicMailAddress>listona@science.oregonstate.edu</electronicMailAddress>
  </contact>

</dataset>

<additionalMetadata>
  <metadata>
    <gbif>
        <dateStamp>2013-01-21T11:38:17.000+01:00</dateStamp>
        <citation>Oregon State University Herbarium (OSC)</citation>
    </gbif>
  </metadata>
</additionalMetadata>

</eml:eml>
