<eml:eml xmlns:eml="eml://ecoinformatics.org/eml-2.1.1"
         xmlns:xsi="http://www.w3.org/2001/XMLSchema-instance"
         xsi:schemaLocation="eml://ecoinformatics.org/eml-2.1.1 http://rs.gbif.org/schema/eml-gbif-profile/1.0.2/eml.xsd"
         packageId="84f9770e-f762-11e1-a439-00145eb45e9a" system="http://gbif.org" scope="system"
         xml:lang="en">

<dataset>
    <alternateIdentifier system="GBIF_PORTAL">775</alternateIdentifier>
  <title>Herbarium (UNA)</title>
<creator>
</creator>
<metadataProvider>
</metadataProvider>
<language>en</language>
<abstract>
  <para>Data for vascular plants specimens</para>
</abstract>
  <intellectualRights>
    <para>UNA data records may be used for research, but they may not be repackaged, resold, or redistributed in any form with out the express written consent of a curatorial staff member of the University of Alabama Herbarium. If any of these records are used in a publication, the provenance of the original data must be acknowledged and a reprint would be appreciated. The University of Alabama Herbarium and its staff are not responsible for damages, injury or loss due to the use of these data.</para>
  </intellectualRights>
  <distribution scope="document">
    <online>
      <url function="information">http://bama.ua.edu/~bsc/herbarium</url>
    </online>
  </distribution>
  <contact>
    <positionName>Assistant Curator</positionName>
    <phone>(205) 348-1829</phone>
    <electronicMailAddress>sginzbar@bsc.as.ua.edu</electronicMailAddress>
  </contact>

</dataset>

<additionalMetadata>
  <metadata>
    <gbif>
        <dateStamp>2012-11-06T11:37:59.000+01:00</dateStamp>
        <citation>University of Alabama Herbarium (UNA)</citation>
    </gbif>
  </metadata>
</additionalMetadata>

</eml:eml>
