<eml:eml xmlns:eml="eml://ecoinformatics.org/eml-2.1.1"
         xmlns:xsi="http://www.w3.org/2001/XMLSchema-instance"
         xsi:schemaLocation="eml://ecoinformatics.org/eml-2.1.1 http://rs.gbif.org/schema/eml-gbif-profile/1.0.2/eml.xsd"
         packageId="85703434-f762-11e1-a439-00145eb45e9a" system="http://gbif.org" scope="system"
         xml:lang="en">

<dataset>
    <alternateIdentifier system="GBIF_PORTAL">1094</alternateIdentifier>
  <title>GEO Biodiversity Day</title>
<creator>
</creator>
<metadataProvider>
</metadataProvider>
<associatedParty>
    <address>
        <deliveryPoint>Königin-Luise-Str. 6-8, 14195 Berlin, Germany</deliveryPoint>
    </address>
    <electronicMailAddress>biodiversitydata@bgbm.org</electronicMailAddress>
    <role>ADMINISTRATIVE_POINT_OF_CONTACT</role>
</associatedParty>
<associatedParty>
    <address>
        <deliveryPoint>Königin Luise Str. 6-8, D-14195 Berlin, Germany</deliveryPoint>
    </address>
    <electronicMailAddress>biodiversitydata@bgbm.org</electronicMailAddress>
    <role>TECHNICAL_POINT_OF_CONTACT</role>
</associatedParty>
<language>en</language>
<abstract>
  <para>Database compiled in the course of the GEO Biodiversity Day on June 10/11 2005 containing observations made within a 24 hour period in the Tiergarten, Berlin. The aim is to register all existing species in this area.</para>
</abstract>
  <contact>
    <address>
        <deliveryPoint>Königin-Luise-Str. 6-8, 14195 Berlin, Germany</deliveryPoint>
    </address>
    <electronicMailAddress>biodiversitydata@bgbm.org</electronicMailAddress>
  </contact>

</dataset>

<additionalMetadata>
  <metadata>
    <gbif>
        <dateStamp>2013-11-27T12:53:12.996+01:00</dateStamp>
        <citation>BGBM (Ed.) 2005: Database compiled in the course of the GEO Biodiversity Day on June 10/11 2005 in Berlin.</citation>
    </gbif>
  </metadata>
</additionalMetadata>

</eml:eml>
