<eml:eml xmlns:eml="eml://ecoinformatics.org/eml-2.1.1"
         xmlns:xsi="http://www.w3.org/2001/XMLSchema-instance"
         xsi:schemaLocation="eml://ecoinformatics.org/eml-2.1.1 http://rs.gbif.org/schema/eml-gbif-profile/1.0.2/eml.xsd"
         packageId="85727f1e-f762-11e1-a439-00145eb45e9a" system="http://gbif.org" scope="system"
         xml:lang="en">

<dataset>
    <alternateIdentifier system="GBIF_PORTAL">1096</alternateIdentifier>
  <title>Herbarium Willing</title>
<creator>
</creator>
<metadataProvider>
</metadataProvider>
<associatedParty>
    <address>
        <deliveryPoint>Augustenhof 14  06842 Dessau</deliveryPoint>
    </address>
    <electronicMailAddress>eisenwill@gmx.de</electronicMailAddress>
    <role>ADMINISTRATIVE_POINT_OF_CONTACT</role>
</associatedParty>
<associatedParty>
    <address>
        <deliveryPoint>Koenigin-Luise-Str. 6-8, 14195 Berlin, Germany</deliveryPoint>
    </address>
    <electronicMailAddress>biodiversitydata@bgbm.org</electronicMailAddress>
    <role>TECHNICAL_POINT_OF_CONTACT</role>
</associatedParty>
<language>en</language>
<abstract>
  <para>The “Herbarium Willing” is a private Phanerogam collection of Eckhard Willing. The collection is focussed on Greece and central Europe and consists of more then 150.000 specimens which are successively inserted and barcoded at the BGBM (Herbarium B).</para>
</abstract>
  <contact>
    <address>
        <deliveryPoint>Augustenhof 14  06842 Dessau</deliveryPoint>
    </address>
    <electronicMailAddress>eisenwill@gmx.de</electronicMailAddress>
  </contact>

</dataset>

<additionalMetadata>
  <metadata>
    <gbif>
        <dateStamp>2013-11-27T12:53:04.797+01:00</dateStamp>
        <citation>Willing, E. (Ed.) 1978 - (continuously updated): Herbarium collection of Eckhard Willing at the Herbarium Berolinense (B).</citation>
    </gbif>
  </metadata>
</additionalMetadata>

</eml:eml>
