<eml:eml xmlns:eml="eml://ecoinformatics.org/eml-2.1.1"
         xmlns:xsi="http://www.w3.org/2001/XMLSchema-instance"
         xsi:schemaLocation="eml://ecoinformatics.org/eml-2.1.1 http://rs.gbif.org/schema/eml-gbif-profile/1.0.2/eml.xsd"
         packageId="8589cc8c-f762-11e1-a439-00145eb45e9a" system="http://gbif.org" scope="system"
         xml:lang="en">

<dataset>
    <alternateIdentifier system="GBIF_PORTAL">1437</alternateIdentifier>
  <title>Epiphytic Lichens of G. Lettau at the Botanical Museum Berlin-Dahlem</title>
<creator>
</creator>
<metadataProvider>
</metadataProvider>
<language>en</language>
<abstract>
  <para>http://www.gbif-mycology.de/DatabaseClients/Blettaucoll/About.cfm</para>
</abstract>
  <intellectualRights>
    <para>© Botanical Garden and Museum Berlin-Dahlem</para>
  </intellectualRights>
  <distribution scope="document">
    <online>
      <url function="information">http://www.gbif-mycology.de/DatabaseClients/Blettaucoll/index.html</url>
    </online>
  </distribution>
  <contact>
    <electronicMailAddress>h.sipman@bgbm.org</electronicMailAddress>
  </contact>

</dataset>

<additionalMetadata>
  <metadata>
    <gbif>
        <dateStamp>2013-05-06T11:20:08.000+02:00</dateStamp>
        <citation>Botanischer Garten und Botanisches Museum Berlin-Dahlem, Epiphytic Lichens of G. Lettau at the Botanical Museum Berlin-Dahlem</citation>
        <resourceLogoUrl>http://www.gbif-mycology.de/Pictures/Berlin_Logo.gif</resourceLogoUrl>
    </gbif>
  </metadata>
</additionalMetadata>

</eml:eml>
