<eml:eml xmlns:eml="eml://ecoinformatics.org/eml-2.1.1"
         xmlns:xsi="http://www.w3.org/2001/XMLSchema-instance"
         xsi:schemaLocation="eml://ecoinformatics.org/eml-2.1.1 http://rs.gbif.org/schema/eml-gbif-profile/1.0.2/eml.xsd"
         packageId="85a214d6-f762-11e1-a439-00145eb45e9a" system="http://gbif.org" scope="system"
         xml:lang="en">

<dataset>
    <alternateIdentifier system="GBIF_PORTAL">1484</alternateIdentifier>
  <title>Herbarium GJO</title>
<creator>
</creator>
<metadataProvider>
</metadataProvider>
<associatedParty>
    <address>
        <deliveryPoint>Raubergasse 10, A-8010 Graz, Austria</deliveryPoint>
    </address>
    <phone>+43 (316) 8017-9755</phone>
    <electronicMailAddress>kurt.zernig@stmk.gv.at</electronicMailAddress>
    <role>TECHNICAL_POINT_OF_CONTACT</role>
</associatedParty>
<language>en</language>
<abstract>
  <para></para>
</abstract>
  <distribution scope="document">
    <online>
      <url function="information">http://www.museum-joanneum.at/</url>
    </online>
  </distribution>

</dataset>

<additionalMetadata>
  <metadata>
    <gbif>
        <dateStamp>2013-04-12T11:49:30.000+02:00</dateStamp>
        <citation>Steiermärkisches Landesmuseum Joanneum - Herbarium GJO: Herbarium GJO</citation>
    </gbif>
  </metadata>
</additionalMetadata>

</eml:eml>
