<eml:eml xmlns:eml="eml://ecoinformatics.org/eml-2.1.1"
         xmlns:xsi="http://www.w3.org/2001/XMLSchema-instance"
         xsi:schemaLocation="eml://ecoinformatics.org/eml-2.1.1 http://rs.gbif.org/schema/eml-gbif-profile/1.0.2/eml.xsd"
         packageId="85a9e3a0-f762-11e1-a439-00145eb45e9a" system="http://gbif.org" scope="system"
         xml:lang="en">

<dataset>
    <alternateIdentifier system="GBIF_PORTAL">1496</alternateIdentifier>
  <title>Herbarium WU</title>
<creator>
</creator>
<metadataProvider>
</metadataProvider>
<associatedParty>
    <phone>+43 (1) 4277-54171</phone>
    <electronicMailAddress>heimo.rainer@univie.ac.at</electronicMailAddress>
    <role>POINT_OF_CONTACT</role>
</associatedParty>
<language>en</language>
<abstract>
  <para></para>
</abstract>
  <intellectualRights>
    <para>For scientific and non-commercial purposes, the database can be consulted freely. Source of the data must always be specified appropriately. If scientific publications are (partly) based on these data, authors are kindly requested to inform the legal owner. Commercial use is not granted without prior written permission by the legal owner.</para>
  </intellectualRights>

</dataset>

<additionalMetadata>
  <metadata>
    <gbif>
        <dateStamp>2009-08-24T07:11:36.000+02:00</dateStamp>
        <citation>All the help and manifold efforts by persons and organisations who inspired and promoted the ongoing project of the digitization of botanical specimens &quot;DigiBotA&quot; is herewith gratefully acknowledged.</citation>
        <resourceLogoUrl>http://herbarium.univie.ac.at/images/digibota.gif</resourceLogoUrl>
    </gbif>
  </metadata>
</additionalMetadata>

</eml:eml>
