<eml:eml xmlns:eml="eml://ecoinformatics.org/eml-2.1.1"
         xmlns:xsi="http://www.w3.org/2001/XMLSchema-instance"
         xsi:schemaLocation="eml://ecoinformatics.org/eml-2.1.1 http://rs.gbif.org/schema/eml-gbif-profile/1.0.2/eml.xsd"
         packageId="85ea8d92-bbc0-452e-a795-2805527508e3" system="http://gbif.org" scope="system"
         xml:lang="en">

<dataset>
    <alternateIdentifier system="GBIF_PORTAL">849</alternateIdentifier>
  <title>Joint Nature Conservation Committee - Vegetation surveys of coastal shingle in Great Britain</title>
<creator>
</creator>
<metadataProvider>
</metadataProvider>
<language>en</language>
<abstract>
  <para>NBN Gateway Dataset GA000373</para>
</abstract>
  <distribution scope="document">
    <online>
      <url function="information">http://data.nbn.org.uk/datasetInfo/taxonDataset.jsp?dsKey=GA000373</url>
    </online>
  </distribution>

</dataset>

<additionalMetadata>
  <metadata>
    <gbif>
        <dateStamp>2010-09-15T11:02:28.000+02:00</dateStamp>
        <citation>UK National Biodiversity Network: Joint Nature Conservation Committee - Vegetation surveys of coastal shingle in Great Britain</citation>
    </gbif>
  </metadata>
</additionalMetadata>

</eml:eml>
