<eml:eml xmlns:eml="eml://ecoinformatics.org/eml-2.1.1"
         xmlns:xsi="http://www.w3.org/2001/XMLSchema-instance"
         xsi:schemaLocation="eml://ecoinformatics.org/eml-2.1.1 http://rs.gbif.org/schema/eml-gbif-profile/1.0.2/eml.xsd"
         packageId="861f9a3c-f762-11e1-a439-00145eb45e9a" system="http://gbif.org" scope="system"
         xml:lang="en">

<dataset>
    <alternateIdentifier system="GBIF_PORTAL">1828</alternateIdentifier>
  <title>Vascular plants of south-central China</title>
<creator>
</creator>
<metadataProvider>
</metadataProvider>
<language>en</language>
<abstract>
  <para>Vascular plant specimens from the Hengduan Mountains region (and adjacent areas) of south-central China. These records are compiled from several herbaria.</para>
</abstract>
  <intellectualRights>
    <para>Proper citation of web resource.</para>
  </intellectualRights>
  <distribution scope="document">
    <online>
      <url function="information">http://hengduan.huh.harvard.edu/fieldnotes</url>
    </online>
  </distribution>
  <contact>
    <positionName>Harvard University Herbaria</positionName>
    <phone>1-617-495-0794</phone>
    <electronicMailAddress>david_boufford@harvard-NOSPAM.edu</electronicMailAddress>
  </contact>

</dataset>

<additionalMetadata>
  <metadata>
    <gbif>
        <dateStamp>2012-11-06T11:28:15.000+01:00</dateStamp>
        <citation>Ree, R. H., Boufford, D. E. B, and Kelley, S. L. 2007. Biodiversity of the Hengduan Mountains (http://hengduan.huh.harvard.edu/fieldnotes)</citation>
    </gbif>
  </metadata>
</additionalMetadata>

</eml:eml>
