<eml:eml xmlns:eml="eml://ecoinformatics.org/eml-2.1.1"
         xmlns:xsi="http://www.w3.org/2001/XMLSchema-instance"
         xsi:schemaLocation="eml://ecoinformatics.org/eml-2.1.1 http://rs.gbif.org/schema/eml-gbif-profile/1.0.2/eml.xsd"
         packageId="864a259a-f762-11e1-a439-00145eb45e9a" system="http://gbif.org" scope="system"
         xml:lang="en">

<dataset>
    <alternateIdentifier system="GBIF_PORTAL">1874</alternateIdentifier>
  <title>NMNH Botany Collections</title>
<creator>
</creator>
<metadataProvider>
</metadataProvider>
<associatedParty>
    <positionName>NMNH Botany, Data Manager</positionName>
    <phone>+1 202 633 0900</phone>
    <electronicMailAddress>tuccinar@si.edu</electronicMailAddress>
    <role>ADMINISTRATIVE_POINT_OF_CONTACT</role>
</associatedParty>
<language>en</language>
<abstract>
  <para>NMNH Botany Collections records, records currently represent approximately 20% of actual specimen holdings</para>
</abstract>
  <intellectualRights>
    <para>See: http://www.mnh.si.edu/rc/db/2data_access_policy.html</para>
  </intellectualRights>
  <distribution scope="document">
    <online>
      <url function="information">http://botany.si.edu</url>
    </online>
  </distribution>
  <contact>
    <positionName>NMNH Botany, Collections Manager</positionName>
    <phone>+1 202 633 0943</phone>
    <electronicMailAddress>russellr@si.edu</electronicMailAddress>
  </contact>

</dataset>

<additionalMetadata>
  <metadata>
    <gbif>
        <dateStamp>2013-07-10T10:39:40.000+02:00</dateStamp>
        <citation>Department of Botany, Research and Collections Information System, NMNH, Smithsonian Institution. See: http://www.mnh.si.edu/rc/db/2data_access_policy.html</citation>
    </gbif>
  </metadata>
</additionalMetadata>

</eml:eml>
