<eml:eml xmlns:eml="eml://ecoinformatics.org/eml-2.1.1"
         xmlns:xsi="http://www.w3.org/2001/XMLSchema-instance"
         xsi:schemaLocation="eml://ecoinformatics.org/eml-2.1.1 http://rs.gbif.org/schema/eml-gbif-profile/1.0.2/eml.xsd"
         packageId="8682e420-f762-11e1-a439-00145eb45e9a" system="http://gbif.org" scope="system"
         xml:lang="en">

<dataset>
    <alternateIdentifier system="GBIF_PORTAL">1958</alternateIdentifier>
  <title>Herbarium Specimens of Museum of Nature and Human Activities, Hyogo Prefecture, Japan</title>
<creator>
</creator>
<metadataProvider>
</metadataProvider>
<associatedParty>
    <positionName>Dr.</positionName>
    <phone>+81-795-59-2001</phone>
    <electronicMailAddress>akiyama@hitohaku.jp</electronicMailAddress>
</associatedParty>
<associatedParty>
    <positionName>Director</positionName>
    <phone>+81-795-59-2001</phone>
    <electronicMailAddress>root@hitohaku.jp</electronicMailAddress>
</associatedParty>
<language>en</language>
<abstract>
  <para>Plant Specimens deposited in Museum of Nature and Human Activities, Hyogo Pref., Japan.</para>
</abstract>
  <distribution scope="document">
    <online>
      <url function="information">http://www.hitohaku.jp/english/index.html</url>
    </online>
  </distribution>

</dataset>

<additionalMetadata>
  <metadata>
    <gbif>
        <dateStamp>2013-11-27T09:51:27.071+01:00</dateStamp>
        <citation>National Museum of Nature and Science, Japan: Herbarium Specimens of Museum of Nature and Human Activities, Hyogo Prefecture, Japan</citation>
    </gbif>
  </metadata>
</additionalMetadata>

</eml:eml>
