<eml:eml xmlns:eml="eml://ecoinformatics.org/eml-2.1.1"
         xmlns:xsi="http://www.w3.org/2001/XMLSchema-instance"
         xsi:schemaLocation="eml://ecoinformatics.org/eml-2.1.1 http://rs.gbif.org/schema/eml-gbif-profile/1.0.2/eml.xsd"
         packageId="86986958-f762-11e1-a439-00145eb45e9a" system="http://gbif.org" scope="system"
         xml:lang="en">

<dataset>
    <alternateIdentifier system="GBIF_PORTAL">1973</alternateIdentifier>
  <title>Plant specimens depodited in Osaka Museum of Natural History, Japan.</title>
<creator>
</creator>
<metadataProvider>
</metadataProvider>
<associatedParty>
    <positionName>Curator</positionName>
    <phone>+81-6-6697-6221</phone>
    <electronicMailAddress>shiga@mus-nh.city.osaka.jp</electronicMailAddress>
</associatedParty>
<associatedParty>
    <positionName>Director</positionName>
    <phone>+81-6-6697-6221</phone>
    <electronicMailAddress>yamaryo@mus-nh.city.osaka.jp</electronicMailAddress>
</associatedParty>
<language>en</language>
<abstract>
  <para>Plant specimens depodited in Osaka Museum of Natural History, Japan.</para>
</abstract>
  <distribution scope="document">
    <online>
      <url function="information">http://www.mus-nh.city.osaka.jp/</url>
    </online>
  </distribution>

</dataset>

<additionalMetadata>
  <metadata>
    <gbif>
        <dateStamp>2013-11-27T09:54:52.140+01:00</dateStamp>
        <citation>National Museum of Nature and Science, Japan: Plant specimens depodited in Osaka Museum of Natural History, Japan.</citation>
    </gbif>
  </metadata>
</additionalMetadata>

</eml:eml>
