<eml:eml xmlns:eml="eml://ecoinformatics.org/eml-2.1.1"
         xmlns:xsi="http://www.w3.org/2001/XMLSchema-instance"
         xsi:schemaLocation="eml://ecoinformatics.org/eml-2.1.1 http://rs.gbif.org/schema/eml-gbif-profile/1.0.2/eml.xsd"
         packageId="869b5244-f762-11e1-a439-00145eb45e9a" system="http://gbif.org" scope="system"
         xml:lang="en">

<dataset>
    <alternateIdentifier system="GBIF_PORTAL">1975</alternateIdentifier>
  <title>Kochi Prefectural Makino Botanical Garden</title>
<creator>
</creator>
<metadataProvider>
</metadataProvider>
<associatedParty>
    <positionName>Curator</positionName>
    <phone>+81-88-882-2601</phone>
    <electronicMailAddress>nbtanaka@makino.or.jp</electronicMailAddress>
</associatedParty>
<associatedParty>
    <positionName>Director</positionName>
    <phone>+81-88-882-2601</phone>
    <electronicMailAddress>maki-bw@i-kochi.or.jp</electronicMailAddress>
</associatedParty>
<language>en</language>
<abstract>
  <para>Vascular plant specimens collected by Tosa palant study group deposited in Kochi Prefectural Makino Botanical Garden, Japan.</para>
</abstract>
  <distribution scope="document">
    <online>
      <url function="information">http://www.makino.or.jp/</url>
    </online>
  </distribution>

</dataset>

<additionalMetadata>
  <metadata>
    <gbif>
        <dateStamp>2013-11-27T09:53:46.305+01:00</dateStamp>
        <citation>National Museum of Nature and Science, Japan: Kochi Prefectural Makino Botanical Garden</citation>
    </gbif>
  </metadata>
</additionalMetadata>

</eml:eml>
