<eml:eml xmlns:eml="eml://ecoinformatics.org/eml-2.1.1"
         xmlns:xsi="http://www.w3.org/2001/XMLSchema-instance"
         xsi:schemaLocation="eml://ecoinformatics.org/eml-2.1.1 http://rs.gbif.org/schema/eml-gbif-profile/1.0.2/eml.xsd"
         packageId="89fd770a-f762-11e1-a439-00145eb45e9a" system="http://gbif.org" scope="system"
         xml:lang="en">

<dataset>
    <alternateIdentifier system="GBIF_PORTAL">2727</alternateIdentifier>
  <title>Gurgltal (Tarrenz)</title>
<creator>
</creator>
<metadataProvider>
</metadataProvider>
<associatedParty>
    <electronicMailAddress>mueller.tom@geo.de</electronicMailAddress>
    <role>ADMINISTRATIVE_POINT_OF_CONTACT</role>
</associatedParty>
<language>en</language>
<abstract>
  <para>This dataset holds the observations recorded during the GEO Biodiversity Day &quot;Gurgltal (Tarrenz)&quot; in Tarrenz</para>
</abstract>
  <contact>
    <electronicMailAddress>mueller.tom@geo.de</electronicMailAddress>
  </contact>

</dataset>

<additionalMetadata>
  <metadata>
    <gbif>
        <dateStamp>2011-09-21T06:28:25.000+02:00</dateStamp>
        <citation>GEO-Tag der Artenvielfalt: Gurgltal (Tarrenz)</citation>
    </gbif>
  </metadata>
</additionalMetadata>

</eml:eml>
