<eml:eml xmlns:eml="eml://ecoinformatics.org/eml-2.1.1"
         xmlns:xsi="http://www.w3.org/2001/XMLSchema-instance"
         xsi:schemaLocation="eml://ecoinformatics.org/eml-2.1.1 http://rs.gbif.org/schema/eml-gbif-profile/1.0.2/eml.xsd"
         packageId="8d7c4dd0-c75e-11dd-87ef-b8a03c50a862" system="http://gbif.org" scope="system"
         xml:lang="en">

<dataset>
    <alternateIdentifier system="GBIF_PORTAL">8053</alternateIdentifier>
  <title>Plantae, TAIF (Taiwan e-Learning and Digital Archives Program, TELDAP)</title>
<creator>
</creator>
<metadataProvider>
</metadataProvider>
<language>en</language>
<abstract>
  <para>TAIF 的植物群資料</para>
</abstract>
  <distribution scope="document">
    <online>
      <url function="information">http://140.109.29.92/tapirlink/www/tapir.php/TAIF</url>
    </online>
  </distribution>
  <contact>
    <positionName>system administrator</positionName>
    <electronicMailAddress>east0122@gate.sinica.edu.tw</electronicMailAddress>
  </contact>

</dataset>

<additionalMetadata>
  <metadata>
    <gbif>
        <dateStamp>2013-08-20T11:03:43.000+02:00</dateStamp>
        <citation>TELDAP: Plantae, TAIF (Taiwan e-Learning and Digital Archives Program, TELDAP)</citation>
    </gbif>
  </metadata>
</additionalMetadata>

</eml:eml>
