<eml:eml xmlns:eml="eml://ecoinformatics.org/eml-2.1.1"
         xmlns:xsi="http://www.w3.org/2001/XMLSchema-instance"
         xsi:schemaLocation="eml://ecoinformatics.org/eml-2.1.1 http://rs.gbif.org/schema/eml-gbif-profile/1.0.2/eml.xsd"
         packageId="95aef98e-f762-11e1-a439-00145eb45e9a" system="http://gbif.org" scope="system"
         xml:lang="en">

<dataset>
    <alternateIdentifier system="GBIF_PORTAL">7892</alternateIdentifier>
  <title>Colorado State University Herbarium</title>
<creator>
</creator>
<metadataProvider>
</metadataProvider>
<associatedParty>
    <electronicMailAddress>jennifer.owens@colostate.edu</electronicMailAddress>
    <role>ADMINISTRATIVE_POINT_OF_CONTACT</role>
</associatedParty>
<language>en</language>
<abstract>
  <para></para>
</abstract>
  <contact>
    <electronicMailAddress>jennifer.owens@colostate.edu</electronicMailAddress>
  </contact>

</dataset>

<additionalMetadata>
  <metadata>
    <gbif>
        <dateStamp>2011-09-25T07:39:15.000+02:00</dateStamp>
        <citation>Colorado State University Herbarium (CSU): Colorado State University Herbarium</citation>
    </gbif>
  </metadata>
</additionalMetadata>

</eml:eml>
