<eml:eml xmlns:eml="eml://ecoinformatics.org/eml-2.1.1"
         xmlns:xsi="http://www.w3.org/2001/XMLSchema-instance"
         xsi:schemaLocation="eml://ecoinformatics.org/eml-2.1.1 http://rs.gbif.org/schema/eml-gbif-profile/1.0.2/eml.xsd"
         packageId="0645ccdb-e001-4ab0-9729-51f1755e007e" system="http://gbif.org" scope="system"
         xml:lang="en">

<dataset>
    <alternateIdentifier system="GBIF_PORTAL">14114</alternateIdentifier>
  <title>OEH Atlas of NSW Wildlife</title>
<creator>
    <organizationName>Office of Environment and Heritage, Department of Premier and Cabinet representing the State of New South Wales</organizationName>
    <address>
        <deliveryPoint>59-61 Goulburn Street</deliveryPoint>
        <city>Sydney</city>
        <administrativeArea>New South Wales</administrativeArea>
        <postalCode>2000</postalCode>
        <country>AUSTRALIA</country>
    </address>
    <phone>(02) 9995 5000</phone>
    <electronicMailAddress>info@environment.nsw.gov.au</electronicMailAddress>
</creator>
<metadataProvider>
    <organizationName>Office of Environment and Heritage, Department of Premier and Cabinet representing the State of New South Wales</organizationName>
    <address>
        <deliveryPoint>59-61 Goulburn Street</deliveryPoint>
        <city>Sydney</city>
        <administrativeArea>New South Wales</administrativeArea>
        <postalCode>2000</postalCode>
        <country>AUSTRALIA</country>
    </address>
    <phone>(02) 9995 5000</phone>
    <electronicMailAddress>info@environment.nsw.gov.au</electronicMailAddress>
</metadataProvider>
<associatedParty>
    <organizationName>Office of Environment &amp; Heritage</organizationName>
    <address>
        <deliveryPoint>59-61 Goulburn Street</deliveryPoint>
        <city>Sydney</city>
        <administrativeArea>New South Wales</administrativeArea>
        <postalCode>2000</postalCode>
        <country>AUSTRALIA</country>
    </address>
    <phone>(02) 9995 5000</phone>
    <electronicMailAddress>info@environment.nsw.gov.au</electronicMailAddress>
    <role>ORIGINATOR</role>
</associatedParty>
<associatedParty>
    <organizationName>Atlas of Living Australia (ALA)</organizationName>
    <address>
        <deliveryPoint>CSIRO Black Mountain Laboratories, Clunies Ross Street, ACTON</deliveryPoint>
        <city>Canberra</city>
        <administrativeArea>ACT</administrativeArea>
        <postalCode>2601</postalCode>
        <country>AUSTRALIA</country>
    </address>
    <electronicMailAddress>info@ala.org.au</electronicMailAddress>
    <role>DISTRIBUTOR</role>
</associatedParty>
<pubDate>
        2013-06-11
</pubDate>
<language>ENGLISH</language>
<abstract>
  <para>Records from OEH&apos;s Atlas of NSW Wildlife database of flora and fauna sightings. Includes records from other custodians such as the National Herbarium of NSW, Forests NSW, Australian Bird and Bat Banding Scheme and the Australian Museum.</para>
</abstract>
  <intellectualRights>
    <para>The Atlas of NSW Wildlife (Atlas) is administered by the Office of Environment and Heritage, Department of Premier and Cabinet (OEH). Distribution of Atlas data is governed by OEH&apos;s Sensitive Species Data Policy. For species categorised as sensitive, some or all locational information will not be disclosed depending on the species&apos; status under the Policy (refer to the Sensitive Species Data Policy for full details  http://www.environment.nsw.gov.au/policiesandguidelines/SensitiveSpeciesPolicy.htm)
In downloading Data from the Atlas of NSW Wildlife (the Data) via the ALA portal, you, the user, agree to accept the Terms and Conditions below. Your acceptance creates a binding legal agreement between you and the Office of Environment and Heritage, Department of Premier and Cabinet (OEH) that administers the Atlas of NSW Wildlife. If you do not agree with these Terms and Conditions, do not download Atlas of NSW Wildlife Data from the ALA portal.
Terms and Conditions of Use:
You are licensed to use, reproduce, distribute, publish or otherwise make available the Data, or to use or adapt the Data to create derivative works. 
In any reproduction, distribution or publication of the Data, you must attribute the source of the Data as the Atlas of NSW Wildlife, a resource owned by the State of New South Wales that holds data from a number of custodians including OEH, the National Herbarium of NSW, Forests NSW, the Australian Museum and the Australian Bird and Bat Banding Scheme. 
In any use or adaptation of the Data to create derivative works, you must acknowledge the use of the Data in the derivative work and attribute the source of the Data as the Atlas of NSW Wildlife, a resource owned by the State of New South Wales that holds data from a number of custodians including OEH, the National Herbarium of NSW, Forests NSW, the Australian Museum and the Australian Bird and Bat Banding Scheme. 
You acknowledge that the Data may contain errors and omissions and that you employ the Data at your own risk.
Neither OEH nor any other Data Custodian will accept liability for any loss, damage, cost or expenses that you may incur as a result of the use of or reliance upon the Data. 
Data in the Atlas of NSW Wildlife is constantly updated and you should use the current Data from the ALA portal and not rely on material you have previously printed or downloaded.</para>
  </intellectualRights>
  <distribution scope="document">
    <online>
      <url function="information">http://collections.ala.org.au/public/show/dr368</url>
    </online>
  </distribution>
  <contact>
    <individualName>
        <givenName>Jane</givenName>
      <surName>Andrews</surName>
    </individualName>
    <positionName>Data coordinator</positionName>
    <electronicMailAddress>Jane.Andrews@environment.nsw.gov.au</electronicMailAddress>
  </contact>

</dataset>

<additionalMetadata>
  <metadata>
    <gbif>
        <dateStamp>2014-02-12T03:42:58.799+01:00</dateStamp>
        <citation>Office of Environment and Heritage, Department of Premier and Cabinet representing the State of New South Wales: OEH Atlas of NSW Wildlife</citation>
    </gbif>
  </metadata>
</additionalMetadata>

</eml:eml>
