<eml:eml xmlns:eml="eml://ecoinformatics.org/eml-2.1.1"
         xmlns:xsi="http://www.w3.org/2001/XMLSchema-instance"
         xsi:schemaLocation="eml://ecoinformatics.org/eml-2.1.1 http://rs.gbif.org/schema/eml-gbif-profile/1.0.2/eml.xsd"
         packageId="0bde8f26-2b00-43aa-b7e1-f376cdd881ca" system="http://gbif.org" scope="system"
         xml:lang="en">

<dataset>
    <alternateIdentifier system="GBIF_PORTAL">14977</alternateIdentifier>
  <title>Record, the Biodiversity Information System for Cheshire, Halton, Warrington and the Wirral - RECORD other mammal data up to current day</title>
<creator>
</creator>
<metadataProvider>
</metadataProvider>
<language>en</language>
<abstract>
  <para>NBN Gateway Dataset GA001224</para>
</abstract>
  <distribution scope="document">
    <online>
      <url function="information">http://data.nbn.org.uk/datasetInfo/taxonDataset.jsp?dsKey=GA001224</url>
    </online>
  </distribution>

</dataset>

<additionalMetadata>
  <metadata>
    <gbif>
        <dateStamp>2013-06-01T11:05:23.000+02:00</dateStamp>
        <citation>UK National Biodiversity Network: Record, the Biodiversity Information System for Cheshire, Halton, Warrington and the Wirral - RECORD other mammal data up to current day</citation>
    </gbif>
  </metadata>
</additionalMetadata>

</eml:eml>
