<eml:eml xmlns:eml="eml://ecoinformatics.org/eml-2.1.1"
         xmlns:xsi="http://www.w3.org/2001/XMLSchema-instance"
         xsi:schemaLocation="eml://ecoinformatics.org/eml-2.1.1 http://rs.gbif.org/schema/eml-gbif-profile/1.0.2/eml.xsd"
         packageId="0debafd0-6c8a-11de-8225-b8a03c50a862" system="http://gbif.org" scope="system"
         xml:lang="en">

<dataset>
    <alternateIdentifier system="GBIF_PORTAL">9106</alternateIdentifier>
  <title>Australian National Wildlife Collection provider for OZCAM</title>
<creator>
    <organizationName>OZCAM (Online Zoological Collections of Australian Museums) Provider</organizationName>
</creator>
<metadataProvider>
    <organizationName>OZCAM (Online Zoological Collections of Australian Museums) Provider</organizationName>
</metadataProvider>
<associatedParty>
    <organizationName>Australian National Wildlife Collection</organizationName>
    <address>
        <deliveryPoint>Bellenden Street</deliveryPoint>
        <city>Crace</city>
        <administrativeArea>Australian Capital Territory</administrativeArea>
        <postalCode>2911</postalCode>
        <country>AUSTRALIA</country>
    </address>
    <role>ORIGINATOR</role>
</associatedParty>
<associatedParty>
    <organizationName>Atlas of Living Australia (ALA)</organizationName>
    <address>
        <deliveryPoint>CSIRO Black Mountain Laboratories, Clunies Ross Street, ACTON</deliveryPoint>
        <city>Canberra</city>
        <administrativeArea>ACT</administrativeArea>
        <postalCode>2601</postalCode>
        <country>AUSTRALIA</country>
    </address>
    <electronicMailAddress>info@ala.org.au</electronicMailAddress>
    <role>DISTRIBUTOR</role>
</associatedParty>
<pubDate>
        2014-03-11
</pubDate>
<language>ENGLISH</language>
<abstract>
  <para>Australian National Wildlife Collection provider for OZCAM. ANWC is part of the Australia&apos;s Commonwealth Scientific and Industrial Research Organisation (CSIRO)</para>
</abstract>
  <intellectualRights>
    <para>Data is available under the Creative Commons Attribution 3.0 Australia license.  Sound files associated with specimen records are not available for download and re-use. Please contact the Australian National Wildlife Collection for more information.</para>
  </intellectualRights>
  <distribution scope="document">
    <online>
      <url function="information">http://collections.ala.org.au/public/show/dr341</url>
    </online>
  </distribution>
  <contact>
    <individualName>
        <givenName>OZCAM</givenName>
      <surName>Webmaster</surName>
    </individualName>
    <positionName>Webmaster</positionName>
    <electronicMailAddress>OZCAM.CHAFC@gmail.com</electronicMailAddress>
  </contact>

</dataset>

<additionalMetadata>
  <metadata>
    <gbif>
        <dateStamp>2014-03-17T03:39:27.011+01:00</dateStamp>
        <citation>CSIRO: Australian National Wildlife Collection provider for OZCAM</citation>
        <resourceLogoUrl>http://collections.ala.org.au/data/dataProvider/ozcam.png</resourceLogoUrl>
    </gbif>
  </metadata>
</additionalMetadata>

</eml:eml>
