<eml:eml xmlns:eml="eml://ecoinformatics.org/eml-2.1.1"
         xmlns:xsi="http://www.w3.org/2001/XMLSchema-instance"
         xsi:schemaLocation="eml://ecoinformatics.org/eml-2.1.1 http://rs.gbif.org/schema/eml-gbif-profile/1.0.2/eml.xsd"
         packageId="358fbd61-739f-4102-afc9-9d468f571e4d" system="http://gbif.org" scope="system"
         xml:lang="en">

<dataset>
    <alternateIdentifier system="GBIF_PORTAL">12707</alternateIdentifier>
  <title>Fauna Atlas N.T.</title>
<creator>
    <organizationName>Department of Natural Resources, Environment, The Arts and Sport, Northern Territory of Australia</organizationName>
    <address>
        <deliveryPoint>PO Box 496</deliveryPoint>
        <city>Palmerston</city>
        <administrativeArea>Northern Territory</administrativeArea>
        <postalCode>0831</postalCode>
    </address>
</creator>
<metadataProvider>
    <organizationName>Department of Natural Resources, Environment, The Arts and Sport, Northern Territory of Australia</organizationName>
    <address>
        <deliveryPoint>PO Box 496</deliveryPoint>
        <city>Palmerston</city>
        <administrativeArea>Northern Territory</administrativeArea>
        <postalCode>0831</postalCode>
    </address>
</metadataProvider>
<associatedParty>
    <organizationName>Atlas of Living Australia (ALA)</organizationName>
    <address>
        <deliveryPoint>CSIRO Black Mountain Laboratories, Clunies Ross Street, ACTON</deliveryPoint>
        <city>Canberra</city>
        <administrativeArea>ACT</administrativeArea>
        <postalCode>2601</postalCode>
        <country>AUSTRALIA</country>
    </address>
    <electronicMailAddress>info@ala.org.au</electronicMailAddress>
    <role>DISTRIBUTOR</role>
</associatedParty>
<pubDate>
        2012-12-21
</pubDate>
<language>ENGLISH</language>
<abstract>
  <para>Record fauna observational summary data within the N.T. Taxonomic and collection data for observed mammals, birds, reptiles, frogs. Includes presence/absence info, date, time, and location of sighting. Data collected after 1995 may also include counts.</para>
</abstract>
  <intellectualRights>
    <para>Data supplied is licensed under the Creative Commons Attribution 3.0 Australia License.</para>
  </intellectualRights>
  <distribution scope="document">
    <online>
      <url function="information">http://collections.ala.org.au/public/show/dr361</url>
    </online>
  </distribution>
  <contact>
    <individualName>
        <givenName>Alaric</givenName>
      <surName>Fisher</surName>
    </individualName>
    <positionName>Administrative</positionName>
    <electronicMailAddress>Alaric.Fisher@nt.gov.au</electronicMailAddress>
  </contact>

</dataset>

<additionalMetadata>
  <metadata>
    <gbif>
        <dateStamp>2014-03-17T03:42:20.515+01:00</dateStamp>
        <citation>Department of Natural Resources, Environment, The Arts and Sport, Northern Territory of Australia: Fauna Atlas N.T.</citation>
    </gbif>
  </metadata>
</additionalMetadata>

</eml:eml>
