<eml:eml xmlns:eml="eml://ecoinformatics.org/eml-2.1.1"
         xmlns:xsi="http://www.w3.org/2001/XMLSchema-instance"
         xsi:schemaLocation="eml://ecoinformatics.org/eml-2.1.1 http://rs.gbif.org/schema/eml-gbif-profile/1.0.2/eml.xsd"
         packageId="40675475-8823-4e35-bab8-0a393a017c38" system="http://gbif.org" scope="system"
         xml:lang="fr">

<dataset>
    <alternateIdentifier system="GBIF_PORTAL">14264</alternateIdentifier>
  <title>Inventaire National du Patrimoine Naturel : Loup en France</title>
<creator>
    <individualName>
      <surName>F. de Beaufort (MNHN-SFF)</surName>
    </individualName>
    <address>
        <country>FRANCE</country>
    </address>
</creator>
<metadataProvider>
    <individualName>
        <givenName>Frédéric</givenName>
      <surName>Vest</surName>
    </individualName>
    <organizationName>Service du Patrimoine Naturel - Muséum national d&apos;Histoire Naturelle</organizationName>
    <address>
        <deliveryPoint>36 rue Geoffroy St Hilaire CP 41</deliveryPoint>
        <city>Paris</city>
        <postalCode>75231</postalCode>
        <country>FRANCE</country>
    </address>
    <electronicMailAddress>inpn@mnh.fr</electronicMailAddress>
</metadataProvider>
<pubDate>
        2012-06-27
</pubDate>
<language>FRENCH</language>
<abstract>
  <para>L&apos;objectif de cet inventaire est de rassembler un jeu exhaustif de données historiques sur cette espèce en France métropolitaine à partir de dépouillement d&apos;archives. Le réseau a été coordonné par F. de Beaufort (Muséum National d&apos;Histoire Naturelle). Au 01/01/2002, la base contient environ 32 154 données. Celles-ci couvrent une période allant de 1750 à 1925. Outre les données essentielles (lieu, date, observateurs si connus), sont mentionnées : les références de la pièce d&apos;archive, le nombre de loups observés ou tués, le nombre et type de proies, de personnes concernées par l&apos;évènement, les cas de rage constatés, les types de blessures, etc¿</para>
</abstract>
  <contact>
    <individualName>
        <givenName>Frédéric</givenName>
      <surName>Vest</surName>
    </individualName>
    <organizationName>Service du Patrimoine Naturel - Muséum national d&apos;Histoire Naturelle</organizationName>
    <address>
        <deliveryPoint>36 rue Geoffroy St Hilaire CP 41</deliveryPoint>
        <city>Paris</city>
        <postalCode>75231</postalCode>
        <country>FRANCE</country>
    </address>
    <electronicMailAddress>inpn@mnh.fr</electronicMailAddress>
  </contact>

</dataset>

<additionalMetadata>
  <metadata>
    <gbif>
        <dateStamp>2014-01-08T04:09:43.893+01:00</dateStamp>
        <citation>SPN - Service du Patrimoine naturel, Muséum national d&apos;Histoire naturelle, Paris: Inventaire National du Patrimoine Naturel : Loup en France</citation>
    </gbif>
  </metadata>
</additionalMetadata>

</eml:eml>
