<eml:eml xmlns:eml="eml://ecoinformatics.org/eml-2.1.1"
         xmlns:xsi="http://www.w3.org/2001/XMLSchema-instance"
         xsi:schemaLocation="eml://ecoinformatics.org/eml-2.1.1 http://rs.gbif.org/schema/eml-gbif-profile/1.0.2/eml.xsd"
         packageId="40c0f670-ee87-4576-be9d-2725e0b47035" system="http://gbif.org" scope="system"
         xml:lang="en">

<dataset>
    <alternateIdentifier system="GBIF_PORTAL">12737</alternateIdentifier>
  <title>South Australia Fauna Observations</title>
<creator>
    <organizationName>South Australia, Department of Environment, Water and Natural Resources</organizationName>
</creator>
<metadataProvider>
    <organizationName>South Australia, Department of Environment, Water and Natural Resources</organizationName>
</metadataProvider>
<associatedParty>
    <organizationName>Atlas of Living Australia (ALA)</organizationName>
    <address>
        <deliveryPoint>CSIRO Black Mountain Laboratories, Clunies Ross Street, ACTON</deliveryPoint>
        <city>Canberra</city>
        <administrativeArea>ACT</administrativeArea>
        <postalCode>2601</postalCode>
        <country>AUSTRALIA</country>
    </address>
    <electronicMailAddress>info@ala.org.au</electronicMailAddress>
    <role>DISTRIBUTOR</role>
</associatedParty>
<pubDate>
        2012-11-12
</pubDate>
<language>ENGLISH</language>
<abstract>
  <para>The Department of Environment and Natural Resources (DENR) is responsible for South Australia&apos;s nature conservation, heritage conservation and animal welfare. We collect and provide information and knowledge about the state&apos;s environment. We manage the state&apos;s public land including national parks, marine parks, botanic gardens and the coastline. We also advise on environmental policy.</para>
</abstract>
  <additionalInfo>
    <para>- DEWNR provides advice as required on restrictions to sensitive records.
- DEWNR perform standard filtering of BDBSA data prior to release. These standard filters include records considered questionable due to location or taxonomic issues and sub fossil records</para>
  </additionalInfo>
  <distribution scope="document">
    <online>
      <url function="information">http://www.environment.sa.gov.au/index.html</url>
    </online>
  </distribution>
  <contact>
    <positionName>editor</positionName>
    <electronicMailAddress>DEWNRBioDataSupport@sa.gov.au</electronicMailAddress>
  </contact>

</dataset>

<additionalMetadata>
  <metadata>
    <gbif>
        <dateStamp>2011-02-18T01:12:40.000+01:00</dateStamp>
        <citation>South Australia, Department of Environment and Natural Resources: South Australia Fauna Observations</citation>
    </gbif>
  </metadata>
</additionalMetadata>

</eml:eml>
