<eml:eml xmlns:eml="eml://ecoinformatics.org/eml-2.1.1"
         xmlns:xsi="http://www.w3.org/2001/XMLSchema-instance"
         xsi:schemaLocation="eml://ecoinformatics.org/eml-2.1.1 http://rs.gbif.org/schema/eml-gbif-profile/1.0.2/eml.xsd"
         packageId="4d749d70-e2e1-11dd-8102-b8a03c50a862" system="http://gbif.org" scope="system"
         xml:lang="en">

<dataset>
    <alternateIdentifier system="GBIF_PORTAL">8076</alternateIdentifier>
  <title>Rapid Assessment Program (RAP) Biodiversity Survey Database</title>
<creator>
</creator>
<metadataProvider>
</metadataProvider>
<associatedParty>
    <positionName>data administrator</positionName>
    <electronicMailAddress>rap@conservation.org</electronicMailAddress>
    <role>DATA_ADMINISTRATOR</role>
</associatedParty>
<language>en</language>
<abstract>
  <para>Data from the numerous biodiversity surveys that Conservation International&apos;s Rapid Assessment Program (RAP) has conducted since 1990.</para>
</abstract>
  <intellectualRights>
    <para>Rapid Assessment Program (RAP) Biodiversity Survey Database. Conservation International. &lt;rap.conservation.org&gt;. Downloaded on MMDDYYYY.
	The Rapid Assessment Program (RAP) Biodiversity Survey Database of the Center for Applied Biodiversity Science (CABS) at Conservation International (CI) provides access to data and images collected on biodiversity surveys conducted by Conservation International. CI makes no guarantee, express or implied, regarding the use of the material with regard to their correctness, reliability, accuracy, or otherwise. While neither CI nor its affiliated or related entities or its content providers shall be responsible or liable to any person, firm, or corporation for any loss, damage, injury, claim, or liability of any kind or character based on or resulting from any information. Users are encouraged to verify all data prior to using it in publications.</para>
  </intellectualRights>
  <distribution scope="document">
    <online>
      <url function="information">http://rap.conservation.org/tapirlink/tapir.php/rap</url>
    </online>
  </distribution>

</dataset>

<additionalMetadata>
  <metadata>
    <gbif>
        <dateStamp>2012-11-06T12:10:04.000+01:00</dateStamp>
        <citation>Conservation International: Rapid Assessment Program (RAP) Biodiversity Survey Database</citation>
    </gbif>
  </metadata>
</additionalMetadata>

</eml:eml>
