<eml:eml xmlns:eml="eml://ecoinformatics.org/eml-2.1.1"
         xmlns:xsi="http://www.w3.org/2001/XMLSchema-instance"
         xsi:schemaLocation="eml://ecoinformatics.org/eml-2.1.1 http://rs.gbif.org/schema/eml-gbif-profile/1.0.2/eml.xsd"
         packageId="512c11b0-a103-11de-88ae-b8a03c50a862" system="http://gbif.org" scope="system"
         xml:lang="es">

<dataset>
    <alternateIdentifier system="GBIF_PORTAL">9115</alternateIdentifier>
  <title>Colección Nacional de Mastozoología - Museo Argentino de Ciencias Naturales &apos;Bernardino Rivadavia&apos;</title>
<creator>
</creator>
<metadataProvider>
</metadataProvider>
<associatedParty>
    <positionName>[data administrator]</positionName>
    <phone>(5411) 4982-0306 / 1154 / 5243 / 4494</phone>
    <electronicMailAddress>dflores@macn.gov.ar</electronicMailAddress>
</associatedParty>
<language>en</language>
<abstract>
  <para>Database of the collection of Mammalogy, contains records mainly of the orders Rodentia, Chiroptera, and Carnivora from Argentina.  Other Mammals orders are represented by fewer records.</para>
</abstract>
  <distribution scope="document">
    <online>
      <url function="information">http://168.96.62.13/tapirlink/tapir.php/macnma</url>
    </online>
  </distribution>

</dataset>

<additionalMetadata>
  <metadata>
    <gbif>
        <dateStamp>2014-03-21T11:44:48.558+01:00</dateStamp>
        <citation>Museo Argentino de Ciencias Naturales: Colección Nacional de Mastozoología - Museo Argentino de Ciencias Naturales &apos;Bernardino Rivadavia&apos;</citation>
    </gbif>
  </metadata>
</additionalMetadata>

</eml:eml>
