<eml:eml xmlns:eml="eml://ecoinformatics.org/eml-2.1.1"
         xmlns:xsi="http://www.w3.org/2001/XMLSchema-instance"
         xsi:schemaLocation="eml://ecoinformatics.org/eml-2.1.1 http://rs.gbif.org/schema/eml-gbif-profile/1.0.2/eml.xsd"
         packageId="5a659248-1f70-11e3-b2c5-00145eb45e9a" system="http://gbif.org" scope="system"
         xml:lang="en">

<dataset>
  <title>Mammals housed at MHNG, Geneva</title>
<creator>
</creator>
<metadataProvider>
</metadataProvider>
<associatedParty>
    <electronicMailAddress>manuel.ruedi@ville-ge.ch</electronicMailAddress>
    <role>ADMINISTRATIVE_POINT_OF_CONTACT</role>
</associatedParty>
<associatedParty>
    <electronicMailAddress>christophe.plattet@ville-ge.ch</electronicMailAddress>
    <role>TECHNICAL_POINT_OF_CONTACT</role>
</associatedParty>
<language>en</language>
<abstract>
  <para>This database lists all vouchers of mammals deposited at the Natural History Museum of Geneva and collected around the World since nearly two centuries.</para>
</abstract>
  <intellectualRights>
    <para>The use of the data is allowed only for non-profit scientific use and for non-profit nature conservation purpose.</para>
  </intellectualRights>
  <distribution scope="document">
    <online>
      <url function="information">http://www.ville-ge.ch/mhng/dpt_mamo.php</url>
    </online>
  </distribution>
  <contact>
    <electronicMailAddress>manuel.ruedi@ville-ge.ch</electronicMailAddress>
  </contact>

</dataset>

<additionalMetadata>
  <metadata>
    <gbif>
        <dateStamp>2014-01-13T11:32:14.215+01:00</dateStamp>
        <citation>Ruedi M. Mammals housed at MHNG, Geneva. Muséum d&apos;histoire naturelle de la Ville de Genève</citation>
        <resourceLogoUrl>http://data.gbif.ch/InstitutionLogoWindow.action?institutionId=3</resourceLogoUrl>
    </gbif>
  </metadata>
</additionalMetadata>

</eml:eml>
