<eml:eml xmlns:eml="eml://ecoinformatics.org/eml-2.1.1"
         xmlns:xsi="http://www.w3.org/2001/XMLSchema-instance"
         xsi:schemaLocation="eml://ecoinformatics.org/eml-2.1.1 http://rs.gbif.org/schema/eml-gbif-profile/1.0.2/eml.xsd"
         packageId="71f4c974-f762-11e1-a439-00145eb45e9a" system="http://gbif.org" scope="system"
         xml:lang="en">

<dataset>
    <alternateIdentifier system="GBIF_PORTAL">9178</alternateIdentifier>
  <title>MfN - Fossil vertebrates IV</title>
<creator>
</creator>
<metadataProvider>
</metadataProvider>
<associatedParty>
    <address>
        <deliveryPoint>Museum für Naturkunde Invalidenstr. 43, 10115 Berlin, Germany</deliveryPoint>
    </address>
    <phone>+49 (0)30 2093 8597</phone>
    <electronicMailAddress>Wolf-Dieter.Heinrich@mfn-berlin.de</electronicMailAddress>
    <role>ADMINISTRATIVE_POINT_OF_CONTACT</role>
</associatedParty>
<associatedParty>
    <phone>0049 30 2093 8584</phone>
    <electronicMailAddress>Martin.Pluta@mfn-berlin.de</electronicMailAddress>
    <role>TECHNICAL_POINT_OF_CONTACT</role>
</associatedParty>
<language>en</language>
<abstract>
  <para>Fossil mammals (bones and teeth)</para>
</abstract>
  <contact>
    <address>
        <deliveryPoint>Museum für Naturkunde Invalidenstr. 43, 10115 Berlin, Germany</deliveryPoint>
    </address>
    <phone>+49 (0)30 2093 8597</phone>
    <electronicMailAddress>Wolf-Dieter.Heinrich@mfn-berlin.de</electronicMailAddress>
  </contact>

</dataset>

<additionalMetadata>
  <metadata>
    <gbif>
        <dateStamp>2014-01-13T11:36:49.568+01:00</dateStamp>
        <citation>Museum für Naturkunde Berlin: MfN - Fossil vertebrates IV</citation>
        <resourceLogoUrl>http://www.naturkundemuseum-berlin.de/fileadmin/templates/etc/img/logo-mfn.gif</resourceLogoUrl>
    </gbif>
  </metadata>
</additionalMetadata>

</eml:eml>
