<eml:eml xmlns:eml="eml://ecoinformatics.org/eml-2.1.1"
         xmlns:xsi="http://www.w3.org/2001/XMLSchema-instance"
         xsi:schemaLocation="eml://ecoinformatics.org/eml-2.1.1 http://rs.gbif.org/schema/eml-gbif-profile/1.0.2/eml.xsd"
         packageId="807e6f90-f762-11e1-a439-00145eb45e9a" system="http://gbif.org" scope="system"
         xml:lang="en">

<dataset>
    <alternateIdentifier system="GBIF_PORTAL">13328</alternateIdentifier>
  <title>Inventario de los mamíferos de las reservas de la biósfera Mapimí, La Michilía, El Cielo y Calakmul</title>
<creator>
</creator>
<metadataProvider>
</metadataProvider>
<associatedParty>
    <positionName>Dr.</positionName>
    <electronicMailAddress>sosavini@ecologia.edu.mx</electronicMailAddress>
</associatedParty>
<associatedParty>
    <positionName>Bióloga</positionName>
    <phone>(52) 55-50044966</phone>
    <electronicMailAddress>scareaga@conabio.gob.mx</electronicMailAddress>
</associatedParty>
<language>en</language>
<abstract>
  <para>Se estima que por lo menos 46 especies de mamíferos mexicanos son frágiles y 76 están amenazadas o en peligro de extinción; de éstas no todas tienen protección legal y se desconoce cuáles están representadas en las áreas protegidas y en qué condiciones se encuentran sus poblaciones en esos lugares. Entre las áreas protegidas de México las Reservas de la Biosfera son de particular importancia para la conservación de mamíferos, por su tamaño, proporción de superficie que representan dentro del Sistema Nacional de Áreas Naturales Protegidas, grado de naturalidad de los sistemas que resguardan y garantía de buen manejo. Las reservas comprendidas en este proyecto, Calakmul, El Cielo, Mapimí y La Michilía, abarcan en conjunto un área equivalente al 22% de la superficie total incluida en el Sistema Nacional de Áreas protegidas. Calakmul es la segunda área protegida más grande del país, El Cielo la sexta y Mapimí la décima, y las tres son las reservas más grandes en sus respectivos Estados; por la diversidad de ambientes con que cuentan, en estas cuatro reservas están representados todos los principales biomas que existen en México, a excepción del páramo de altura, y por ende una gran diversidad de mamíferos terrestres. La falta de conocimiento sobre el tipo y condición de los recursos biológicos que albergan las áreas protegidas es una de sus carencias más apremiantes y frecuentes, pues muy pocas cuentan con inventarios completos sobre sus recursos silvestres. En el caso de las tres reservas incluidas en este proyecto, existe bastante información sobre sus recursos biológicos, sin embargo falta sistematizarla para hacerla accesible y utilizable en el manejo de las mismas.</para>
</abstract>

</dataset>

<additionalMetadata>
  <metadata>
    <gbif>
        <dateStamp>2014-01-13T11:35:41.756+01:00</dateStamp>
        <citation>Sosa Fernández, V., Hernández A. y J. Bello. 1998. Inventario de los mamíferos de las reservas de la biósfera Mapimí, La Michilía, El Cielo y Calakmul. Instituto de Ecología A.C. Bases de datos SNIB2010-CONABIO proyecto No. P027. México, D.F.</citation>
    </gbif>
  </metadata>
</additionalMetadata>

</eml:eml>
