<eml:eml xmlns:eml="eml://ecoinformatics.org/eml-2.1.1"
         xmlns:xsi="http://www.w3.org/2001/XMLSchema-instance"
         xsi:schemaLocation="eml://ecoinformatics.org/eml-2.1.1 http://rs.gbif.org/schema/eml-gbif-profile/1.0.2/eml.xsd"
         packageId="8104afec-f762-11e1-a439-00145eb45e9a" system="http://gbif.org" scope="system"
         xml:lang="en">

<dataset>
    <alternateIdentifier system="GBIF_PORTAL">13449</alternateIdentifier>
  <title>Akita Prefectural Museum＋Mammalians Specimens of Akita Prefectural Museum</title>
<creator>
</creator>
<metadataProvider>
</metadataProvider>
<associatedParty>
    <positionName>technical</positionName>
    <phone>+81-018-873-4121</phone>
    <electronicMailAddress>Funaki-Shinichi@pref.akita.lg.jp</electronicMailAddress>
</associatedParty>
<associatedParty>
    <positionName>Administrative</positionName>
    <phone>+81-018-873-4121</phone>
    <electronicMailAddress>akitamus@nifty.com</electronicMailAddress>
</associatedParty>
<language>en</language>
<abstract>
  <para>Akita Prefectural Museum＋Mammalians Specimens of Akita Prefectural Museum</para>
</abstract>
  <distribution scope="document">
    <online>
      <url function="information">http://homepage3.nifty.com/akitamus/english-page.htm</url>
    </online>
  </distribution>

</dataset>

<additionalMetadata>
  <metadata>
    <gbif>
        <dateStamp>2014-03-04T11:58:54.339+01:00</dateStamp>
        <citation>National Museum of Nature and Science, Japan: Akita Prefectural Museum＋Mammalians Specimens of Akita Prefectural Museum</citation>
    </gbif>
  </metadata>
</additionalMetadata>

</eml:eml>
