<eml:eml xmlns:eml="eml://ecoinformatics.org/eml-2.1.1"
         xmlns:xsi="http://www.w3.org/2001/XMLSchema-instance"
         xsi:schemaLocation="eml://ecoinformatics.org/eml-2.1.1 http://rs.gbif.org/schema/eml-gbif-profile/1.0.2/eml.xsd"
         packageId="81e4afd9-0b61-483d-b7fa-0690f06c8e14" system="http://gbif.org" scope="system"
         xml:lang="en">

<dataset>
    <alternateIdentifier system="GBIF_PORTAL">14194</alternateIdentifier>
  <title>ISU Mammals</title>
<creator>
    <individualName>
        <givenName>Gretchen</givenName>
      <surName>Knapp</surName>
    </individualName>
    <organizationName>John Wesley Powell-Dale Birkenholz Natural History Collections</organizationName>
    <positionName>Collections Manager</positionName>
    <address>
        <deliveryPoint>411 SLB (Science Lab Building)</deliveryPoint>
        <city>Normal</city>
        <administrativeArea>IL</administrativeArea>
        <postalCode>61790-4120</postalCode>
        <country>UNITED_STATES</country>
    </address>
    <phone>+01 309-438-5556</phone>
    <electronicMailAddress>geknapp@ilstu.edu</electronicMailAddress>
</creator>
<metadataProvider>
    <individualName>
        <givenName>Gretchen</givenName>
      <surName>Knapp</surName>
    </individualName>
    <organizationName>John Wesley Powell-Dale Birkenholz Natural History Collections</organizationName>
    <positionName>Collections Manager</positionName>
    <address>
        <deliveryPoint>411 SLB (Science Lab Building)</deliveryPoint>
        <city>Normal</city>
        <administrativeArea>IL</administrativeArea>
        <postalCode>61790-4120</postalCode>
        <country>UNITED_STATES</country>
    </address>
    <phone>+01 309-438-5556</phone>
    <electronicMailAddress>geknapp@ilstu.edu</electronicMailAddress>
</metadataProvider>
<associatedParty>
    <individualName>
        <givenName>John</givenName>
      <surName>Wieczorek</surName>
    </individualName>
    <organizationName>Museum of Vertebrate Zoology at Berkeley</organizationName>
    <positionName>Information Architect</positionName>
    <electronicMailAddress>tuco@berkeley.edu</electronicMailAddress>
    <role>PROGRAMMER</role>
</associatedParty>
<associatedParty>
    <individualName>
        <givenName>David</givenName>
      <surName>Bloom</surName>
    </individualName>
    <organizationName>VertNet</organizationName>
    <positionName>VertNet Coordinator</positionName>
    <electronicMailAddress>dbloom@vertnet.org</electronicMailAddress>
    <role>PROGRAMMER</role>
</associatedParty>
<associatedParty>
    <individualName>
        <givenName>Laura</givenName>
      <surName>Russell</surName>
    </individualName>
    <organizationName>VertNet</organizationName>
    <positionName>VertNet Programmer</positionName>
    <electronicMailAddress>larussell@vertnet.org</electronicMailAddress>
    <role>PROGRAMMER</role>
</associatedParty>
<pubDate>
        2012-06-07
</pubDate>
<language>ENGLISH</language>
<abstract>
  <para>John Wesley Powell &amp; Dale Birkenholz Natural History Collections&lt;/br&gt;&lt;/br&gt;

The bird and mammal collections total over 6,000 specimens representing 560 species and 120 families, and date back to 1867. The bulk of the collections is from Illinois and the United States, with holdings also from Africa, India, Europe, and South America. We prepare salvaged birds and mammals into scientific study skins, and save stomach contents, skeletons, and frozen tissues (for DNA).</para>
</abstract>
  <intellectualRights>
    <para>John Wesley Powell-Dale Birkenholz Natural History Collections (ISU) data records may be used by individual researchers or research groups, but they may not be repackaged, resold, or redistributed in any form without the express written consent of a curatorial staff member of the John Wesley Powell-Dale Birkenholz Natural History Collections. If any of these records are used in an analysis or report, the provenance of the original data must be acknowledged and the John Wesley Powell-Dale Birkenholz Natural History Collections notified. The John Wesley Powell-Dale Birkenholz Natural History Collections and its staff are not responsible for damages, injury or loss due to the use of these data.</para>
  </intellectualRights>
  <contact>
    <individualName>
        <givenName>Dr. Angelo</givenName>
      <surName>Capparella</surName>
    </individualName>
    <organizationName>John Wesley Powell-Dale Birkenholz Natural History Collections</organizationName>
    <positionName>Curator of Vertebrates</positionName>
    <address>
        <deliveryPoint>419 SLB (Science Lab Building)</deliveryPoint>
        <city>Normal</city>
        <administrativeArea>IL</administrativeArea>
        <postalCode>61790-4120</postalCode>
        <country>UNITED_STATES</country>
    </address>
    <phone>+01 309-438-5124</phone>
    <electronicMailAddress>apcappar@ilstu.edu</electronicMailAddress>
  </contact>

</dataset>

<additionalMetadata>
  <metadata>
    <gbif>
        <dateStamp>2013-12-13T04:44:49.901+01:00</dateStamp>
        <citation>John Wesley Powell-Dale Birkenholz Natural History Collections, Illinois State University</citation>
    </gbif>
  </metadata>
</additionalMetadata>

</eml:eml>
