<eml:eml xmlns:eml="eml://ecoinformatics.org/eml-2.1.1"
         xmlns:xsi="http://www.w3.org/2001/XMLSchema-instance"
         xsi:schemaLocation="eml://ecoinformatics.org/eml-2.1.1 http://rs.gbif.org/schema/eml-gbif-profile/1.0.2/eml.xsd"
         packageId="8534df7e-f762-11e1-a439-00145eb45e9a" system="http://gbif.org" scope="system"
         xml:lang="en">

<dataset>
    <alternateIdentifier system="GBIF_PORTAL">972</alternateIdentifier>
  <title>Mammal tissues, Division of Genomic Resources, UNM, Albuquerque, NM.</title>
<creator>
</creator>
<metadataProvider>
</metadataProvider>
<associatedParty>
    <positionName>administrative contact</positionName>
</associatedParty>
<language>en</language>
<abstract>
  <para>Mammal tissues, Division of Genomic Resources, UNM, Albuquerque, NM.</para>
</abstract>
  <intellectualRights>
    <para>none</para>
  </intellectualRights>
  <distribution scope="document">
    <online>
      <url function="information">http://arctos.database.museum</url>
    </online>
  </distribution>

</dataset>

<additionalMetadata>
  <metadata>
    <gbif>
        <dateStamp>2014-01-13T11:32:30.111+01:00</dateStamp>
        <citation>Mammal tissues, Division of Genomic Resources, UNM, Albuquerque, NM.</citation>
    </gbif>
  </metadata>
</additionalMetadata>

</eml:eml>
