<eml:eml xmlns:eml="eml://ecoinformatics.org/eml-2.1.1"
         xmlns:xsi="http://www.w3.org/2001/XMLSchema-instance"
         xsi:schemaLocation="eml://ecoinformatics.org/eml-2.1.1 http://rs.gbif.org/schema/eml-gbif-profile/1.0.2/eml.xsd"
         packageId="8631295a-f762-11e1-a439-00145eb45e9a" system="http://gbif.org" scope="system"
         xml:lang="en">

<dataset>
    <alternateIdentifier system="GBIF_PORTAL">1846</alternateIdentifier>
  <title>Bird and Mammal specimens</title>
<creator>
</creator>
<metadataProvider>
</metadataProvider>
<associatedParty>
    <positionName>Programmer/Analyst</positionName>
    <phone>+01 310 825 4659</phone>
    <electronicMailAddress>rpulido@ucla.edu</electronicMailAddress>
</associatedParty>
<associatedParty>
    <positionName>Collections Manager</positionName>
    <phone>+01 310 825 1282</phone>
    <electronicMailAddress>kmolina@obee.ucla.edu</electronicMailAddress>
</associatedParty>
<language>en</language>
<abstract>
  <para>Specimen data for birds and mammals.</para>
</abstract>
  <intellectualRights>
    <para>UCLA-Dickey data records may be used by individual researchers or research groups, but they may not be repackaged, resold, or redistributed in any form without the express written consent of a curatorial staff member of the UCLA-Dickey Collections. If any of these records are used in an analysis or report, the provenance of the original data must be acknowledged and the UCLA-Dickey Collections notified. The UCLA-Dickey Collections or its staff is not responsible for damages, injury or loss due to the use of these data.</para>
  </intellectualRights>
  <distribution scope="document">
    <online>
      <url function="information">http://www.eeb.ucla.edu/dickey/index.html</url>
    </online>
  </distribution>

</dataset>

<additionalMetadata>
  <metadata>
    <gbif>
        <dateStamp>2014-01-13T11:33:45.177+01:00</dateStamp>
        <citation>UCLA-Dickey</citation>
    </gbif>
  </metadata>
</additionalMetadata>

</eml:eml>
