<eml:eml xmlns:eml="eml://ecoinformatics.org/eml-2.1.1"
         xmlns:xsi="http://www.w3.org/2001/XMLSchema-instance"
         xsi:schemaLocation="eml://ecoinformatics.org/eml-2.1.1 http://rs.gbif.org/schema/eml-gbif-profile/1.0.2/eml.xsd"
         packageId="8642bfd0-f762-11e1-a439-00145eb45e9a" system="http://gbif.org" scope="system"
         xml:lang="en">

<dataset>
    <alternateIdentifier system="GBIF_PORTAL">1866</alternateIdentifier>
  <title>inatura - Erlebnis Naturschau Dornbirn</title>
<creator>
</creator>
<metadataProvider>
</metadataProvider>
<language>en</language>
<abstract>
  <para></para>
</abstract>

</dataset>

<additionalMetadata>
  <metadata>
    <gbif>
        <dateStamp>2009-03-12T01:51:41.000+01:00</dateStamp>
        <citation>inatura - Erlebnis Naturschau Dornbirn: inatura - Erlebnis Naturschau Dornbirn</citation>
    </gbif>
  </metadata>
</additionalMetadata>

</eml:eml>
