<eml:eml xmlns:eml="eml://ecoinformatics.org/eml-2.1.1"
         xmlns:xsi="http://www.w3.org/2001/XMLSchema-instance"
         xsi:schemaLocation="eml://ecoinformatics.org/eml-2.1.1 http://rs.gbif.org/schema/eml-gbif-profile/1.0.2/eml.xsd"
         packageId="88f6e4f4-f762-11e1-a439-00145eb45e9a" system="http://gbif.org" scope="system"
         xml:lang="en">

<dataset>
    <alternateIdentifier system="GBIF_PORTAL">2493</alternateIdentifier>
  <title>Colección de Mamíferos del Museo de Zoología &apos;Alfonso L . Herrera&apos;, México (MZFC, UNAM)</title>
<creator>
</creator>
<metadataProvider>
</metadataProvider>
<associatedParty>
    <positionName>M. en C.</positionName>
    <phone>(52) 55-5622 4832</phone>
    <electronicMailAddress>llp@hp.fciencias.unam.mx</electronicMailAddress>
</associatedParty>
<associatedParty>
    <positionName>Bióloga</positionName>
    <phone>(52) 55-50044966</phone>
    <electronicMailAddress>scareaga@conabio.gob.mx</electronicMailAddress>
</associatedParty>
<language>en</language>
<abstract>
  <para>La base de datos de la Colección de Mamíferos del Museo de Zoología &quot;Alfonso L. Herrera&quot; incluye información de especímenes colectados en el Parque Ecológico Estatal de Omiltemi, Chilpancingo, Guerrero; en la región de Los Chimalapas ubicada en el este del estado de Oaxaca, colindando con Chiapas y Veracruz, e incluye la Sierra Atravesada, la Sierra de Tres Picos y la Sierra Espinazo del Diablo y las cuencas de los ríos Corte y el Alto Uxpanapa y en el estado de Querétaro, en la Sierra Gorda. La Colección contiene 6 652 registros pertenecientes a 27 familias, 104 géneros y 197 especies, y pertenece al SNIB.</para>
</abstract>

</dataset>

<additionalMetadata>
  <metadata>
    <gbif>
        <dateStamp>2014-01-13T11:36:38.258+01:00</dateStamp>
        <citation>Colección de Mamíferos del Museo de Zoología &apos;Alfonso L . Herrera&apos;, México (MZFC, UNAM)</citation>
    </gbif>
  </metadata>
</additionalMetadata>

</eml:eml>
