<eml:eml xmlns:eml="eml://ecoinformatics.org/eml-2.1.1"
         xmlns:xsi="http://www.w3.org/2001/XMLSchema-instance"
         xsi:schemaLocation="eml://ecoinformatics.org/eml-2.1.1 http://rs.gbif.org/schema/eml-gbif-profile/1.0.2/eml.xsd"
         packageId="8c9d6286-f762-11e1-a439-00145eb45e9a" system="http://gbif.org" scope="system"
         xml:lang="en">

<dataset>
    <alternateIdentifier system="DOI">10.1594/PANGAEA.63899</alternateIdentifier>
    <alternateIdentifier system="GBIF_PORTAL">6121</alternateIdentifier>
  <title>Occurrence of mammalia relicts at site Felsdach Inzighofen</title>
<creator>
</creator>
<metadataProvider>
</metadataProvider>
<associatedParty>
</associatedParty>
<language>en</language>
<abstract>
  <para></para>
</abstract>
  <distribution scope="document">
    <online>
      <url function="information">http://doi.pangaea.de/doi:10.1594/PANGAEA.63899</url>
    </online>
  </distribution>

</dataset>

<additionalMetadata>
  <metadata>
    <gbif>
        <dateStamp>2014-01-13T12:44:00.177+01:00</dateStamp>
        <citation>Boessneck, J (2001): Occurrence of mammalia relicts at site Felsdach Inzighofen. doi:10.1594/PANGAEA.63899</citation>
    </gbif>
  </metadata>
</additionalMetadata>

</eml:eml>
