<eml:eml xmlns:eml="eml://ecoinformatics.org/eml-2.1.1"
         xmlns:xsi="http://www.w3.org/2001/XMLSchema-instance"
         xsi:schemaLocation="eml://ecoinformatics.org/eml-2.1.1 http://rs.gbif.org/schema/eml-gbif-profile/1.0.2/eml.xsd"
         packageId="b211f32f-326b-43d3-8012-2fbce0cc6dcc" system="http://gbif.org" scope="system"
         xml:lang="en">

<dataset>
    <alternateIdentifier system="GBIF_PORTAL">14895</alternateIdentifier>
  <title>MSB Host Collection (Arctos)</title>
<creator>
    <individualName>
        <givenName>Sara</givenName>
      <surName>Brant</surName>
    </individualName>
    <organizationName>Museum of Southwestern Biology</organizationName>
    <positionName>Collection Manager, Parasitology</positionName>
    <address>
        <deliveryPoint>University of New Mexico</deliveryPoint>
        <city>Albuquerque</city>
        <administrativeArea>NM</administrativeArea>
        <postalCode>87131-0001</postalCode>
        <country>UNITED_STATES</country>
    </address>
    <phone>(505) 277-8171</phone>
    <electronicMailAddress>sbrant@unm.edu</electronicMailAddress>
</creator>
<metadataProvider>
    <individualName>
        <givenName>Sara</givenName>
      <surName>Brant</surName>
    </individualName>
    <organizationName>Museum of Southwestern Biology</organizationName>
    <positionName>Collection Manager, Parasitology</positionName>
    <address>
        <deliveryPoint>University of New Mexico</deliveryPoint>
        <city>Albuquerque</city>
        <administrativeArea>NM</administrativeArea>
        <postalCode>87131-0001</postalCode>
        <country>UNITED_STATES</country>
    </address>
    <phone>(505) 277-8171</phone>
    <electronicMailAddress>sbrant@unm.edu</electronicMailAddress>
</metadataProvider>
<associatedParty>
    <individualName>
        <givenName>Gordon</givenName>
      <surName>Jarrell</surName>
    </individualName>
    <organizationName>Museum of Southwestern Biology</organizationName>
    <address>
        <deliveryPoint>University of New Mexico</deliveryPoint>
        <city>Albuquerque</city>
        <administrativeArea>NM</administrativeArea>
        <postalCode>87131-0001</postalCode>
        <country>UNITED_STATES</country>
    </address>
    <electronicMailAddress>gordon.jarrellj@gmail.com</electronicMailAddress>
    <role>POINT_OF_CONTACT</role>
</associatedParty>
<associatedParty>
    <individualName>
        <givenName>Mariel</givenName>
      <surName>Campbell</surName>
    </individualName>
    <organizationName>Museum of Southwestern Biology</organizationName>
    <address>
        <deliveryPoint>University of New Mexico</deliveryPoint>
        <city>Albuquerque</city>
        <administrativeArea>NM</administrativeArea>
        <postalCode>87131-0001</postalCode>
        <country>UNITED_STATES</country>
    </address>
    <electronicMailAddress>campbell@carachupa.org</electronicMailAddress>
    <role>POINT_OF_CONTACT</role>
</associatedParty>
<associatedParty>
    <individualName>
        <givenName>Eric</givenName>
      <surName>Loker</surName>
    </individualName>
    <organizationName>Museum of Southwestern Biology</organizationName>
    <positionName>Curator of Parasitology</positionName>
    <address>
        <deliveryPoint>University of New Mexico</deliveryPoint>
        <city>Albuquerque</city>
        <administrativeArea>NM</administrativeArea>
        <postalCode>87131-0001</postalCode>
        <country>UNITED_STATES</country>
    </address>
    <phone>(505) 277-2124</phone>
    <electronicMailAddress>esloker@unm.edu</electronicMailAddress>
    <role>POINT_OF_CONTACT</role>
</associatedParty>
<associatedParty>
    <individualName>
        <givenName>Dusty</givenName>
      <surName>McDonald</surName>
    </individualName>
    <organizationName>University of Alaska Museum</organizationName>
    <positionName>Arctos Database Programmer</positionName>
    <electronicMailAddress>dlmcdonald@alaska.edu</electronicMailAddress>
    <role>POINT_OF_CONTACT</role>
</associatedParty>
<associatedParty>
    <individualName>
        <givenName>John</givenName>
      <surName>Wieczorek</surName>
    </individualName>
    <organizationName>Museum of Vertebrate Zoology at UC Berkeley</organizationName>
    <positionName>Information Architect</positionName>
    <electronicMailAddress>tuco@berkeley.edu</electronicMailAddress>
    <role>PROGRAMMER</role>
</associatedParty>
<associatedParty>
    <individualName>
        <givenName>David</givenName>
      <surName>Bloom</surName>
    </individualName>
    <positionName>VertNet Coordinator</positionName>
    <electronicMailAddress>dbloom@vertnet.org</electronicMailAddress>
    <role>PROGRAMMER</role>
</associatedParty>
<associatedParty>
    <individualName>
        <givenName>Laura</givenName>
      <surName>Russell</surName>
    </individualName>
    <organizationName>VertNet</organizationName>
    <positionName>VertNet Programmer</positionName>
    <electronicMailAddress>larussell@vertnet.org</electronicMailAddress>
    <role>PROGRAMMER</role>
</associatedParty>
<pubDate>
        2014-03-01
</pubDate>
<language>ENGLISH</language>
<abstract>
  <para>The MSB Division of Parasitology maintains data on the host organisms of parasites in the MSB Parasite Collection. These are mostly observations rather than specimen records, and taxonomic determinations are often based upon the parasitologist&apos;s notation. Hosts with specimen vouchers in other Arctos collections are related to the records in those collections.</para>
</abstract>
  <keywordSet>
      <keyword>Occurrence</keyword>
      <keywordThesaurus>GBIF Dataset Type Vocabulary: http://rs.gbif.org/vocabulary/gbif/dataset_type.xml</keywordThesaurus>
  </keywordSet>
  <keywordSet>
      <keyword>Specimen</keyword>
      <keywordThesaurus>GBIF Dataset Subtype Vocabulary: http://rs.gbif.org/vocabulary/gbif/dataset_subtype.xml</keywordThesaurus>
  </keywordSet>
  <intellectualRights>
    <para>The data and media available through Arctos are the property of the originating institution, with all rights reserved. These records are intended for use in education and research and may not be repackaged, redistributed, or sold in any form without prior written consent from the collection(s) holding such data. Users wishing to include Arctos data or media in publications, reports, websites, or other means of dissemination must acknowledge the provenance of the original data, cite the institutional catalog number(s), and notify the appropriate curator. The date that information was accessed should be cited when downloaded data are used in published analyses. These are secondary data and their accuracy is not guaranteed. Citation of Arctos is no substitute for examination of specimens. The data providers are not responsible for loss or damages due to use of these data. http://arctosdb.org/home/data/ &lt;/br&gt;&lt;/br&gt;</para>
  </intellectualRights>
  <distribution scope="document">
    <online>
      <url function="information">http://www.msb.unm.edu/parasites</url>
    </online>
  </distribution>
  <coverage>
      <geographicCoverage>
          <geographicDescription>The MSB host data has global representation.</geographicDescription>
        <boundingCoordinates>
          <westBoundingCoordinate>-180</westBoundingCoordinate>
          <eastBoundingCoordinate>180</eastBoundingCoordinate>
          <northBoundingCoordinate>90</northBoundingCoordinate>
          <southBoundingCoordinate>-90</southBoundingCoordinate>
        </boundingCoordinates>
      </geographicCoverage>
      <temporalCoverage>
      </temporalCoverage>
        <taxonomicCoverage>
            <taxonomicClassification>
                <taxonRankName>CLASS</taxonRankName>
              <taxonRankValue>Mammalia, Aves, Actinopterygii, Gastropoda, Osteichthyes, Chondrichthyes</taxonRankValue>
            </taxonomicClassification>
        </taxonomicCoverage>
  </coverage>
  <contact>
    <individualName>
        <givenName>Sara Brant</givenName>
      <surName>Brant</surName>
    </individualName>
    <organizationName>Museum of Southwestern Biology</organizationName>
    <positionName>Collection Manager, Parasitology</positionName>
    <address>
        <deliveryPoint>University of New Mexico, Albuquerque, NM US, 87131-0001</deliveryPoint>
        <city>Albuquerque</city>
        <administrativeArea>NM</administrativeArea>
        <postalCode>87131-0001</postalCode>
        <country>UNITED_STATES</country>
    </address>
    <phone>(505) 277-8171</phone>
    <electronicMailAddress>sbrant@unm.edu</electronicMailAddress>
  </contact>

</dataset>

<additionalMetadata>
  <metadata>
    <gbif>
        <dateStamp>2014-03-26T10:00:14.333+01:00</dateStamp>
        <citation>Museum of Southwestern Biology (MSB) Division of Parasitology</citation>
        <livingTimePeriod>1937 to present</livingTimePeriod>
    </gbif>
  </metadata>
</additionalMetadata>

</eml:eml>
