<eml:eml xmlns:eml="eml://ecoinformatics.org/eml-2.1.1"
         xmlns:xsi="http://www.w3.org/2001/XMLSchema-instance"
         xsi:schemaLocation="eml://ecoinformatics.org/eml-2.1.1 http://rs.gbif.org/schema/eml-gbif-profile/1.0.2/eml.xsd"
         packageId="d0e133c0-6c8a-11de-8226-b8a03c50a862" system="http://gbif.org" scope="system"
         xml:lang="en">

<dataset>
    <alternateIdentifier system="GBIF_PORTAL">14120</alternateIdentifier>
  <title>Queen Victoria Museum Art Gallery provider for OZCAM</title>
<creator>
    <organizationName>OZCAM (Online Zoological Collections of Australian Museums) Provider</organizationName>
</creator>
<metadataProvider>
    <organizationName>OZCAM (Online Zoological Collections of Australian Museums) Provider</organizationName>
</metadataProvider>
<associatedParty>
    <organizationName>Queen Victoria Museum and Art Gallery</organizationName>
    <address>
        <deliveryPoint>2 Invermay Road</deliveryPoint>
        <city>Launceston</city>
        <administrativeArea>Tasmania</administrativeArea>
        <postalCode>7248</postalCode>
        <country>AUSTRALIA</country>
    </address>
    <phone>+61 (3) 6323 3777</phone>
    <electronicMailAddress>enquiries@qvmag.tas.gov.au</electronicMailAddress>
    <role>ORIGINATOR</role>
</associatedParty>
<associatedParty>
    <organizationName>Atlas of Living Australia (ALA)</organizationName>
    <address>
        <deliveryPoint>CSIRO Black Mountain Laboratories, Clunies Ross Street, ACTON</deliveryPoint>
        <city>Canberra</city>
        <administrativeArea>ACT</administrativeArea>
        <postalCode>2601</postalCode>
        <country>AUSTRALIA</country>
    </address>
    <electronicMailAddress>info@ala.org.au</electronicMailAddress>
    <role>DISTRIBUTOR</role>
</associatedParty>
<pubDate>
        2012-04-05
</pubDate>
<language>ENGLISH</language>
<abstract>
  <para>Queen Victoria Museum Art Gallery provider for OZCAM</para>
</abstract>
  <contact>
    <individualName>
        <givenName>OZCAM</givenName>
      <surName>Webmaster</surName>
    </individualName>
    <positionName>Webmaster</positionName>
    <electronicMailAddress>OZCAM.CHAFC@gmail.com</electronicMailAddress>
  </contact>

</dataset>

<additionalMetadata>
  <metadata>
    <gbif>
        <dateStamp>2010-05-04T12:02:18.000+02:00</dateStamp>
        <citation>Queen Victoria Museum and Art Gallery: Queen Victoria Museum Art Gallery provider for OZCAM</citation>
    </gbif>
  </metadata>
</additionalMetadata>

</eml:eml>
