<eml:eml xmlns:eml="eml://ecoinformatics.org/eml-2.1.1"
         xmlns:xsi="http://www.w3.org/2001/XMLSchema-instance"
         xsi:schemaLocation="eml://ecoinformatics.org/eml-2.1.1 http://rs.gbif.org/schema/eml-gbif-profile/1.0.2/eml.xsd"
         packageId="ff6421c1-b69b-4e81-804d-142c71c1a982" system="http://gbif.org" scope="system"
         xml:lang="en">

<dataset>
    <alternateIdentifier system="GBIF_PORTAL">12729</alternateIdentifier>
  <title>Rotherham Biological Records Centre - Rotherham Biological Records Centre - Non-sensitive Records from all taxonomic groups</title>
<creator>
</creator>
<metadataProvider>
</metadataProvider>
<language>en</language>
<abstract>
  <para>NBN Gateway Dataset GA000843</para>
</abstract>
  <distribution scope="document">
    <online>
      <url function="information">http://data.nbn.org.uk/datasetInfo/taxonDataset.jsp?dsKey=GA000843</url>
    </online>
  </distribution>

</dataset>

<additionalMetadata>
  <metadata>
    <gbif>
        <dateStamp>2011-03-15T10:45:04.000+01:00</dateStamp>
        <citation>UK National Biodiversity Network: Rotherham Biological Records Centre - Rotherham Biological Records Centre - Non-sensitive Records from all taxonomic groups</citation>
    </gbif>
  </metadata>
</additionalMetadata>

</eml:eml>
