<eml:eml xmlns:eml="eml://ecoinformatics.org/eml-2.1.1"
         xmlns:xsi="http://www.w3.org/2001/XMLSchema-instance"
         xsi:schemaLocation="eml://ecoinformatics.org/eml-2.1.1 http://rs.gbif.org/schema/eml-gbif-profile/1.0.2/eml.xsd"
         packageId="0943f690-fde5-11dd-83f4-b8a03c50a862" system="http://gbif.org" scope="system"
         xml:lang="en">

<dataset>
    <alternateIdentifier system="GBIF_PORTAL">8113</alternateIdentifier>
  <title>Phanerogamic Botanical Collections (S)</title>
<creator>
</creator>
<metadataProvider>
</metadataProvider>
<associatedParty>
    <positionName>[data administrator]</positionName>
    <electronicMailAddress>krypto-s@nrm.se</electronicMailAddress>
</associatedParty>
<associatedParty>
    <positionName>[data administrator]</positionName>
    <electronicMailAddress>anders.telenius@nrm.se</electronicMailAddress>
</associatedParty>
<associatedParty>
    <positionName>[data administrator]</positionName>
    <electronicMailAddress>fredrik.ronquist@nrm.se</electronicMailAddress>
</associatedParty>
<associatedParty>
    <positionName>[data administrator, system administrator]</positionName>
    <phone>+46 8 5195 4045</phone>
    <electronicMailAddress>mickael.graf@nrm.se</electronicMailAddress>
</associatedParty>
<language>en</language>
<abstract>
  <para>This database contains information on the specimens in the Phanerogamic Botanical Collections of the Swedish Museum of Natural History.</para>
</abstract>
  <distribution scope="document">
    <online>
      <url function="information">http://www.gbif.se/tapir/tapir.php/s-fbo</url>
    </online>
  </distribution>

</dataset>

<additionalMetadata>
  <metadata>
    <gbif>
        <dateStamp>2014-01-13T11:45:03.949+01:00</dateStamp>
        <citation>GBIF-Sweden: Phanerogamic Botanical Collections (S)</citation>
    </gbif>
  </metadata>
</additionalMetadata>

</eml:eml>
