<eml:eml xmlns:eml="eml://ecoinformatics.org/eml-2.1.1"
         xmlns:xsi="http://www.w3.org/2001/XMLSchema-instance"
         xsi:schemaLocation="eml://ecoinformatics.org/eml-2.1.1 http://rs.gbif.org/schema/eml-gbif-profile/1.0.2/eml.xsd"
         packageId="139c8540-af9e-11db-ad75-b8a03c50a862" system="http://gbif.org" scope="system"
         xml:lang="en">

<dataset>
    <alternateIdentifier system="GBIF_PORTAL">11319</alternateIdentifier>
  <title>Herbarium WRSL, Flora of the Silesia</title>
<creator>
</creator>
<metadataProvider>
</metadataProvider>
<language>en</language>
<abstract>
  <para>The dataset covers information about specimens of vascular plants collected within the area of Silesia region (SW Poland) from the end of 19th century to date.</para>
</abstract>
  <distribution scope="document">
    <online>
      <url function="information">http://tapir.gbif.pl/tapir/tapir.php/uwr-mnhw-wrsl-silesia</url>
    </online>
  </distribution>

</dataset>

<additionalMetadata>
  <metadata>
    <gbif>
        <dateStamp>2013-05-08T05:28:24.000+02:00</dateStamp>
        <citation>Wrocław University, Museum of Natural History: Herbarium WRSL, Flora of the Silesia</citation>
    </gbif>
  </metadata>
</additionalMetadata>

</eml:eml>
