<eml:eml xmlns:eml="eml://ecoinformatics.org/eml-2.1.1"
         xmlns:xsi="http://www.w3.org/2001/XMLSchema-instance"
         xsi:schemaLocation="eml://ecoinformatics.org/eml-2.1.1 http://rs.gbif.org/schema/eml-gbif-profile/1.0.2/eml.xsd"
         packageId="1bc84a67-c558-4844-9873-a79c90e01185" system="http://gbif.org" scope="system"
         xml:lang="en">

<dataset>
    <alternateIdentifier system="GBIF_PORTAL">12702</alternateIdentifier>
  <title>South East Wales Biodiversity Records Centre - CCW Regional Data : South East Wales Non-sensitive Species Records</title>
<creator>
</creator>
<metadataProvider>
</metadataProvider>
<language>en</language>
<abstract>
  <para>NBN Gateway Dataset GA000823</para>
</abstract>
  <distribution scope="document">
    <online>
      <url function="information">http://data.nbn.org.uk/datasetInfo/taxonDataset.jsp?dsKey=GA000823</url>
    </online>
  </distribution>

</dataset>

<additionalMetadata>
  <metadata>
    <gbif>
        <dateStamp>2010-12-10T03:37:03.000+01:00</dateStamp>
        <citation>UK National Biodiversity Network: South East Wales Biodiversity Records Centre - CCW Regional Data : South East Wales Non-sensitive Species Records</citation>
    </gbif>
  </metadata>
</additionalMetadata>

</eml:eml>
