<eml:eml xmlns:eml="eml://ecoinformatics.org/eml-2.1.1"
         xmlns:xsi="http://www.w3.org/2001/XMLSchema-instance"
         xsi:schemaLocation="eml://ecoinformatics.org/eml-2.1.1 http://rs.gbif.org/schema/eml-gbif-profile/1.0.2/eml.xsd"
         packageId="1c334170-7ed1-11df-8c4a-0800200c9a66" system="http://gbif.org" scope="system"
         xml:lang="en">

<dataset>
    <alternateIdentifier system="GBIF_PORTAL">222</alternateIdentifier>
  <title>SANT herbarium vascular plants collection</title>
<creator>
</creator>
<metadataProvider>
</metadataProvider>
<associatedParty>
    <positionName>[data administrator]</positionName>
    <phone>+34 881814977</phone>
    <electronicMailAddress>javier.amigo.vazquez@usc.es</electronicMailAddress>
</associatedParty>
<associatedParty>
    <positionName>[data administrator, system administrator]</positionName>
    <phone>+34 881815022</phone>
    <electronicMailAddress>sant.herbarium@gmail.com</electronicMailAddress>
</associatedParty>
<language>en</language>
<abstract>
  <para>SANT is the main source of information about vascular plants from Galicia (Northwest Spain)</para>
</abstract>
  <distribution scope="document">
    <online>
      <url function="information">http://sant.usc.es/tapirlink/tapir.php/SANT</url>
    </online>
  </distribution>

</dataset>

<additionalMetadata>
  <metadata>
    <gbif>
        <dateStamp>2014-03-26T09:13:00.875+01:00</dateStamp>
        <citation>Herbario SANT, Universidade de Santiago de Compostela: SANT herbarium vascular plants collection</citation>
    </gbif>
  </metadata>
</additionalMetadata>

</eml:eml>
