<eml:eml xmlns:eml="eml://ecoinformatics.org/eml-2.1.1"
         xmlns:xsi="http://www.w3.org/2001/XMLSchema-instance"
         xsi:schemaLocation="eml://ecoinformatics.org/eml-2.1.1 http://rs.gbif.org/schema/eml-gbif-profile/1.0.2/eml.xsd"
         packageId="41103800-0e2e-11de-b8e6-b8a03c50a862" system="http://gbif.org" scope="system"
         xml:lang="en">

<dataset>
    <alternateIdentifier system="GBIF_PORTAL">8157</alternateIdentifier>
  <title>Araneae Collection</title>
<creator>
</creator>
<metadataProvider>
</metadataProvider>
<language>en</language>
<abstract>
  <para>The Database includes information about specimens of the Arachnida Collection of the Museum and Institute of Zoology Polish Academy of Sciences, Warszawa. There is the material of 8 families (Agelenidae, Amaurobiidae, Anyphaenidae, Corinnidae, Cybaeidae, Desidae, Dictynidae, Hahniidae) described by W. Kulczyński, J. Prószyński, W. Staręga. This historical collection comprises about 91,000 specimens (at present the database has 10098 records).</para>
</abstract>
  <distribution scope="document">
    <online>
      <url function="information">http://tapir.gbif.pl/tapir/tapir.php/pan-miiz-araneae</url>
    </online>
  </distribution>

</dataset>

<additionalMetadata>
  <metadata>
    <gbif>
        <dateStamp>2013-05-08T05:06:32.000+02:00</dateStamp>
        <citation>Museum and Institute of Zoology, Polish Academy of Sciences: Araneae Collection</citation>
    </gbif>
  </metadata>
</additionalMetadata>

</eml:eml>
