<eml:eml xmlns:eml="eml://ecoinformatics.org/eml-2.1.1"
         xmlns:xsi="http://www.w3.org/2001/XMLSchema-instance"
         xsi:schemaLocation="eml://ecoinformatics.org/eml-2.1.1 http://rs.gbif.org/schema/eml-gbif-profile/1.0.2/eml.xsd"
         packageId="454aa920-ae18-4f1c-a434-3239e75cbc49" system="http://gbif.org" scope="system"
         xml:lang="en">

<dataset>
    <alternateIdentifier system="GBIF_PORTAL">14255</alternateIdentifier>
  <title>Merseyside BioBank - North Merseyside Other Taxa (verified)</title>
<creator>
</creator>
<metadataProvider>
</metadataProvider>
<language>en</language>
<abstract>
  <para>NBN Gateway Dataset GA000995</para>
</abstract>
  <distribution scope="document">
    <online>
      <url function="information">http://data.nbn.org.uk/datasetInfo/taxonDataset.jsp?dsKey=GA000995</url>
    </online>
  </distribution>

</dataset>

<additionalMetadata>
  <metadata>
    <gbif>
        <dateStamp>2012-06-12T04:56:07.000+02:00</dateStamp>
        <citation>UK National Biodiversity Network: Merseyside BioBank - North Merseyside Other Taxa (verified)</citation>
    </gbif>
  </metadata>
</additionalMetadata>

</eml:eml>
