<eml:eml xmlns:eml="eml://ecoinformatics.org/eml-2.1.1"
         xmlns:xsi="http://www.w3.org/2001/XMLSchema-instance"
         xsi:schemaLocation="eml://ecoinformatics.org/eml-2.1.1 http://rs.gbif.org/schema/eml-gbif-profile/1.0.2/eml.xsd"
         packageId="4747636a-d019-4f30-a0c2-c930b864ad7e" system="http://gbif.org" scope="system"
         xml:lang="es">

<dataset>
  <title>Herbarium areqvipense (HUSA)</title>
<creator>
    <individualName>
        <givenName>Aurelio</givenName>
      <surName>Sanabria</surName>
    </individualName>
    <organizationName>INBio / IABIN SSTN</organizationName>
    <positionName>IPT Administrator</positionName>
</creator>
<metadataProvider>
    <individualName>
        <givenName>Aurelio</givenName>
      <surName>Sanabria</surName>
    </individualName>
    <organizationName>INBio / IABIN SSTN</organizationName>
    <positionName>IPT Administrator</positionName>
</metadataProvider>
<pubDate>
        2011-07-19
</pubDate>
<language>SPANISH</language>
<abstract>
  <para>Universidad Nacional de San Agustín - Perú</para>
</abstract>
  <contact>
    <individualName>
        <givenName>Aurelio</givenName>
      <surName>Sanabria</surName>
    </individualName>
    <organizationName>INBio / IABIN SSTN</organizationName>
    <positionName>IPT Administrator</positionName>
  </contact>

</dataset>

<additionalMetadata>
  <metadata>
    <gbif>
        <dateStamp>2014-03-07T08:58:19.446+01:00</dateStamp>
        <citation>Universidad Nacional de San Agustín (Herbarium Areqvipense HUSA): Herbarium areqvipense (HUSA)</citation>
    </gbif>
  </metadata>
</additionalMetadata>

</eml:eml>
