<eml:eml xmlns:eml="eml://ecoinformatics.org/eml-2.1.1"
         xmlns:xsi="http://www.w3.org/2001/XMLSchema-instance"
         xsi:schemaLocation="eml://ecoinformatics.org/eml-2.1.1 http://rs.gbif.org/schema/eml-gbif-profile/1.0.2/eml.xsd"
         packageId="490fd890-fd5e-11db-ace1-b8a03c50a862" system="http://gbif.org" scope="system"
         xml:lang="en">

<dataset>
    <alternateIdentifier system="GBIF_PORTAL">1861</alternateIdentifier>
  <title>Plant observations from Białowieża National Park</title>
<creator>
</creator>
<metadataProvider>
</metadataProvider>
<associatedParty>
    <positionName>[data administrator]</positionName>
    <phone>(+48) 22 5526531</phone>
    <electronicMailAddress>meron(at)biol(dot)uw(dot)edu(dot)pl</electronicMailAddress>
</associatedParty>
<associatedParty>
    <positionName>[system administrator]</positionName>
    <phone>(+48) 22 5526537</phone>
    <electronicMailAddress>ptyk(at)biol(dot)uw(dot)edu(dot)pl</electronicMailAddress>
</associatedParty>
<associatedParty>
    <positionName>[data administrator]</positionName>
    <phone>(+48) 85 6812323</phone>
    <electronicMailAddress>mn(at)bpn(dot)com(dot)pl</electronicMailAddress>
</associatedParty>
<language>en</language>
<abstract>
  <para>Plant observations in Białowieża Primary Forest noted by Małgorzata Karczewska.</para>
</abstract>
  <distribution scope="document">
    <online>
      <url function="information">http://tapir.gbif.pl/tapir/tapir.php/bpn-plant-obs</url>
    </online>
  </distribution>

</dataset>

<additionalMetadata>
  <metadata>
    <gbif>
        <dateStamp>2014-02-24T11:19:42.348+01:00</dateStamp>
        <citation>Białowieża National Park: Plant observations from Białowieża National Park</citation>
    </gbif>
  </metadata>
</additionalMetadata>

</eml:eml>
