<eml:eml xmlns:eml="eml://ecoinformatics.org/eml-2.1.1"
         xmlns:xsi="http://www.w3.org/2001/XMLSchema-instance"
         xsi:schemaLocation="eml://ecoinformatics.org/eml-2.1.1 http://rs.gbif.org/schema/eml-gbif-profile/1.0.2/eml.xsd"
         packageId="714b3be8-f762-11e1-a439-00145eb45e9a" system="http://gbif.org" scope="system"
         xml:lang="en">

<dataset>
    <alternateIdentifier system="GBIF_PORTAL">8985</alternateIdentifier>
  <title>&quot;Am Riedert&quot; im Westerzgebirge</title>
<creator>
</creator>
<metadataProvider>
</metadataProvider>
<associatedParty>
    <electronicMailAddress>mueller.tom@geo.de</electronicMailAddress>
    <role>POINT_OF_CONTACT</role>
</associatedParty>
<language>en</language>
<abstract>
  <para>This dataset holds the observations recorded during the GEO Biodiversity Day &quot;&quot;Am Riedert&quot; im Westerzgebirge&quot; in Eibenstock</para>
</abstract>
  <intellectualRights>
    <para>The use of the data is allowed only for non-profit scientific use and for non-profit nature conservation purpose. The database or part of it may only be used or copied by the written permission from the legal owner. If used for publication, we ask for a copy or an off-print. This data is copyrighted by the respective owner.</para>
  </intellectualRights>

</dataset>

<additionalMetadata>
  <metadata>
    <gbif>
        <dateStamp>2009-08-26T05:05:41.000+02:00</dateStamp>
        <citation>GEO-Tag der Artenvielfalt: &quot;Am Riedert&quot; im Westerzgebirge</citation>
    </gbif>
  </metadata>
</additionalMetadata>

</eml:eml>
