<eml:eml xmlns:eml="eml://ecoinformatics.org/eml-2.1.1"
         xmlns:xsi="http://www.w3.org/2001/XMLSchema-instance"
         xsi:schemaLocation="eml://ecoinformatics.org/eml-2.1.1 http://rs.gbif.org/schema/eml-gbif-profile/1.0.2/eml.xsd"
         packageId="733158b0-1495-11de-bab0-b8a03c50a862" system="http://gbif.org" scope="system"
         xml:lang="en">

<dataset>
    <alternateIdentifier system="GBIF_PORTAL">8171</alternateIdentifier>
  <title>KTU Pinophyta</title>
<creator>
</creator>
<metadataProvider>
</metadataProvider>
<language>en</language>
<abstract>
  <para>The base KTU Pinophyta contains over 1716 records (specimens) representing Divisio (Phylum): Pinophyta. This collection originates mainly from Poland (97%), a smaller part of collection was collected in various parts of the world (3%). The greatest part of the polish collection documents botanic scientific researchers from Silesian University and includes materials from the areas where the research has been conducted – Upper Silesia (72%) and adjacent regions (22%), a smaller part are specimens from another territory of Poland (6%).</para>
</abstract>
  <distribution scope="document">
    <online>
      <url function="information">http://tapir.gbif.pl/tapir/tapir.php/us-ktu-pinophyta</url>
    </online>
  </distribution>

</dataset>

<additionalMetadata>
  <metadata>
    <gbif>
        <dateStamp>2013-05-08T04:41:30.000+02:00</dateStamp>
        <citation>University of Silesia, Laboratory of Botanical Documentation - Herbarium KTU: KTU Pinophyta</citation>
    </gbif>
  </metadata>
</additionalMetadata>

</eml:eml>
