<eml:eml xmlns:eml="eml://ecoinformatics.org/eml-2.1.1"
         xmlns:xsi="http://www.w3.org/2001/XMLSchema-instance"
         xsi:schemaLocation="eml://ecoinformatics.org/eml-2.1.1 http://rs.gbif.org/schema/eml-gbif-profile/1.0.2/eml.xsd"
         packageId="7adf20e0-c955-11de-95c0-b8a03c50a862" system="http://gbif.org" scope="system"
         xml:lang="en">

<dataset>
    <alternateIdentifier system="GBIF_PORTAL">9167</alternateIdentifier>
  <title>Royal Botanic Garden Edinburgh Living Plant Collections (E)</title>
<creator>
    <individualName>
      <surName>Rob Cubey</surName>
    </individualName>
</creator>
<metadataProvider>
</metadataProvider>
<associatedParty>
    <individualName>
      <surName>Rob Cubey</surName>
    </individualName>
    <role>ORIGINATOR</role>
</associatedParty>
<pubDate>
        2014-03-16
</pubDate>
<language>ENGLISH</language>
<abstract>
  <para>The Royal Botanic Garden Edinburgh was established in 1670 and during the 20th century acquired three Regional Gardens – the mountainous Benmore in Argyll; Dawyck in the wooded hills of the Scottish Borders and Logan on the Gulf Stream-warmed southern peninsula of Dumfries &amp; Galloway.
        Together they represent one of the world’s largest living collections of plants.</para>
</abstract>
  <keywordSet>
      <keyword>Living Plant Specimens</keyword>
  </keywordSet>
  <intellectualRights>
    <para>Copyright Royal Botanic Garden Edinburgh. Contact us for rights to commercial use. 
http://creativecommons.org/licenses/by-nc/3.0/</para>
  </intellectualRights>
  <distribution scope="document">
    <online>
      <url function="information">http://www.rbge.org.uk/</url>
    </online>
  </distribution>

</dataset>

<additionalMetadata>
  <metadata>
    <gbif>
        <dateStamp>2014-03-18T01:47:03.521+01:00</dateStamp>
        <citation>Royal Botanic Garden Edinburgh. (2014) Living Collections Database</citation>
    </gbif>
  </metadata>
</additionalMetadata>

</eml:eml>
