<eml:eml xmlns:eml="eml://ecoinformatics.org/eml-2.1.1"
         xmlns:xsi="http://www.w3.org/2001/XMLSchema-instance"
         xsi:schemaLocation="eml://ecoinformatics.org/eml-2.1.1 http://rs.gbif.org/schema/eml-gbif-profile/1.0.2/eml.xsd"
         packageId="7f318210-2fe9-11de-816f-b8a03c50a862" system="http://gbif.org" scope="system"
         xml:lang="en">

<dataset>
    <alternateIdentifier system="GBIF_PORTAL">1794</alternateIdentifier>
  <title>Bumblebees, cuckoobees and butterflies in southern Poland</title>
<creator>
</creator>
<metadataProvider>
</metadataProvider>
<language>en</language>
<abstract>
  <para>The database covers distribution of bumblebees, cuckoobees and butterflies in southern Poland. Distribution is presented  in natural units of space delineated on the basis of geomorphic characteristics.</para>
</abstract>
  <distribution scope="document">
    <online>
      <url function="information">http://tapir.gbif.pl/tapir/tapir.php/pan-iop-kosior</url>
    </online>
  </distribution>

</dataset>

<additionalMetadata>
  <metadata>
    <gbif>
        <dateStamp>2013-05-08T04:44:29.000+02:00</dateStamp>
        <citation>Institute of Nature Conservation, Polish Academy of Sciences: Bumblebees, cuckoobees and butterflies in southern Poland</citation>
    </gbif>
  </metadata>
</additionalMetadata>

</eml:eml>
