<eml:eml xmlns:eml="eml://ecoinformatics.org/eml-2.1.1"
         xmlns:xsi="http://www.w3.org/2001/XMLSchema-instance"
         xsi:schemaLocation="eml://ecoinformatics.org/eml-2.1.1 http://rs.gbif.org/schema/eml-gbif-profile/1.0.2/eml.xsd"
         packageId="7f5260c2-f762-11e1-a439-00145eb45e9a" system="http://gbif.org" scope="system"
         xml:lang="en">

<dataset>
    <alternateIdentifier system="GBIF_PORTAL">13042</alternateIdentifier>
  <title>Natural History Museum, Vienna - Herbarium W</title>
<creator>
</creator>
<metadataProvider>
</metadataProvider>
<associatedParty>
    <address>
        <deliveryPoint>Burgring 7, A-1010 Vienna, Austria</deliveryPoint>
    </address>
    <phone>+43 (1) 52177-243</phone>
    <electronicMailAddress>ernst.vitek@nhm-wien.ac.at</electronicMailAddress>
    <role>ADMINISTRATIVE_POINT_OF_CONTACT</role>
</associatedParty>
<associatedParty>
    <address>
        <deliveryPoint>Burgring 7, A-1010 Vienna, Austria</deliveryPoint>
    </address>
    <phone>+43 (1) 52177-243</phone>
    <electronicMailAddress>ernst.vitek@nhm-wien.ac.at</electronicMailAddress>
    <role>TECHNICAL_POINT_OF_CONTACT</role>
</associatedParty>
<language>en</language>
<abstract>
  <para></para>
</abstract>
  <contact>
    <address>
        <deliveryPoint>Burgring 7, A-1010 Vienna, Austria</deliveryPoint>
    </address>
    <phone>+43 (1) 52177-243</phone>
    <electronicMailAddress>ernst.vitek@nhm-wien.ac.at</electronicMailAddress>
  </contact>

</dataset>

<additionalMetadata>
  <metadata>
    <gbif>
        <dateStamp>2014-01-13T11:32:08.779+01:00</dateStamp>
        <citation>Natural History Museum, Vienna - Herbarium W: Natural History Museum, Vienna - Herbarium W</citation>
    </gbif>
  </metadata>
</additionalMetadata>

</eml:eml>
