<eml:eml xmlns:eml="eml://ecoinformatics.org/eml-2.1.1"
         xmlns:xsi="http://www.w3.org/2001/XMLSchema-instance"
         xsi:schemaLocation="eml://ecoinformatics.org/eml-2.1.1 http://rs.gbif.org/schema/eml-gbif-profile/1.0.2/eml.xsd"
         packageId="812c1e24-f762-11e1-a439-00145eb45e9a" system="http://gbif.org" scope="system"
         xml:lang="en">

<dataset>
    <alternateIdentifier system="GBIF_PORTAL">13502</alternateIdentifier>
  <title>Dataflos</title>
<creator>
</creator>
<metadataProvider>
</metadataProvider>
<associatedParty>
    <address>
        <deliveryPoint>Botanický ústav SAV, Dúbravská cesta 9, 841 01 Bratislava 4, Slovakia</deliveryPoint>
    </address>
    <electronicMailAddress>pavol.mereda@savba.sk</electronicMailAddress>
    <role>ADMINISTRATIVE_POINT_OF_CONTACT</role>
</associatedParty>
<associatedParty>
    <address>
        <deliveryPoint>Botanický ústav SAV, Dúbravská cesta 9, 841 01 Bratislava 4, Slovakia</deliveryPoint>
    </address>
    <phone>+421 2 594 26 169</phone>
    <electronicMailAddress>matus.kempa@savba.sk</electronicMailAddress>
    <role>TECHNICAL_POINT_OF_CONTACT</role>
</associatedParty>
<language>en</language>
<abstract>
  <para>It gathers complete (domestic or foreign) information of herbarium data, literature data as well as non-published records of non-vascular and vascular plants in Slovakia. It also gathers the herbarium data of plants occurence outside of Slovakia if these are deposited in the Slovak herbaria.</para>
</abstract>
  <contact>
    <address>
        <deliveryPoint>Botanický ústav SAV, Dúbravská cesta 9, 841 01 Bratislava 4, Slovakia</deliveryPoint>
    </address>
    <electronicMailAddress>pavol.mereda@savba.sk</electronicMailAddress>
  </contact>

</dataset>

<additionalMetadata>
  <metadata>
    <gbif>
        <dateStamp>2014-01-13T11:33:39.889+01:00</dateStamp>
        <citation>INSTITUTE OF BOTANY S.A.S.: Dataflos</citation>
        <resourceLogoUrl>http://ibot.sav.sk/images/logo_nove_pismo.png</resourceLogoUrl>
    </gbif>
  </metadata>
</additionalMetadata>

</eml:eml>
