<eml:eml xmlns:eml="eml://ecoinformatics.org/eml-2.1.1"
         xmlns:xsi="http://www.w3.org/2001/XMLSchema-instance"
         xsi:schemaLocation="eml://ecoinformatics.org/eml-2.1.1 http://rs.gbif.org/schema/eml-gbif-profile/1.0.2/eml.xsd"
         packageId="82b2150a-f762-11e1-a439-00145eb45e9a" system="http://gbif.org" scope="system"
         xml:lang="en">

<dataset>
    <alternateIdentifier system="GBIF_PORTAL">14176</alternateIdentifier>
  <title>Botanical Information System of Geneva</title>
<creator>
</creator>
<metadataProvider>
</metadataProvider>
<associatedParty>
    <electronicMailAddress>pierre-andre.loizeau@ville-ge.ch</electronicMailAddress>
    <role>ADMINISTRATIVE_POINT_OF_CONTACT</role>
</associatedParty>
<associatedParty>
    <electronicMailAddress>raoul.palese@ville-ge.ch</electronicMailAddress>
    <role>TECHNICAL_POINT_OF_CONTACT</role>
</associatedParty>
<language>en</language>
<abstract>
  <para>Databased specimens from the herbarium collection of the Conservatory and Botanical Gardens of the City of Geneva</para>
</abstract>
  <intellectualRights>
    <para>The use of the data is allowed only for non-profit scientific use and for non-profit nature conservation purpose.</para>
  </intellectualRights>
  <distribution scope="document">
    <online>
      <url function="information">http://www.ville-ge.ch/musinfo/bd/cjb/chg/index.php?lang=en</url>
    </online>
  </distribution>
  <contact>
    <electronicMailAddress>pierre-andre.loizeau@ville-ge.ch</electronicMailAddress>
  </contact>

</dataset>

<additionalMetadata>
  <metadata>
    <gbif>
        <dateStamp>2014-01-13T11:32:06.783+01:00</dateStamp>
        <citation>Conservatoire et Jardin botaniques de la Ville de Genève. Botanical Information System of Geneva</citation>
        <resourceLogoUrl>http://data.gbif.ch/InstitutionLogoWindow.action?institutionId=23</resourceLogoUrl>
    </gbif>
  </metadata>
</additionalMetadata>

</eml:eml>
