<eml:eml xmlns:eml="eml://ecoinformatics.org/eml-2.1.1"
         xmlns:xsi="http://www.w3.org/2001/XMLSchema-instance"
         xsi:schemaLocation="eml://ecoinformatics.org/eml-2.1.1 http://rs.gbif.org/schema/eml-gbif-profile/1.0.2/eml.xsd"
         packageId="832cb04e-f762-11e1-a439-00145eb45e9a" system="http://gbif.org" scope="system"
         xml:lang="en">

<dataset>
    <alternateIdentifier system="GBIF_PORTAL">202</alternateIdentifier>
  <title>Fairchild Tropical Botanic Garden Virtual Herbarium Darwin Core format</title>
<creator>
</creator>
<metadataProvider>
</metadataProvider>
<associatedParty>
    <electronicMailAddress>BJestrow@fairchildgarden.org</electronicMailAddress>
    <role>ADMINISTRATIVE_POINT_OF_CONTACT</role>
</associatedParty>
<associatedParty>
    <phone>305-667-1651 ext.3418</phone>
    <electronicMailAddress>mabdo@fairchildgarden.org</electronicMailAddress>
    <role>ADMINISTRATIVE_POINT_OF_CONTACT</role>
</associatedParty>
<language>en</language>
<abstract>
  <para></para>
</abstract>
  <intellectualRights>
    <para>GBIF Data Use Agreement and GBIF Data Sharing Agreement apply.</para>
  </intellectualRights>
  <distribution scope="document">
    <online>
      <url function="information">http://www.virtualherbarium.org/vh/</url>
    </online>
  </distribution>
  <contact>
    <electronicMailAddress>BJestrow@fairchildgarden.org</electronicMailAddress>
  </contact>

</dataset>

<additionalMetadata>
  <metadata>
    <gbif>
        <dateStamp>2011-04-26T10:31:43.000+02:00</dateStamp>
        <citation>Fairchild Tropical Botanic Garden Virtual Herbarium</citation>
    </gbif>
  </metadata>
</additionalMetadata>

</eml:eml>
