<eml:eml xmlns:eml="eml://ecoinformatics.org/eml-2.1.1"
         xmlns:xsi="http://www.w3.org/2001/XMLSchema-instance"
         xsi:schemaLocation="eml://ecoinformatics.org/eml-2.1.1 http://rs.gbif.org/schema/eml-gbif-profile/1.0.2/eml.xsd"
         packageId="834dcb62-f762-11e1-a439-00145eb45e9a" system="http://gbif.org" scope="system"
         xml:lang="en">

<dataset>
    <alternateIdentifier system="GBIF_PORTAL">242</alternateIdentifier>
  <title>Universidad del Paí­s Vasco/EHU, Bilbao: Herbario BIO</title>
<creator>
</creator>
<metadataProvider>
</metadataProvider>
<associatedParty>
    <phone>34-946015497</phone>
    <electronicMailAddress>gvphegam@lg.ehu.es</electronicMailAddress>
    <role>ADMINISTRATIVE_POINT_OF_CONTACT</role>
</associatedParty>
<language>en</language>
<abstract>
  <para>The University of the Basque Country. Bilbao. Herbarium BIO. This collection holds dried vascular plants in particular from the north of the Iberian Peninsula.</para>
</abstract>
  <distribution scope="document">
    <online>
      <url function="information">https://sites.google.com/site/grupoflorayvegetacion/</url>
    </online>
  </distribution>
  <contact>
    <address>
        <deliveryPoint>University of the Basque Country. Faculty of Science and Technology. Sarriena s/n Campus of Leioa, Leioa, Bizkaia ES, 48940</deliveryPoint>
    </address>
    <phone>34-946015497</phone>
    <electronicMailAddress>meme.herrera@ehu.es</electronicMailAddress>
  </contact>

</dataset>

<additionalMetadata>
  <metadata>
    <gbif>
        <dateStamp>2013-12-04T01:48:33.070+01:00</dateStamp>
        <citation>Herrera, M. et al. (2004). BIO Vascular Plants Collections on line databases.</citation>
        <resourceLogoUrl>http://www.gbif.es:8080/ipt/logo.do?r=bio</resourceLogoUrl>
    </gbif>
  </metadata>
</additionalMetadata>

</eml:eml>
