<eml:eml xmlns:eml="eml://ecoinformatics.org/eml-2.1.1"
         xmlns:xsi="http://www.w3.org/2001/XMLSchema-instance"
         xsi:schemaLocation="eml://ecoinformatics.org/eml-2.1.1 http://rs.gbif.org/schema/eml-gbif-profile/1.0.2/eml.xsd"
         packageId="834f1756-f762-11e1-a439-00145eb45e9a" system="http://gbif.org" scope="system"
         xml:lang="en">

<dataset>
    <alternateIdentifier system="GBIF_PORTAL">243</alternateIdentifier>
  <title>CeDoc de Biodiversitat Vegetal: BCN-Cormophyta</title>
<creator>
</creator>
<metadataProvider>
</metadataProvider>
<associatedParty>
    <phone>+34 93 403 70 19</phone>
    <electronicMailAddress>cedocbiv@pcb.ub.es</electronicMailAddress>
    <role>TECHNICAL_POINT_OF_CONTACT</role>
</associatedParty>
<language>en</language>
<abstract>
  <para>Cormpophyta collection of the Herbarium of the Barcelona University.</para>
</abstract>
  <intellectualRights>
    <para>The data base or part of it may only be used or copied by the written permission from the director of the CeDocBiV.</para>
  </intellectualRights>
  <distribution scope="document">
    <online>
      <url function="information">http://www.ub.es/cedocbiv/</url>
    </online>
  </distribution>

</dataset>

<additionalMetadata>
  <metadata>
    <gbif>
        <dateStamp>2012-09-27T02:34:07.000+02:00</dateStamp>
        <citation>Guardia, R. et al. (2007). Bases de dades de l&apos;Herbari BCN http://www.ub.es/cedocbiv/bancdade.htm</citation>
    </gbif>
  </metadata>
</additionalMetadata>

</eml:eml>
