<eml:eml xmlns:eml="eml://ecoinformatics.org/eml-2.1.1"
         xmlns:xsi="http://www.w3.org/2001/XMLSchema-instance"
         xsi:schemaLocation="eml://ecoinformatics.org/eml-2.1.1 http://rs.gbif.org/schema/eml-gbif-profile/1.0.2/eml.xsd"
         packageId="83529de0-f762-11e1-a439-00145eb45e9a" system="http://gbif.org" scope="system"
         xml:lang="en">

<dataset>
    <alternateIdentifier system="GBIF_PORTAL">246</alternateIdentifier>
  <title>Instituto Pirenaico de Ecología-CSIC: Herbarium JACA</title>
<creator>
</creator>
<metadataProvider>
</metadataProvider>
<associatedParty>
    <phone>34-974 356 962</phone>
    <electronicMailAddress>jolube@jolube.net</electronicMailAddress>
    <role>TECHNICAL_POINT_OF_CONTACT</role>
</associatedParty>
<associatedParty>
    <phone>34-974 356 959</phone>
    <electronicMailAddress>lvillar@ipe.csic.es</electronicMailAddress>
    <role>ADMINISTRATIVE_POINT_OF_CONTACT</role>
</associatedParty>
<associatedParty>
    <phone>34-974 356 969</phone>
    <electronicMailAddress>dgomez@ipe.csic.es</electronicMailAddress>
    <role>ADMINISTRATIVE_POINT_OF_CONTACT</role>
</associatedParty>
<language>en</language>
<abstract>
  <para>Ecological Pyrenean Institute-CSIC. Jaca (Huesca) SPAIN. Herbarium</para>
</abstract>
  <distribution scope="document">
    <online>
      <url function="information">http://www.ipe.csic.es/</url>
    </online>
  </distribution>
  <contact>
    <phone>34-974 356 959</phone>
    <electronicMailAddress>lvillar@ipe.csic.es</electronicMailAddress>
  </contact>

</dataset>

<additionalMetadata>
  <metadata>
    <gbif>
        <dateStamp>2012-09-27T02:34:07.000+02:00</dateStamp>
        <citation>Benito, J.L., D. Gómez and L. Villar (2004) Las bases de datos del herbario JACA en internet (Fecha de consulta).</citation>
    </gbif>
  </metadata>
</additionalMetadata>

</eml:eml>
