<eml:eml xmlns:eml="eml://ecoinformatics.org/eml-2.1.1"
         xmlns:xsi="http://www.w3.org/2001/XMLSchema-instance"
         xsi:schemaLocation="eml://ecoinformatics.org/eml-2.1.1 http://rs.gbif.org/schema/eml-gbif-profile/1.0.2/eml.xsd"
         packageId="8353c5bc-f762-11e1-a439-00145eb45e9a" system="http://gbif.org" scope="system"
         xml:lang="en">

<dataset>
    <alternateIdentifier system="GBIF_PORTAL">247</alternateIdentifier>
  <title>Jardín Botánico de Córdoba: Herbarium COA</title>
<creator>
</creator>
<metadataProvider>
</metadataProvider>
<associatedParty>
    <phone>34 957 200077</phone>
    <electronicMailAddress>herbariocoa@telefonica.net</electronicMailAddress>
    <role>TECHNICAL_POINT_OF_CONTACT</role>
</associatedParty>
<associatedParty>
    <phone>34 957 200077</phone>
    <electronicMailAddress>cr1mafee@uco.es</electronicMailAddress>
    <role>ADMINISTRATIVE_POINT_OF_CONTACT</role>
</associatedParty>
<language>en</language>
<abstract>
  <para>Botanical Garden - University of Córdoba. Herbarium</para>
</abstract>
  <distribution scope="document">
    <online>
      <url function="information">http://www.jardinbotanicodecordoba.com</url>
    </online>
  </distribution>
  <contact>
    <phone>34 957 200077</phone>
    <electronicMailAddress>cr1mafee@uco.es</electronicMailAddress>
  </contact>

</dataset>

<additionalMetadata>
  <metadata>
    <gbif>
        <dateStamp>2012-09-27T02:34:07.000+02:00</dateStamp>
        <citation>Martín-Consuegra, E. et al. (2005). COA collections online databases.</citation>
    </gbif>
  </metadata>
</additionalMetadata>

</eml:eml>
