<eml:eml xmlns:eml="eml://ecoinformatics.org/eml-2.1.1"
         xmlns:xsi="http://www.w3.org/2001/XMLSchema-instance"
         xsi:schemaLocation="eml://ecoinformatics.org/eml-2.1.1 http://rs.gbif.org/schema/eml-gbif-profile/1.0.2/eml.xsd"
         packageId="8354ecee-f762-11e1-a439-00145eb45e9a" system="http://gbif.org" scope="system"
         xml:lang="en">

<dataset>
    <alternateIdentifier system="GBIF_PORTAL">248</alternateIdentifier>
  <title>Aranzadi Zientzi Elkartea</title>
<creator>
</creator>
<metadataProvider>
</metadataProvider>
<associatedParty>
    <electronicMailAddress>botanika@aranzadi-zientziak.org</electronicMailAddress>
    <role>ADMINISTRATIVE_POINT_OF_CONTACT</role>
</associatedParty>
<language>en</language>
<abstract>
  <para>Aranzadi Zientzi Elkartea. Donostia-San SebastiÃ¡n. ARAN Herbarioa</para>
</abstract>
  <contact>
    <electronicMailAddress>botanika@aranzadi-zientziak.org</electronicMailAddress>
  </contact>

</dataset>

<additionalMetadata>
  <metadata>
    <gbif>
        <dateStamp>2012-09-27T02:34:07.000+02:00</dateStamp>
        <citation>Aranzadi Science Society: Aranzadi Zientzi Elkartea</citation>
    </gbif>
  </metadata>
</additionalMetadata>

</eml:eml>
