<eml:eml xmlns:eml="eml://ecoinformatics.org/eml-2.1.1"
         xmlns:xsi="http://www.w3.org/2001/XMLSchema-instance"
         xsi:schemaLocation="eml://ecoinformatics.org/eml-2.1.1 http://rs.gbif.org/schema/eml-gbif-profile/1.0.2/eml.xsd"
         packageId="835613da-f762-11e1-a439-00145eb45e9a" system="http://gbif.org" scope="system"
         xml:lang="en">

<dataset>
    <alternateIdentifier system="GBIF_PORTAL">249</alternateIdentifier>
  <title>Departamento de Biolog. Veg. II, Facultad de Farmacia, Universidad Complutense, Madrid: MAF</title>
<creator>
</creator>
<metadataProvider>
</metadataProvider>
<associatedParty>
    <phone>+ 34 91 3941769</phone>
    <electronicMailAddress>mafherb@farm.ucm.es</electronicMailAddress>
    <role>TECHNICAL_POINT_OF_CONTACT</role>
</associatedParty>
<language>en</language>
<abstract>
  <para>GBIFMAF Herbarium, Facultad de Farmacia, Universidad Complutense de Madrid, Plantas vasculares</para>
</abstract>

</dataset>

<additionalMetadata>
  <metadata>
    <gbif>
        <dateStamp>2012-09-27T02:34:07.000+02:00</dateStamp>
        <citation>Pizarro, J. et al. Plantas vasculares en el herbario GBIFMAF.</citation>
    </gbif>
  </metadata>
</additionalMetadata>

</eml:eml>
