<eml:eml xmlns:eml="eml://ecoinformatics.org/eml-2.1.1"
         xmlns:xsi="http://www.w3.org/2001/XMLSchema-instance"
         xsi:schemaLocation="eml://ecoinformatics.org/eml-2.1.1 http://rs.gbif.org/schema/eml-gbif-profile/1.0.2/eml.xsd"
         packageId="835ac57e-f762-11e1-a439-00145eb45e9a" system="http://gbif.org" scope="system"
         xml:lang="en">

<dataset>
    <alternateIdentifier system="GBIF_PORTAL">253</alternateIdentifier>
  <title>GBIF-PORTUGAL-Herbário João de Carvalho e Vasconcellos, I.S.A./U.T.L.</title>
<creator>
</creator>
<metadataProvider>
</metadataProvider>
<associatedParty>
    <phone>+ 351 213 653 412</phone>
    <electronicMailAddress>dalilaesanto@isa.utl.pt</electronicMailAddress>
    <role>ADMINISTRATIVE_POINT_OF_CONTACT</role>
</associatedParty>
<associatedParty>
    <phone>+ 351 213 653 318</phone>
    <electronicMailAddress>arseniop@isa.utl.pt</electronicMailAddress>
    <role>ADMINISTRATIVE_POINT_OF_CONTACT</role>
</associatedParty>
<language>en</language>
<abstract>
  <para>João de Carvalho e Vanconcellos Herbarium (Higher Institute of Agronomy; Technical University of Lisbon). Spontaneous vascular plants</para>
</abstract>
  <distribution scope="document">
    <online>
      <url function="information">http://www.isa.utl.pt/herbario/</url>
    </online>
  </distribution>
  <contact>
    <phone>+ 351 213 653 412</phone>
    <electronicMailAddress>dalilaesanto@isa.utl.pt</electronicMailAddress>
  </contact>

</dataset>

<additionalMetadata>
  <metadata>
    <gbif>
        <dateStamp>2012-09-27T02:34:07.000+02:00</dateStamp>
        <citation>GBIF-Spain: GBIF-PORTUGAL-Herbário João de Carvalho e Vasconcellos, I.S.A./U.T.L.</citation>
    </gbif>
  </metadata>
</additionalMetadata>

</eml:eml>
