<eml:eml xmlns:eml="eml://ecoinformatics.org/eml-2.1.1"
         xmlns:xsi="http://www.w3.org/2001/XMLSchema-instance"
         xsi:schemaLocation="eml://ecoinformatics.org/eml-2.1.1 http://rs.gbif.org/schema/eml-gbif-profile/1.0.2/eml.xsd"
         packageId="83d36270-e4ac-11de-ad5c-e0ddf866799d" system="http://gbif.org" scope="system"
         xml:lang="en">

<dataset>
    <alternateIdentifier system="GBIF_PORTAL">2406</alternateIdentifier>
  <title>Botanic Garden of the Finnish Museum of Natural History</title>
<creator>
</creator>
<metadataProvider>
</metadataProvider>
<language>en</language>
<abstract>
  <para>The Botanic Garden is part of the Finnish Museum of Natural History, which is a national natural-history collection. The Botanic Garden&apos;s work is based on its scientific plant collection in which the plant accessions are of known origin and thoroughly documented to serve research, teaching and education.</para>
</abstract>
  <contact>
    <electronicMailAddress>leif.schulman@helsinki.fi</electronicMailAddress>
  </contact>

</dataset>

<additionalMetadata>
  <metadata>
    <gbif>
        <dateStamp>2010-05-04T12:02:18.000+02:00</dateStamp>
        <citation>Finnish Museum of Natural History: Botanic Garden of the Finnish Museum of Natural History</citation>
    </gbif>
  </metadata>
</additionalMetadata>

</eml:eml>
