<eml:eml xmlns:eml="eml://ecoinformatics.org/eml-2.1.1"
         xmlns:xsi="http://www.w3.org/2001/XMLSchema-instance"
         xsi:schemaLocation="eml://ecoinformatics.org/eml-2.1.1 http://rs.gbif.org/schema/eml-gbif-profile/1.0.2/eml.xsd"
         packageId="84de00a0-f762-11e1-a439-00145eb45e9a" system="http://gbif.org" scope="system"
         xml:lang="en">

<dataset>
    <alternateIdentifier system="GBIF_PORTAL">734</alternateIdentifier>
  <title>Database Schema for UC Davis [Herbarium Labels]</title>
<creator>
</creator>
<metadataProvider>
</metadataProvider>
<associatedParty>
    <positionName>Curator</positionName>
    <phone>530-752-1091</phone>
    <electronicMailAddress>herbarium@ucdavis.edu</electronicMailAddress>
    <role>TECHNICAL_POINT_OF_CONTACT</role>
</associatedParty>
<language>en</language>
<abstract>
  <para>UC Davis Herbarium Collection Label voucher Information.</para>
</abstract>
  <intellectualRights>
    <para>preview data</para>
  </intellectualRights>
  <distribution scope="document">
    <online>
      <url function="information">http://herbarium.ucdavis.edu</url>
    </online>
  </distribution>

</dataset>

<additionalMetadata>
  <metadata>
    <gbif>
        <dateStamp>2012-11-06T11:30:35.000+01:00</dateStamp>
        <citation>UC Davis Herbarium</citation>
    </gbif>
  </metadata>
</additionalMetadata>

</eml:eml>
