<eml:eml xmlns:eml="eml://ecoinformatics.org/eml-2.1.1"
         xmlns:xsi="http://www.w3.org/2001/XMLSchema-instance"
         xsi:schemaLocation="eml://ecoinformatics.org/eml-2.1.1 http://rs.gbif.org/schema/eml-gbif-profile/1.0.2/eml.xsd"
         packageId="85771146-f762-11e1-a439-00145eb45e9a" system="http://gbif.org" scope="system"
         xml:lang="en">

<dataset>
    <alternateIdentifier system="GBIF_PORTAL">1100</alternateIdentifier>
  <title>Staatliches Museum für Naturkunde Stuttgart, Herbarium</title>
<creator>
</creator>
<metadataProvider>
</metadataProvider>
<associatedParty>
    <address>
        <deliveryPoint>Rosenstein 1, D-70191 Stuttgart</deliveryPoint>
    </address>
    <phone>+49 (0)711 8936 212</phone>
    <electronicMailAddress>woerz.smns@naturkundemuseum-bw.de</electronicMailAddress>
    <role>ADMINISTRATIVE_POINT_OF_CONTACT</role>
</associatedParty>
<associatedParty>
    <address>
        <deliveryPoint>Königin Luise Str. 6-8, D-14195 Berlin, Germany</deliveryPoint>
    </address>
    <electronicMailAddress>biodiversitydata@bgbm.org</electronicMailAddress>
    <role>TECHNICAL_POINT_OF_CONTACT</role>
</associatedParty>
<language>en</language>
<abstract>
  <para></para>
</abstract>
  <intellectualRights>
    <para>No part of this data base may be copied or reproduced without written permission from the legal owner.</para>
  </intellectualRights>
  <distribution scope="document">
    <online>
      <url function="information">http://www.naturkundemuseum-bw.de/stuttgart</url>
    </online>
  </distribution>
  <contact>
    <address>
        <deliveryPoint>Rosenstein 1, D-70191 Stuttgart</deliveryPoint>
    </address>
    <phone>+49 (0)711 8936 212</phone>
    <electronicMailAddress>woerz.smns@naturkundemuseum-bw.de</electronicMailAddress>
  </contact>

</dataset>

<additionalMetadata>
  <metadata>
    <gbif>
        <dateStamp>2014-03-26T09:40:43.824+01:00</dateStamp>
        <citation>Botanic Garden and Botanical Museum Berlin-Dahlem: Staatliches Museum für Naturkunde Stuttgart, Herbarium</citation>
    </gbif>
  </metadata>
</additionalMetadata>

</eml:eml>
