<eml:eml xmlns:eml="eml://ecoinformatics.org/eml-2.1.1"
         xmlns:xsi="http://www.w3.org/2001/XMLSchema-instance"
         xsi:schemaLocation="eml://ecoinformatics.org/eml-2.1.1 http://rs.gbif.org/schema/eml-gbif-profile/1.0.2/eml.xsd"
         packageId="857aa892-f762-11e1-a439-00145eb45e9a" system="http://gbif.org" scope="system"
         xml:lang="en">

<dataset>
    <alternateIdentifier system="GBIF_PORTAL">1103</alternateIdentifier>
  <title>Observations du Conservatoire botanique national du Bassin parisien.</title>
<creator>
</creator>
<metadataProvider>
</metadataProvider>
<associatedParty>
    <address>
        <deliveryPoint>36, rue Geoffroy Saint-Hilaire, Paris, France</deliveryPoint>
    </address>
    <phone>33 1 71 21 46 42</phone>
    <electronicMailAddress>vest@mnhn.fr</electronicMailAddress>
    <role>TECHNICAL_POINT_OF_CONTACT</role>
</associatedParty>
<language>en</language>
<abstract>
  <para>Système d&apos;information sur la flore du Bassin parisien, Flora.</para>
</abstract>

</dataset>

<additionalMetadata>
  <metadata>
    <gbif>
        <dateStamp>2012-04-03T12:36:27.000+02:00</dateStamp>
        <citation>Conservatoire botanique national du Bassin parisien: Observations du Conservatoire botanique national du Bassin parisien.</citation>
    </gbif>
  </metadata>
</additionalMetadata>

</eml:eml>
