<eml:eml xmlns:eml="eml://ecoinformatics.org/eml-2.1.1"
         xmlns:xsi="http://www.w3.org/2001/XMLSchema-instance"
         xsi:schemaLocation="eml://ecoinformatics.org/eml-2.1.1 http://rs.gbif.org/schema/eml-gbif-profile/1.0.2/eml.xsd"
         packageId="857cea12-f762-11e1-a439-00145eb45e9a" system="http://gbif.org" scope="system"
         xml:lang="en">

<dataset>
    <alternateIdentifier system="GBIF_PORTAL">1105</alternateIdentifier>
  <title>Herbarium Senckenbergianum Görlitz (GLM)</title>
<creator>
</creator>
<metadataProvider>
</metadataProvider>
<associatedParty>
    <address>
        <deliveryPoint>Senckenberg Museum für Naturkunde Görlitz, Postfach 300 154, 02806 Görlitz, Deutschland</deliveryPoint>
    </address>
    <phone>(+49) 03581-4760 5300</phone>
    <electronicMailAddress>karsten.wesche@senckenberg.de</electronicMailAddress>
    <role>ADMINISTRATIVE_POINT_OF_CONTACT</role>
</associatedParty>
<associatedParty>
    <address>
        <deliveryPoint>Botanisches Museum Berlin-Dahlem, Königin-Luise-Str. 6-8, 14195 Berlin, Germany</deliveryPoint>
    </address>
    <electronicMailAddress>biodiversitydata@bgbm.org</electronicMailAddress>
    <role>TECHNICAL_POINT_OF_CONTACT</role>
</associatedParty>
<language>en</language>
<abstract>
  <para>The &quot;Herbarium Lusaticum&quot; represents the flora of Upper Lusatia with 47,000 specimens of vascular plants collected over a period of 200 years. About 45,000 specimens of the &quot;Herbarium Lusaticum&quot; are digitised in the collection database.</para>
</abstract>
  <contact>
    <address>
        <deliveryPoint>Senckenberg Museum für Naturkunde Görlitz, Postfach 300 154, 02806 Görlitz, Deutschland</deliveryPoint>
    </address>
    <phone>(+49) 03581-4760 5300</phone>
    <electronicMailAddress>karsten.wesche@senckenberg.de</electronicMailAddress>
  </contact>

</dataset>

<additionalMetadata>
  <metadata>
    <gbif>
        <dateStamp>2014-03-26T09:40:44.617+01:00</dateStamp>
        <citation>Senckenberg Museum für Naturkunde Görlitz 1992 - (continuously updated): Vascular Plant Herbarium.</citation>
    </gbif>
  </metadata>
</additionalMetadata>

</eml:eml>
