<eml:eml xmlns:eml="eml://ecoinformatics.org/eml-2.1.1"
         xmlns:xsi="http://www.w3.org/2001/XMLSchema-instance"
         xsi:schemaLocation="eml://ecoinformatics.org/eml-2.1.1 http://rs.gbif.org/schema/eml-gbif-profile/1.0.2/eml.xsd"
         packageId="85802736-f762-11e1-a439-00145eb45e9a" system="http://gbif.org" scope="system"
         xml:lang="en">

<dataset>
    <alternateIdentifier system="GBIF_PORTAL">1429</alternateIdentifier>
  <title>United States National Plant Germplasm System Collection</title>
<creator>
</creator>
<metadataProvider>
</metadataProvider>
<associatedParty>
    <electronicMailAddress>marty.sachs@ars.usda.gov</electronicMailAddress>
    <role>POINT_OF_CONTACT</role>
</associatedParty>
<associatedParty>
    <electronicMailAddress>nltaylor@uky.edu</electronicMailAddress>
    <role>POINT_OF_CONTACT</role>
</associatedParty>
<associatedParty>
    <electronicMailAddress>nr6jb@ars-grin.gov</electronicMailAddress>
    <role>POINT_OF_CONTACT</role>
</associatedParty>
<associatedParty>
    <electronicMailAddress>coynec@wsu.edu</electronicMailAddress>
    <role>POINT_OF_CONTACT</role>
</associatedParty>
<associatedParty>
    <electronicMailAddress>gsor@ars-grin.gov</electronicMailAddress>
    <role>POINT_OF_CONTACT</role>
</associatedParty>
<associatedParty>
    <electronicMailAddress>jennifer_nicholson@ncsu.edu</electronicMailAddress>
    <role>POINT_OF_CONTACT</role>
</associatedParty>
<associatedParty>
    <electronicMailAddress>trchetelat@ucdavis.edu</electronicMailAddress>
    <role>POINT_OF_CONTACT</role>
</associatedParty>
<associatedParty>
    <electronicMailAddress>jfrelichowski@sparc.usda.gov</electronicMailAddress>
    <role>POINT_OF_CONTACT</role>
</associatedParty>
<associatedParty>
    <electronicMailAddress>rlnelson@uiuc.edu</electronicMailAddress>
    <role>POINT_OF_CONTACT</role>
</associatedParty>
<associatedParty>
    <electronicMailAddress>ljg@tamu.edu</electronicMailAddress>
    <role>POINT_OF_CONTACT</role>
</associatedParty>
<associatedParty>
    <electronicMailAddress>ffap2@uaf.edu</electronicMailAddress>
    <role>POINT_OF_CONTACT</role>
</associatedParty>
<associatedParty>
    <electronicMailAddress>genpf@ars-grin.gov</electronicMailAddress>
    <role>POINT_OF_CONTACT</role>
</associatedParty>
<associatedParty>
    <electronicMailAddress>abrown@fresno.ars.usda.gov</electronicMailAddress>
    <role>POINT_OF_CONTACT</role>
</associatedParty>
<associatedParty>
    <electronicMailAddress>riv@ars-grin.gov</electronicMailAddress>
    <role>POINT_OF_CONTACT</role>
</associatedParty>
<associatedParty>
    <electronicMailAddress>gary.kinard@ars.usda.gov</electronicMailAddress>
    <role>POINT_OF_CONTACT</role>
</associatedParty>
<associatedParty>
    <electronicMailAddress>hbockelman@ars-grin.gov</electronicMailAddress>
    <role>POINT_OF_CONTACT</role>
</associatedParty>
<associatedParty>
    <electronicMailAddress>dav@ars-grin.gov</electronicMailAddress>
    <role>POINT_OF_CONTACT</role>
</associatedParty>
<associatedParty>
    <electronicMailAddress>opgc@osu.edu</electronicMailAddress>
    <role>POINT_OF_CONTACT</role>
</associatedParty>
<associatedParty>
    <electronicMailAddress>larry.robertson@ars.usda.gov</electronicMailAddress>
    <role>POINT_OF_CONTACT</role>
</associatedParty>
<associatedParty>
    <electronicMailAddress>nc7@ars-grin.gov</electronicMailAddress>
    <role>POINT_OF_CONTACT</role>
</associatedParty>
<associatedParty>
    <electronicMailAddress>fzee@pbarc.ars.usda.gov</electronicMailAddress>
    <role>POINT_OF_CONTACT</role>
</associatedParty>
<associatedParty>
    <electronicMailAddress>may@ars-grin.gov</electronicMailAddress>
    <role>POINT_OF_CONTACT</role>
</associatedParty>
<associatedParty>
    <electronicMailAddress>miata@ars-grin.gov</electronicMailAddress>
    <role>POINT_OF_CONTACT</role>
</associatedParty>
<associatedParty>
    <electronicMailAddress>pgqo@ars-grin.gov</electronicMailAddress>
    <role>POINT_OF_CONTACT</role>
</associatedParty>
<associatedParty>
    <electronicMailAddress>w6ds@ars-grin.gov</electronicMailAddress>
    <role>POINT_OF_CONTACT</role>
</associatedParty>
<associatedParty>
    <electronicMailAddress>khummer@ars-grin.gov</electronicMailAddress>
    <role>POINT_OF_CONTACT</role>
</associatedParty>
<associatedParty>
    <electronicMailAddress>nakc@ars-grin.gov</electronicMailAddress>
    <role>POINT_OF_CONTACT</role>
</associatedParty>
<associatedParty>
    <electronicMailAddress>gary.pederson@ars.usda.gov</electronicMailAddress>
    <role>POINT_OF_CONTACT</role>
</associatedParty>
<associatedParty>
    <electronicMailAddress>nssl@ars-grin.gov</electronicMailAddress>
    <role>POINT_OF_CONTACT</role>
</associatedParty>
<language>en</language>
<abstract>
  <para>United States National Plant Germplasm System Collection</para>
</abstract>

</dataset>

<additionalMetadata>
  <metadata>
    <gbif>
        <dateStamp>2009-04-29T03:26:29.000+02:00</dateStamp>
        <citation>US National Plant Germplasm System: United States National Plant Germplasm System Collection</citation>
    </gbif>
  </metadata>
</additionalMetadata>

</eml:eml>
