<eml:eml xmlns:eml="eml://ecoinformatics.org/eml-2.1.1"
         xmlns:xsi="http://www.w3.org/2001/XMLSchema-instance"
         xsi:schemaLocation="eml://ecoinformatics.org/eml-2.1.1 http://rs.gbif.org/schema/eml-gbif-profile/1.0.2/eml.xsd"
         packageId="858c1c6c-f762-11e1-a439-00145eb45e9a" system="http://gbif.org" scope="system"
         xml:lang="en">

<dataset>
    <alternateIdentifier system="GBIF_PORTAL">1439</alternateIdentifier>
  <title>The Collection of Lichenicolous Fungi at the Botanische Staatssammlung München</title>
<creator>
</creator>
<metadataProvider>
</metadataProvider>
<language>en</language>
<abstract>
  <para>http://www.botanischestaatssammlung.de/DatabaseClients/BSMlichfungicoll/About.cfm</para>
</abstract>
  <intellectualRights>
    <para>© Botanische Staatssammlung München</para>
  </intellectualRights>
  <distribution scope="document">
    <online>
      <url function="information">http://www.botanischestaatssammlung.de/DatabaseClients/BSMlichfungicoll/index.html</url>
    </online>
  </distribution>
  <contact>
    <electronicMailAddress>triebel@bsm.mwn.de</electronicMailAddress>
  </contact>

</dataset>

<additionalMetadata>
  <metadata>
    <gbif>
        <dateStamp>2013-06-17T08:34:28.000+02:00</dateStamp>
        <citation>Staatliche Naturwissenschaftliche Sammlungen Bayerns: The Collection of Lichenicolous Fungi at the Botanische Staatssammlung München</citation>
        <resourceLogoUrl>http://www.botanischestaatssammlung.de/grafik/bslogo.jpg</resourceLogoUrl>
    </gbif>
  </metadata>
</additionalMetadata>

</eml:eml>
