<eml:eml xmlns:eml="eml://ecoinformatics.org/eml-2.1.1"
         xmlns:xsi="http://www.w3.org/2001/XMLSchema-instance"
         xsi:schemaLocation="eml://ecoinformatics.org/eml-2.1.1 http://rs.gbif.org/schema/eml-gbif-profile/1.0.2/eml.xsd"
         packageId="8641b120-af9d-11db-ad75-b8a03c50a862" system="http://gbif.org" scope="system"
         xml:lang="en">

<dataset>
    <alternateIdentifier system="GBIF_PORTAL">1470</alternateIdentifier>
  <title>Herbarium BSG Vascular Plants</title>
<creator>
</creator>
<metadataProvider>
</metadataProvider>
<language>en</language>
<abstract>
  <para>The database includes records prepared on the basis of plant specimens kept in the herbarium collection of the Białowieża Geobotanical Station of the Warsaw University collected in the years 1965-2006. They represent a unique record of changes caused by change in land use character in local flora. Most of the records are coming from the Białowieża Forest region and NE Poland.</para>
</abstract>
  <distribution scope="document">
    <online>
      <url function="information">http://tapir.gbif.pl/tapir/tapir.php/uw-bsg-herbarium-vascularplants</url>
    </online>
  </distribution>

</dataset>

<additionalMetadata>
  <metadata>
    <gbif>
        <dateStamp>2013-05-08T05:02:17.000+02:00</dateStamp>
        <citation>University of Warsaw, Białowieża Geobotanical Station of the Biological Faculty: Herbarium BSG Vascular Plants</citation>
    </gbif>
  </metadata>
</additionalMetadata>

</eml:eml>
