<eml:eml xmlns:eml="eml://ecoinformatics.org/eml-2.1.1"
         xmlns:xsi="http://www.w3.org/2001/XMLSchema-instance"
         xsi:schemaLocation="eml://ecoinformatics.org/eml-2.1.1 http://rs.gbif.org/schema/eml-gbif-profile/1.0.2/eml.xsd"
         packageId="86aa6b6c-f762-11e1-a439-00145eb45e9a" system="http://gbif.org" scope="system"
         xml:lang="en">

<dataset>
    <alternateIdentifier system="GBIF_PORTAL">1996</alternateIdentifier>
  <title>University Museums of Norway (MUSIT)</title>
<creator>
</creator>
<metadataProvider>
</metadataProvider>
<language>en</language>
<abstract>
  <para>Collections from university museums in Norway</para>
</abstract>
  <intellectualRights>
    <para>No</para>
  </intellectualRights>
  <distribution scope="document">
    <online>
      <url function="information">http://www.musit.uio.no</url>
    </online>
  </distribution>

</dataset>

<additionalMetadata>
  <metadata>
    <gbif>
        <dateStamp>2014-01-13T11:34:14.650+01:00</dateStamp>
        <citation>University Museums of Norway</citation>
    </gbif>
  </metadata>
</additionalMetadata>

</eml:eml>
