<eml:eml xmlns:eml="eml://ecoinformatics.org/eml-2.1.1"
         xmlns:xsi="http://www.w3.org/2001/XMLSchema-instance"
         xsi:schemaLocation="eml://ecoinformatics.org/eml-2.1.1 http://rs.gbif.org/schema/eml-gbif-profile/1.0.2/eml.xsd"
         packageId="897aa474-f762-11e1-a439-00145eb45e9a" system="http://gbif.org" scope="system"
         xml:lang="en">

<dataset>
    <alternateIdentifier system="GBIF_PORTAL">2632</alternateIdentifier>
  <title>&amp;Uuml;berall ist Wunderland</title>
<creator>
</creator>
<metadataProvider>
</metadataProvider>
<associatedParty>
    <electronicMailAddress>mueller.tom@geo.de</electronicMailAddress>
    <role>POINT_OF_CONTACT</role>
</associatedParty>
<language>en</language>
<abstract>
  <para></para>
</abstract>

</dataset>

<additionalMetadata>
  <metadata>
    <gbif>
        <dateStamp>2010-07-14T12:37:04.000+02:00</dateStamp>
        <citation>GEO-Tag der Artenvielfalt: &amp;Uuml;berall ist Wunderland</citation>
    </gbif>
  </metadata>
</additionalMetadata>

</eml:eml>
