<eml:eml xmlns:eml="eml://ecoinformatics.org/eml-2.1.1"
         xmlns:xsi="http://www.w3.org/2001/XMLSchema-instance"
         xsi:schemaLocation="eml://ecoinformatics.org/eml-2.1.1 http://rs.gbif.org/schema/eml-gbif-profile/1.0.2/eml.xsd"
         packageId="962cceea-f762-11e1-a439-00145eb45e9a" system="http://gbif.org" scope="system"
         xml:lang="en">

<dataset>
    <alternateIdentifier system="GBIF_PORTAL">8105</alternateIdentifier>
  <title>Universidad de Málaga: MGC-Cormof</title>
<creator>
</creator>
<metadataProvider>
</metadataProvider>
<associatedParty>
    <phone>+34 95 213 1912</phone>
    <electronicMailAddress>herbariomgc NOSPAM uma.es</electronicMailAddress>
</associatedParty>
<associatedParty>
    <phone>+34 95 213 1952</phone>
    <electronicMailAddress>bcabezudo NOSPAM uma.es</electronicMailAddress>
</associatedParty>
<associatedParty>
    <positionName>Systems Manager</positionName>
    <phone>+34 95 213 1415</phone>
    <electronicMailAddress>NOSPAM</electronicMailAddress>
</associatedParty>
<language>en</language>
<abstract>
  <para>El Herbario MGC pertenece a la Universidad de Málaga y está gestionado por los Servicios Centrales de Apoyo a la Investigación (SCAI). Se encuentra situado en la planta baja de la Facultad de Ciencias con una superficie aproximada de 50 m2. Las plantas están colocadas en un doble pliego e introducidas en cajas de cartón, que a su vez se hallan incluidas en armarios compactos. Todo el material es congelado y fumigado periódicamente. El Herbario incluye cerca de 85.000 pliegos, el 97% identificados a nivel de especie y todos ellos etiquetados y registrados bajo las siglas MGC. Se hallan representados fundamentalmente los grupos pertenecientes a Cormófitos (Angiospermas, Gimnospermas y Helechos), aunque también lo están algas y briófitos. Los territorios mejor representados en el Herbario corresponden a Andalucía, aunque también posee numerosas plantas procedentes del resto de España y del norte de Marruecos. Se trata de un Herbario básico en los proyectos de Flora Ibérica, Flora de Andalucía y norte de África, y Flora de Andalucía Oriental, por lo que la mayoría del material ha sido confirmado o identificado por los investigadores de dichos proyectos. En la actualidad está siendo informatizado mediante el programa Herbar del Proyecto GBIF. MGC Herbarium belongs to the University of Málaga, and has been the responsibility of the Central Research Service (SCAI) of the same university since 2011. It is placed on the ground floor in the Science Faculty, with an extension of around 50 m2. The plants are covered by a double sheet and put in pasteboard boxes, which are, at the same time, included into compact lockers. All the material is periodically frozen and fumigated. The Herbarium has nearly 85.000 sheets, 97% identified at specie level, and all of them with a label and a registration number with the letters MGC. Cormophyta groups (Angyospermae, Gymnospermae and Pteridophyta) are the most represented, although there are also Algae and Bryophyta. The majority of the plants in the Herbarium have their origin in territories of Andalusia, but it contains many plants from the rest of Spain and Northern Morocco too. It is an essential Herbarium for the projects Flora Iberica, Flora de Andalucía y norte de África, and Flora de Andalucía Oriental, so the greater part of the material has been confirmed or identified by the researchers of these projects. Nowadays, it is being computerized using GBIF Project HERBAR program.</para>
</abstract>
  <intellectualRights>
    <para>http://www.scai.uma.es/resources/documentos/HER/Condiciones_y_reservas_MGC.pdf</para>
  </intellectualRights>
  <distribution scope="document">
    <online>
      <url function="information">http://www.scai.uma.es/servicios/ciencias_vida/herbario/herbario.html</url>
    </online>
  </distribution>

</dataset>

<additionalMetadata>
  <metadata>
    <gbif>
        <dateStamp>2014-01-13T11:33:57.022+01:00</dateStamp>
        <citation>Herbario Universidad de Málaga (MGC). Herbarium collections online databases.</citation>
    </gbif>
  </metadata>
</additionalMetadata>

</eml:eml>
