<eml:eml xmlns:eml="eml://ecoinformatics.org/eml-2.1.1"
         xmlns:xsi="http://www.w3.org/2001/XMLSchema-instance"
         xsi:schemaLocation="eml://ecoinformatics.org/eml-2.1.1 http://rs.gbif.org/schema/eml-gbif-profile/1.0.2/eml.xsd"
         packageId="a4603234-322e-11e2-aba1-00145eb45e9a" system="http://gbif.org" scope="system"
         xml:lang="en">

<dataset>
    <alternateIdentifier system="GBIF_PORTAL">14569</alternateIdentifier>
  <title>The DNA and Sample Repository at AIT</title>
<creator>
</creator>
<metadataProvider>
</metadataProvider>
<associatedParty>
    <address>
        <deliveryPoint>AIT Austrian Institute of Technology GmbH, Health&amp;Environment Department, Konrad Lorenz Strasse 24, 3430 Tulln, Austria</deliveryPoint>
    </address>
    <phone>+43 50550 3530</phone>
    <electronicMailAddress>silvia.fluch@ait.ac.at</electronicMailAddress>
    <role>ADMINISTRATIVE_POINT_OF_CONTACT</role>
</associatedParty>
<associatedParty>
    <address>
        <deliveryPoint>AIT Austrian Institute of Technology GmbH, Health&amp;Environment Department, Konrad Lorenz Strasse 24, 3430 Tulln, Austria</deliveryPoint>
    </address>
    <phone>+43 50550 3630</phone>
    <electronicMailAddress>dieter.kopecky@ait.ac.at</electronicMailAddress>
    <role>TECHNICAL_POINT_OF_CONTACT</role>
</associatedParty>
<language>en</language>
<abstract>
  <para>The Repository Centre is providing access to biological material ranging from whole organisms (bacteria, fungi, plant material) to DNA samples of whole genomes (gDNA), organellar and sub-genomic clones and BACs or genes (ESTs). The core of our facility is a large automated sample storage and retrieval system. We integrate material and data from various sources all over Europe, being part of the EVOLTREE and Trees4Future networks.</para>
</abstract>
  <contact>
    <address>
        <deliveryPoint>AIT Austrian Institute of Technology GmbH, Health&amp;Environment Department, Konrad Lorenz Strasse 24, 3430 Tulln, Austria</deliveryPoint>
    </address>
    <phone>+43 50550 3530</phone>
    <electronicMailAddress>silvia.fluch@ait.ac.at</electronicMailAddress>
  </contact>

</dataset>

<additionalMetadata>
  <metadata>
    <gbif>
        <dateStamp>2014-01-13T11:32:02.001+01:00</dateStamp>
        <citation>AIT Austrian Institute of Technology GmbH: The DNA and Sample Repository at AIT</citation>
        <resourceLogoUrl>http://www.international.inra.fr/design/inra_international/images/logo_inra.png</resourceLogoUrl>
    </gbif>
  </metadata>
</additionalMetadata>

</eml:eml>
