<eml:eml xmlns:eml="eml://ecoinformatics.org/eml-2.1.1"
         xmlns:xsi="http://www.w3.org/2001/XMLSchema-instance"
         xsi:schemaLocation="eml://ecoinformatics.org/eml-2.1.1 http://rs.gbif.org/schema/eml-gbif-profile/1.0.2/eml.xsd"
         packageId="ad9a17b0-ad1f-11db-9793-b8a03c50a862" system="http://gbif.org" scope="system"
         xml:lang="en">

<dataset>
    <alternateIdentifier system="GBIF_PORTAL">1457</alternateIdentifier>
  <title>Collembola Collection</title>
<creator>
</creator>
<metadataProvider>
</metadataProvider>
<language>en</language>
<abstract>
  <para>The Database of Collembola includes information about specimens which are preserved in the Zoological Collection MIZ. Material was collected during faunistic and ecological researches  in the river valleys: the Biebrza, the Narew, the Warta and the Wisła Rivers. The material is identified to the species level. The data were verified by doctor Maria Sterzyńska.</para>
</abstract>
  <distribution scope="document">
    <online>
      <url function="information">http://tapir.gbif.pl/tapir/tapir.php/pan-miiz-collembola</url>
    </online>
  </distribution>

</dataset>

<additionalMetadata>
  <metadata>
    <gbif>
        <dateStamp>2013-05-08T05:07:41.000+02:00</dateStamp>
        <citation>Museum and Institute of Zoology, Polish Academy of Sciences: Collembola Collection</citation>
    </gbif>
  </metadata>
</additionalMetadata>

</eml:eml>
