<eml:eml xmlns:eml="eml://ecoinformatics.org/eml-2.1.1"
         xmlns:xsi="http://www.w3.org/2001/XMLSchema-instance"
         xsi:schemaLocation="eml://ecoinformatics.org/eml-2.1.1 http://rs.gbif.org/schema/eml-gbif-profile/1.0.2/eml.xsd"
         packageId="b0f917c0-a75b-11dd-b1b0-b8a03c50a862" system="http://gbif.org" scope="system"
         xml:lang="en">

<dataset>
    <alternateIdentifier system="GBIF_PORTAL">7945</alternateIdentifier>
  <title>Aphidoidea Collection</title>
<creator>
</creator>
<metadataProvider>
</metadataProvider>
<associatedParty>
    <positionName>[data administrator]</positionName>
    <phone>(+48) 22 5526531</phone>
    <electronicMailAddress>meron(at)biol(dot)uw(dot)edu(dot)pl</electronicMailAddress>
</associatedParty>
<associatedParty>
    <positionName>[system administrator]</positionName>
    <phone>(+48) 22 5526537</phone>
    <electronicMailAddress>ptyk(at)biol(dot)uw(dot)edu(dot)pl</electronicMailAddress>
</associatedParty>
<associatedParty>
    <positionName>[data administrator]</positionName>
    <phone>(+48 22) 357-30-01</phone>
    <electronicMailAddress>dmierzwa(at)miiz(dot)waw(dot)pl</electronicMailAddress>
</associatedParty>
<language>en</language>
<abstract>
  <para>The Database includes the specimens of Aphidina collected by Szelegiewicz. The specimens are deposited in the Museum and Institute of Zoology Polish Academy of Sciences, Warszawa. The collection comprises about 10,000 microscopic preparations of Aphidina.</para>
</abstract>
  <distribution scope="document">
    <online>
      <url function="information">http://tapir.gbif.pl/tapir/tapir.php/pan-miiz-aphidoidea</url>
    </online>
  </distribution>

</dataset>

<additionalMetadata>
  <metadata>
    <gbif>
        <dateStamp>2014-01-13T11:32:15.416+01:00</dateStamp>
        <citation>Museum and Institute of Zoology, Polish Academy of Sciences: Aphidoidea Collection</citation>
    </gbif>
  </metadata>
</additionalMetadata>

</eml:eml>
