<eml:eml xmlns:eml="eml://ecoinformatics.org/eml-2.1.1"
         xmlns:xsi="http://www.w3.org/2001/XMLSchema-instance"
         xsi:schemaLocation="eml://ecoinformatics.org/eml-2.1.1 http://rs.gbif.org/schema/eml-gbif-profile/1.0.2/eml.xsd"
         packageId="b275a4c1-9859-4f3c-8ead-d86dde820fbc" system="http://gbif.org" scope="system"
         xml:lang="en">

<dataset>
    <alternateIdentifier system="GBIF_PORTAL">13667</alternateIdentifier>
  <title>Paleontology specimens data</title>
<creator>
</creator>
<metadataProvider>
</metadataProvider>
<language>en</language>
<abstract>
  <para></para>
</abstract>

</dataset>

<additionalMetadata>
  <metadata>
    <gbif>
        <dateStamp>2011-09-07T04:37:34.000+02:00</dateStamp>
        <citation>MNHN - Museum national d&apos;Histoire naturelle: Paleontology specimens data</citation>
    </gbif>
  </metadata>
</additionalMetadata>

</eml:eml>
