<eml:eml xmlns:eml="eml://ecoinformatics.org/eml-2.1.1"
         xmlns:xsi="http://www.w3.org/2001/XMLSchema-instance"
         xsi:schemaLocation="eml://ecoinformatics.org/eml-2.1.1 http://rs.gbif.org/schema/eml-gbif-profile/1.0.2/eml.xsd"
         packageId="baa86fb2-7346-4507-a34f-44e4c1bd0d57" system="http://gbif.org" scope="system"
         xml:lang="fr">

<dataset>
    <alternateIdentifier system="GBIF_PORTAL">11503</alternateIdentifier>
  <title>Carnet en Ligne</title>
<creator>
</creator>
<metadataProvider>
</metadataProvider>
<language>en</language>
<abstract>
  <para>Le Carnet en ligne est un outil permettant de simplifier la saisie des inventaires de plantes sur le terrain, travail fastidieux pour les botanistes amateurs et professionnels.</para>
</abstract>
  <intellectualRights>
    <para>Tela Botanica a choisi de publier par défaut son contenu sous licence libre Creative Commons (by-sa) afin d&apos;en faciliter la divulgation : http://creativecommons.org/licenses/by-sa/2.0/fr/</para>
  </intellectualRights>
  <distribution scope="document">
    <online>
      <url function="information">http://www.tela-botanica.org/tapirlink/tapir.php/cel</url>
    </online>
  </distribution>

</dataset>

<additionalMetadata>
  <metadata>
    <gbif>
        <dateStamp>2013-09-05T04:17:45.000+02:00</dateStamp>
        <citation>Tela-Botanica: Carnet en Ligne</citation>
        <resourceLogoUrl>http://www.tela-botanica.org/sites/accueil/generique/images/graphisme/logo_tela_fond_blanc.png</resourceLogoUrl>
    </gbif>
  </metadata>
</additionalMetadata>

</eml:eml>
