<eml:eml xmlns:eml="eml://ecoinformatics.org/eml-2.1.1"
         xmlns:xsi="http://www.w3.org/2001/XMLSchema-instance"
         xsi:schemaLocation="eml://ecoinformatics.org/eml-2.1.1 http://rs.gbif.org/schema/eml-gbif-profile/1.0.2/eml.xsd"
         packageId="cd629c30-30b1-11de-b170-b8a03c50a862" system="http://gbif.org" scope="system"
         xml:lang="en">

<dataset>
    <alternateIdentifier system="GBIF_PORTAL">8287</alternateIdentifier>
  <title>Carabidae of the Carpathians</title>
<creator>
</creator>
<metadataProvider>
</metadataProvider>
<language>en</language>
<abstract>
  <para>Distribution of Carabidae in various ecosysetms of Carpathians in Southern Poland (Babia Gora Mts., Gorce Mts., Bieszczady Mts. Słonne Mts.), especially reference sites of beech and spruce mountain forest and natural subalpine meadows.</para>
</abstract>
  <distribution scope="document">
    <online>
      <url function="information">http://tapir.gbif.pl/tapir/tapir.php/uj-iz-carab-karpa</url>
    </online>
  </distribution>

</dataset>

<additionalMetadata>
  <metadata>
    <gbif>
        <dateStamp>2013-05-08T05:15:47.000+02:00</dateStamp>
        <citation>Jagiellonian University, Institute of Zoology: Carabidae of the Carpathians</citation>
    </gbif>
  </metadata>
</additionalMetadata>

</eml:eml>
