<eml:eml xmlns:eml="eml://ecoinformatics.org/eml-2.1.1"
         xmlns:xsi="http://www.w3.org/2001/XMLSchema-instance"
         xsi:schemaLocation="eml://ecoinformatics.org/eml-2.1.1 http://rs.gbif.org/schema/eml-gbif-profile/1.0.2/eml.xsd"
         packageId="da5d29da-80ab-42c4-a947-b09d0db59af3" system="http://gbif.org" scope="system"
         xml:lang="en">

<dataset>
    <alternateIdentifier system="GBIF_PORTAL">13013</alternateIdentifier>
  <title>Sheffield Biological Records Centre - Sheffield Biological Records Centre- Non-sensitive Records from all taxonomic groups. </title>
<creator>
</creator>
<metadataProvider>
</metadataProvider>
<language>en</language>
<abstract>
  <para>NBN Gateway Dataset GA000878</para>
</abstract>
  <distribution scope="document">
    <online>
      <url function="information">http://data.nbn.org.uk/datasetInfo/taxonDataset.jsp?dsKey=GA000878</url>
    </online>
  </distribution>

</dataset>

<additionalMetadata>
  <metadata>
    <gbif>
        <dateStamp>2011-05-12T01:14:38.000+02:00</dateStamp>
        <citation>UK National Biodiversity Network: Sheffield Biological Records Centre - Sheffield Biological Records Centre- Non-sensitive Records from all taxonomic groups. </citation>
    </gbif>
  </metadata>
</additionalMetadata>

</eml:eml>
