<eml:eml xmlns:eml="eml://ecoinformatics.org/eml-2.1.1"
         xmlns:xsi="http://www.w3.org/2001/XMLSchema-instance"
         xsi:schemaLocation="eml://ecoinformatics.org/eml-2.1.1 http://rs.gbif.org/schema/eml-gbif-profile/1.0.2/eml.xsd"
         packageId="e01e6790-13de-11de-b2e1-b8a03c50a862" system="http://gbif.org" scope="system"
         xml:lang="en">

<dataset>
    <alternateIdentifier system="GBIF_PORTAL">8164</alternateIdentifier>
  <title>Herbarium of University of Białystok - Vascular Plants</title>
<creator>
</creator>
<metadataProvider>
</metadataProvider>
<language>en</language>
<abstract>
  <para>The database contains data about vascular plants growing mainly in north-eastern Poland in localities of little and nearly untouched character (Augustów Forest, Białowieska Forest, Biebrza River Valley) and areas of human activity.</para>
</abstract>
  <distribution scope="document">
    <online>
      <url function="information">http://tapir.gbif.pl/tapir/tapir.php/uwb-vascularplants</url>
    </online>
  </distribution>

</dataset>

<additionalMetadata>
  <metadata>
    <gbif>
        <dateStamp>2013-05-08T04:57:35.000+02:00</dateStamp>
        <citation>University of Białystok, Institute of Biology: Herbarium of University of Białystok - Vascular Plants</citation>
    </gbif>
  </metadata>
</additionalMetadata>

</eml:eml>
