<eml:eml xmlns:eml="eml://ecoinformatics.org/eml-2.1.1"
         xmlns:xsi="http://www.w3.org/2001/XMLSchema-instance"
         xsi:schemaLocation="eml://ecoinformatics.org/eml-2.1.1 http://rs.gbif.org/schema/eml-gbif-profile/1.0.2/eml.xsd"
         packageId="f7c496b0-9300-11da-8596-b8a03c50a862" system="http://gbif.org" scope="system"
         xml:lang="en">

<dataset>
    <alternateIdentifier system="GBIF_PORTAL">1448</alternateIdentifier>
  <title>Institute of Dendrology PAS, Flora of Sudety Mountains</title>
<creator>
</creator>
<metadataProvider>
</metadataProvider>
<language>en</language>
<abstract>
  <para>aaa</para>
</abstract>
  <distribution scope="document">
    <online>
      <url function="information">http://tapir.gbif.pl/tapir/tapir.php/pan-id</url>
    </online>
  </distribution>

</dataset>

<additionalMetadata>
  <metadata>
    <gbif>
        <dateStamp>2013-05-08T05:05:18.000+02:00</dateStamp>
        <citation>Institute of Dendrology, Polish Academy of Sciences: Institute of Dendrology PAS, Flora of Sudety Mountains</citation>
    </gbif>
  </metadata>
</additionalMetadata>

</eml:eml>
