<eml:eml xmlns:eml="eml://ecoinformatics.org/eml-2.1.1"
         xmlns:xsi="http://www.w3.org/2001/XMLSchema-instance"
         xsi:schemaLocation="eml://ecoinformatics.org/eml-2.1.1 http://rs.gbif.org/schema/eml-gbif-profile/1.0.2/eml.xsd"
         packageId="f9261370-af9d-11db-ad75-b8a03c50a862" system="http://gbif.org" scope="system"
         xml:lang="en">

<dataset>
    <alternateIdentifier system="GBIF_PORTAL">11324</alternateIdentifier>
  <title>Flora of the Stołowe Mts.</title>
<creator>
</creator>
<metadataProvider>
</metadataProvider>
<language>en</language>
<abstract>
  <para>Observations data of vascular plants of the Stołowe Mts. (Lower Silesia, SW Poland) made between 1991-1997.</para>
</abstract>
  <distribution scope="document">
    <online>
      <url function="information">http://tapir.gbif.pl/tapir/tapir.php/uwr-mnhw-flora-sm</url>
    </online>
  </distribution>

</dataset>

<additionalMetadata>
  <metadata>
    <gbif>
        <dateStamp>2013-05-08T05:24:27.000+02:00</dateStamp>
        <citation>Wrocław University, Museum of Natural History: Flora of the Stołowe Mts.</citation>
    </gbif>
  </metadata>
</additionalMetadata>

</eml:eml>
