<eml:eml xmlns:eml="eml://ecoinformatics.org/eml-2.1.1"
         xmlns:xsi="http://www.w3.org/2001/XMLSchema-instance"
         xsi:schemaLocation="eml://ecoinformatics.org/eml-2.1.1 http://rs.gbif.org/schema/eml-gbif-profile/1.0.2/eml.xsd"
         packageId="027e7308-c9e7-46c7-8d56-08e1d525b03b" system="http://gbif.org" scope="system"
         xml:lang="en">

<dataset>
    <alternateIdentifier system="GBIF_PORTAL">1888</alternateIdentifier>
  <title>Argyll Bird Club - Bird records for Argyll for the years 2002 and 2003</title>
<creator>
</creator>
<metadataProvider>
</metadataProvider>
<language>en</language>
<abstract>
  <para>NBN Gateway Dataset GA000438</para>
</abstract>
  <distribution scope="document">
    <online>
      <url function="information">http://data.nbn.org.uk/datasetInfo/taxonDataset.jsp?dsKey=GA000438</url>
    </online>
  </distribution>

</dataset>

<additionalMetadata>
  <metadata>
    <gbif>
        <dateStamp>2010-09-15T11:01:14.000+02:00</dateStamp>
        <citation>UK National Biodiversity Network: Argyll Bird Club - Bird records for Argyll for the years 2002 and 2003</citation>
    </gbif>
  </metadata>
</additionalMetadata>

</eml:eml>
