<eml:eml xmlns:eml="eml://ecoinformatics.org/eml-2.1.1"
         xmlns:xsi="http://www.w3.org/2001/XMLSchema-instance"
         xsi:schemaLocation="eml://ecoinformatics.org/eml-2.1.1 http://rs.gbif.org/schema/eml-gbif-profile/1.0.2/eml.xsd"
         packageId="3a8512a0-33cf-11de-afc6-b8a03c50a862" system="http://gbif.org" scope="system"
         xml:lang="en">

<dataset>
    <alternateIdentifier system="GBIF_PORTAL">8343</alternateIdentifier>
  <title>The atlas of breeding birds in Małopolska</title>
<creator>
</creator>
<metadataProvider>
</metadataProvider>
<language>en</language>
<abstract>
  <para>The database includes information concerning breeding birds diversity in Małopolska (south-east Poland). The data was gathered from 1985 to 1991 and then published in ‘The Atlas of Breeding Birds in Małopolska 1985-1991’ (Walasz 0_datasetdescriptiondetails Mielczarek 1992). The area of Małopolska has been divided up, using grid of geographical coordinates, into 67 atlas blocks where information about avifauna richness was collected. Each record of our database contains species name, the year of observation and geographical coordinates (middle of the atlas bloc; WGS83).</para>
</abstract>
  <distribution scope="document">
    <online>
      <url function="information">http://tapir.gbif.pl/tapir/tapir.php/uj-inos-ptaki-legowe-mp</url>
    </online>
  </distribution>

</dataset>

<additionalMetadata>
  <metadata>
    <gbif>
        <dateStamp>2013-05-08T05:23:07.000+02:00</dateStamp>
        <citation>Jagiellonian University, Institute of Environmental Sciences: The atlas of breeding birds in Małopolska</citation>
    </gbif>
  </metadata>
</additionalMetadata>

</eml:eml>
