<eml:eml xmlns:eml="eml://ecoinformatics.org/eml-2.1.1"
         xmlns:xsi="http://www.w3.org/2001/XMLSchema-instance"
         xsi:schemaLocation="eml://ecoinformatics.org/eml-2.1.1 http://rs.gbif.org/schema/eml-gbif-profile/1.0.2/eml.xsd"
         packageId="4d4e7415-5800-4d8b-8d4d-6de938e8d38c" system="http://gbif.org" scope="system"
         xml:lang="en">

<dataset>
    <alternateIdentifier system="GBIF_PORTAL">11731</alternateIdentifier>
  <title>John Muir Trust - Species Records for John Muir Trust Properties 2007-2009</title>
<creator>
</creator>
<metadataProvider>
</metadataProvider>
<language>en</language>
<abstract>
  <para>NBN Gateway Dataset GA000714</para>
</abstract>
  <distribution scope="document">
    <online>
      <url function="information">http://data.nbn.org.uk/datasetInfo/taxonDataset.jsp?dsKey=GA000714</url>
    </online>
  </distribution>

</dataset>

<additionalMetadata>
  <metadata>
    <gbif>
        <dateStamp>2010-09-07T01:15:24.000+02:00</dateStamp>
        <citation>UK National Biodiversity Network: John Muir Trust - Species Records for John Muir Trust Properties 2007-2009</citation>
    </gbif>
  </metadata>
</additionalMetadata>

</eml:eml>
