<eml:eml xmlns:eml="eml://ecoinformatics.org/eml-2.1.1"
         xmlns:xsi="http://www.w3.org/2001/XMLSchema-instance"
         xsi:schemaLocation="eml://ecoinformatics.org/eml-2.1.1 http://rs.gbif.org/schema/eml-gbif-profile/1.0.2/eml.xsd"
         packageId="4fa0d1fc-ad2f-4c0d-b716-278693f91afc" system="http://gbif.org" scope="system"
         xml:lang="en">

<dataset>
    <alternateIdentifier system="GBIF_PORTAL">14247</alternateIdentifier>
  <title>John Muir Trust - Species Records for John Muir Trust Properties Nevis, Sandwood, Quinag and Schiehallion 2010.</title>
<creator>
</creator>
<metadataProvider>
</metadataProvider>
<language>en</language>
<abstract>
  <para>NBN Gateway Dataset GA000968</para>
</abstract>
  <distribution scope="document">
    <online>
      <url function="information">http://data.nbn.org.uk/datasetInfo/taxonDataset.jsp?dsKey=GA000968</url>
    </online>
  </distribution>

</dataset>

<additionalMetadata>
  <metadata>
    <gbif>
        <dateStamp>2012-06-12T04:54:03.000+02:00</dateStamp>
        <citation>UK National Biodiversity Network: John Muir Trust - Species Records for John Muir Trust Properties Nevis, Sandwood, Quinag and Schiehallion 2010.</citation>
    </gbif>
  </metadata>
</additionalMetadata>

</eml:eml>
