<eml:eml xmlns:eml="eml://ecoinformatics.org/eml-2.1.1"
         xmlns:xsi="http://www.w3.org/2001/XMLSchema-instance"
         xsi:schemaLocation="eml://ecoinformatics.org/eml-2.1.1 http://rs.gbif.org/schema/eml-gbif-profile/1.0.2/eml.xsd"
         packageId="4fa7b334-ce0d-4e88-aaae-2e0c138d049e" system="http://gbif.org" scope="system"
         xml:lang="en">

<dataset>
    <alternateIdentifier system="GBIF_PORTAL">43</alternateIdentifier>
  <title>eBird</title>
<creator>
</creator>
<metadataProvider>
</metadataProvider>
<associatedParty>
    <phone> 	607-254-2107</phone>
    <electronicMailAddress>tpl10@cornell.edu </electronicMailAddress>
    <role>ADMINISTRATIVE_POINT_OF_CONTACT</role>
</associatedParty>
<language>en</language>
<abstract>
  <para>eBird is an online bird checklist program developed by the Cornell Lab of Ornithology and Audubon. The goal of eBird is to engage bird watchers to participate in a protocol driven and georeferenced bird counts throughout the year. Started in Oct 2002, eBird expanded from the Americas to the entire World in June 2010 and now collects about 100 thousand checklists annually (1 to 2 million records/month).</para>
</abstract>
  <contact>
    <address>
        <deliveryPoint>159 Sapsucker Woods Rd, , NY US, 14850</deliveryPoint>
    </address>
    <electronicMailAddress>mji26@cornell.edu </electronicMailAddress>
  </contact>

</dataset>

<additionalMetadata>
  <metadata>
    <gbif>
        <dateStamp>2010-09-27T04:16:33.000+02:00</dateStamp>
        <citation>Cornell Lab of Ornithology: eBird</citation>
    </gbif>
  </metadata>
</additionalMetadata>

</eml:eml>
