<eml:eml xmlns:eml="eml://ecoinformatics.org/eml-2.1.1"
         xmlns:xsi="http://www.w3.org/2001/XMLSchema-instance"
         xsi:schemaLocation="eml://ecoinformatics.org/eml-2.1.1 http://rs.gbif.org/schema/eml-gbif-profile/1.0.2/eml.xsd"
         packageId="58eb2296-32df-4d21-b942-43d271745889" system="http://gbif.org" scope="system"
         xml:lang="fr">

<dataset>
    <alternateIdentifier system="GBIF_PORTAL">14278</alternateIdentifier>
  <title>Inventaire National du Patrimoine Naturel : Oiseaux nicheurs de France</title>
<creator>
    <individualName>
      <surName>D. Yaetman-Berthelot et G. Jarry (SEOF)</surName>
    </individualName>
    <address>
        <country>FRANCE</country>
    </address>
</creator>
<metadataProvider>
    <individualName>
        <givenName>Frédéric</givenName>
      <surName>Vest</surName>
    </individualName>
    <organizationName>Service du Patrimoine Naturel - Muséum national d&apos;Histoire Naturelle</organizationName>
    <address>
        <deliveryPoint>36 rue Geoffroy St Hilaire CP 41</deliveryPoint>
        <city>Paris</city>
        <postalCode>75231</postalCode>
        <country>FRANCE</country>
    </address>
    <electronicMailAddress>inpn@mnh.fr</electronicMailAddress>
</metadataProvider>
<pubDate>
        2012-06-27
</pubDate>
<language>FRENCH</language>
<abstract>
  <para>L&apos;objectif de cet inventaire est de rassembler un jeu exhaustif de données sur l&apos;ensemble des espèces nichant en France métropolitaine. Le réseau a été coordonné par Mme D. Yaetman-Berthelot et G. Jarry (Société d&apos;Etude Ornithologique de France). Au 01/01/2002, la base contient environ 205 642 données pour 2 enquêtes. Celles-ci couvrent les périodes 1970-1975 et 1985-1989. Données essentielles (espèce, lieu), statut de nidification. Le lieu est donné sous la forme d&apos;une maille de 4 décigrades x 2 décigrades (découpage des cartes IGN 1/50 000e).</para>
</abstract>
  <contact>
    <individualName>
        <givenName>Frédéric</givenName>
      <surName>Vest</surName>
    </individualName>
    <organizationName>Service du Patrimoine Naturel - Muséum national d&apos;Histoire Naturelle</organizationName>
    <address>
        <deliveryPoint>36 rue Geoffroy St Hilaire CP 41</deliveryPoint>
        <city>Paris</city>
        <postalCode>75231</postalCode>
        <country>FRANCE</country>
    </address>
    <electronicMailAddress>inpn@mnh.fr</electronicMailAddress>
  </contact>

</dataset>

<additionalMetadata>
  <metadata>
    <gbif>
        <dateStamp>2013-12-22T02:50:27.929+01:00</dateStamp>
        <citation>SPN - Service du Patrimoine naturel, Muséum national d&apos;Histoire naturelle, Paris: Inventaire National du Patrimoine Naturel : Oiseaux nicheurs de France</citation>
    </gbif>
  </metadata>
</additionalMetadata>

</eml:eml>
