<eml:eml xmlns:eml="eml://ecoinformatics.org/eml-2.1.1"
         xmlns:xsi="http://www.w3.org/2001/XMLSchema-instance"
         xsi:schemaLocation="eml://ecoinformatics.org/eml-2.1.1 http://rs.gbif.org/schema/eml-gbif-profile/1.0.2/eml.xsd"
         packageId="7bad7786-f762-11e1-a439-00145eb45e9a" system="http://gbif.org" scope="system"
         xml:lang="en">

<dataset>
    <alternateIdentifier system="GBIF_PORTAL">12047</alternateIdentifier>
  <title>Estación Experimental de Zonas Áridas (CSIC) EEZA - Aves</title>
<creator>
</creator>
<metadataProvider>
</metadataProvider>
<associatedParty>
    <phone>+34 950 28 10 45 (413)</phone>
    <electronicMailAddress>jbenzal@eeza.csic.es</electronicMailAddress>
    <role>ADMINISTRATIVE_POINT_OF_CONTACT</role>
</associatedParty>
<language>en</language>
<abstract>
  <para>Colección de Aves constituida por 2072 registros y 2130 ejemplares, conservados tanto en seco (pieles, cráneos, esqueletos, nidos y huevos) como en etanol. El ámbito geográfico de los ejemplares es mayoritariamente la Península Ibérica. Algunos ejemplares proceden de Macaronesia y África. Los datos de Georeferenciación también se encuentran incluidos</para>
</abstract>
  <intellectualRights>
    <para>Se debe citar la fuente y la colección en los trabajos resultantes de la consulta. Se recomienda el envío de una copia de los trabajos a los que de lugar la consulta al Servicio de Colecciones de la EEZA.</para>
  </intellectualRights>
  <distribution scope="document">
    <online>
      <url function="information">http://www.eeza.csic.es/eeza/colecciones.aspx</url>
    </online>
  </distribution>
  <contact>
    <phone>+34 950 28 10 45 (413)</phone>
    <electronicMailAddress>jbenzal@eeza.csic.es</electronicMailAddress>
  </contact>

</dataset>

<additionalMetadata>
  <metadata>
    <gbif>
        <dateStamp>2012-09-27T02:34:07.000+02:00</dateStamp>
        <citation>Col. EEZA Estación Experimental de Zonas Áridas (CSIC), Almería Estación Experimental de Zonas Áridas (CSIC), Almería</citation>
    </gbif>
  </metadata>
</additionalMetadata>

</eml:eml>
