<eml:eml xmlns:eml="eml://ecoinformatics.org/eml-2.1.1"
         xmlns:xsi="http://www.w3.org/2001/XMLSchema-instance"
         xsi:schemaLocation="eml://ecoinformatics.org/eml-2.1.1 http://rs.gbif.org/schema/eml-gbif-profile/1.0.2/eml.xsd"
         packageId="7f50181c-f762-11e1-a439-00145eb45e9a" system="http://gbif.org" scope="system"
         xml:lang="en">

<dataset>
    <alternateIdentifier system="GBIF_PORTAL">12995</alternateIdentifier>
  <title>Inventario Fauna Vertebrada de la Manchuela Conquense (CUENCA), 2007. Asociación de Desarrollo Integral de la Manchuela Conquense (ADIMAN)</title>
<creator>
</creator>
<metadataProvider>
</metadataProvider>
<associatedParty>
    <phone>(+34) 967487608</phone>
    <electronicMailAddress>marubio@adiman.es</electronicMailAddress>
    <role>TECHNICAL_POINT_OF_CONTACT</role>
</associatedParty>
<language>en</language>
<abstract>
  <para>Esta base de datos presenta los resultados de la parte de vertebrados terrestres correspondiente a: “Inventario Ambiental de la comarca de La Manchuela conquense”, año 2007. Este proyecto surge del Convenio de Colaboración establecido entre la Asociación para el Desarrollo Integral de la Manchuela Conquense (ADIMAN) y la Universidad de Castilla-La Mancha.</para>
</abstract>

</dataset>

<additionalMetadata>
  <metadata>
    <gbif>
        <dateStamp>2012-09-27T02:34:07.000+02:00</dateStamp>
        <citation>López-Jamar, J. y Díaz, M. Inventario ambiental de la manchuela conquense (Cuenca). 2007. ADIMAN</citation>
    </gbif>
  </metadata>
</additionalMetadata>

</eml:eml>
