<eml:eml xmlns:eml="eml://ecoinformatics.org/eml-2.1.1"
         xmlns:xsi="http://www.w3.org/2001/XMLSchema-instance"
         xsi:schemaLocation="eml://ecoinformatics.org/eml-2.1.1 http://rs.gbif.org/schema/eml-gbif-profile/1.0.2/eml.xsd"
         packageId="7f740f60-f762-11e1-a439-00145eb45e9a" system="http://gbif.org" scope="system"
         xml:lang="en">

<dataset>
    <alternateIdentifier system="GBIF_PORTAL">13114</alternateIdentifier>
  <title>Base de datos de aves mexicanas del Natural History Museum, Tring, Inglaterra</title>
<creator>
</creator>
<metadataProvider>
</metadataProvider>
<associatedParty>
    <positionName>Dr.</positionName>
    <electronicMailAddress>fcvg01@unam.mx</electronicMailAddress>
</associatedParty>
<associatedParty>
    <positionName>Bióloga</positionName>
    <phone>(52) 55-50044966</phone>
    <electronicMailAddress>scareaga@conabio.gob.mx</electronicMailAddress>
</associatedParty>
<language>en</language>
<abstract>
  <para>Desde 1996, se firmó un convenio entre la Facultad de Ciencias de la UNAM, la CONABIO y el Museum of Natural History (Inglaterra), con el objetivo de construir una base de datos de ejemplares mexicanos de mamíferos, aves, herpetofauna y mariposas contenidas en las colecciones de esta última institución.</para>
</abstract>

</dataset>

<additionalMetadata>
  <metadata>
    <gbif>
        <dateStamp>2014-01-13T11:37:22.212+01:00</dateStamp>
        <citation>Navarro Sigüenza, A. G. 2004. Base de datos de aves mexicanas del Natural History Museum, Tring, Inglaterra. Universidad Nacional Autónoma de México. Facultad de Ciencias. Bases de datos SNIB2010-CONABIO proyecto No. V009. México, D.F.</citation>
    </gbif>
  </metadata>
</additionalMetadata>

</eml:eml>
