<eml:eml xmlns:eml="eml://ecoinformatics.org/eml-2.1.1"
         xmlns:xsi="http://www.w3.org/2001/XMLSchema-instance"
         xsi:schemaLocation="eml://ecoinformatics.org/eml-2.1.1 http://rs.gbif.org/schema/eml-gbif-profile/1.0.2/eml.xsd"
         packageId="7fae65ca-f762-11e1-a439-00145eb45e9a" system="http://gbif.org" scope="system"
         xml:lang="en">

<dataset>
    <alternateIdentifier system="GBIF_PORTAL">13162</alternateIdentifier>
  <title>Aves del Parque Nacional Cumbres de Monterrey, Nuevo León, México</title>
<creator>
</creator>
<metadataProvider>
</metadataProvider>
<associatedParty>
    <positionName>Dr.</positionName>
    <electronicMailAddress>mcotera@fcf.uanl.mx</electronicMailAddress>
</associatedParty>
<associatedParty>
    <positionName>Bióloga</positionName>
    <phone>(52) 55-50044966</phone>
    <electronicMailAddress>scareaga@conabio.gob.mx</electronicMailAddress>
</associatedParty>
<language>en</language>
<abstract>
  <para>Dada su cercanía a la ciudad de Monterrey y a la gran variedad de ambientes naturales, el Parque Nacional Cumbres de Monterrey es un sitio muy concurrido por visitantes tanto nacionales como extranjeros. Con el presente proyecto se está inventariando la avifauna y su relación con los tipos de vegetación más relevantes en el Parque Nacional Cumbres de Monterrey. En este reporte se muestran los resultados de las visitas a campo y revisión de literatura realizada de Agosto del 2004 a Agosto del 2006. Se realizaron un total de 48 salidas a campo, se visitó la colección del Museo de las Aves y la biblioteca de la Facultad de Ciencias Forestales, Facultad de Ciencias Biológicas, ambas de la Universidad Autónoma de Nuevo León, y la biblioteca del Museo de las Aves, lo cual proporcionó 4,417 registros y agrupados en 16 ordenes, 45 familias, 132 géneros y 206 especies. Se reportan un total de 15 especies incluidas en la NOM-059-SEMARNAT-2001 en tres categorías de conservación, distribuidas de la siguiente manera: a) 1 en peligro de extinción, b) 3 amenazadas y c) 11 en protección especial. Por último, se generaron 206 mapas digitales para cada una de las especies registradas en el PNCM con su respectiva foto en el mismo.</para>
</abstract>

</dataset>

<additionalMetadata>
  <metadata>
    <gbif>
        <dateStamp>2014-01-13T11:38:58.140+01:00</dateStamp>
        <citation>Cotera Correa, M. 2007. Aves del Parque Nacional Cumbres de Monterrey, Nuevo León, México. Universidad Autónoma de Nuevo León. Facultad de Ciencias Forestales. Bases de datos SNIB2010-CONABIO proyecto No. BK061. México, D.F.</citation>
    </gbif>
  </metadata>
</additionalMetadata>

</eml:eml>
