<eml:eml xmlns:eml="eml://ecoinformatics.org/eml-2.1.1"
         xmlns:xsi="http://www.w3.org/2001/XMLSchema-instance"
         xsi:schemaLocation="eml://ecoinformatics.org/eml-2.1.1 http://rs.gbif.org/schema/eml-gbif-profile/1.0.2/eml.xsd"
         packageId="7fd67164-f762-11e1-a439-00145eb45e9a" system="http://gbif.org" scope="system"
         xml:lang="en">

<dataset>
    <alternateIdentifier system="GBIF_PORTAL">13195</alternateIdentifier>
  <title>Distribución, abundancia y riqueza específica de la avifauna terrestre en la Isla Espíritu Santo, Baja California Sur, México</title>
<creator>
</creator>
<metadataProvider>
</metadataProvider>
<associatedParty>
    <positionName>M en C.</positionName>
    <electronicMailAddress>beauty@uabcs.mx</electronicMailAddress>
</associatedParty>
<associatedParty>
    <positionName>Bióloga</positionName>
    <phone>(52) 55-50044966</phone>
    <electronicMailAddress>scareaga@conabio.gob.mx</electronicMailAddress>
</associatedParty>
<language>en</language>
<abstract>
  <para>Se plantea un estudio que permitirá determinar la distribución, la abundancia y la riqueza específica de las aves terrestres en la Isla Espíritu Santo, B.C.S., dividiendo al área en tres unidades paisajísticas fundamentales: cañadas, mesetas de chaparral y dunas. Se realizarán seis salidas bimensuales a la zona, todas la veces se visitarán dos lugares previamente seleccionados (preferentemente cañadas), pudiendo así determinar cambios temporales tanto cualitativos como cuantitativos. Además, se visitarán, un mínimo de 10 lugares más (mismos que serán evaluados al menos dos veces), tratando así de cubrir la mayor área insular posible. En cada zona-tiempo se llevarán a cabo dos tipos de registros: (1) los provenientes de censos de transecto de banda, donde se recorrerá el área, identificando, contabilizando y fotografiando a las aves y (2) los que resulten de colocar, al menos, dos redes en cada zona-tiempo; las aves capturadas pueden pasar a formar parte de la colección de los museos de la UABCS y la UABC o pueden ser liberadas. La toma de información permitirá crear una base con tres tipos de datos: (1) los provenientes de los censos, (2) los de las aves capturadas y liberadas y (3) los de las aves capturadas y recolectadas. Se estiman mínimos de 1,000 (un mil), 140 (ciento cuarenta) y 60 (sesenta), respectivamente.</para>
</abstract>

</dataset>

<additionalMetadata>
  <metadata>
    <gbif>
        <dateStamp>2014-01-13T11:36:53.969+01:00</dateStamp>
        <citation>Carmona Piña, L. R. 2001. Distribución, abundancia y riqueza específica de la avifauna terrestre en la Isla Espíritu Santo, Baja California Sur, México. Universidad Autónoma de Baja California Sur. Bases de datos SNIB2010-CONABIO proyecto No. R196. México, D.F.</citation>
    </gbif>
  </metadata>
</additionalMetadata>

</eml:eml>
