<eml:eml xmlns:eml="eml://ecoinformatics.org/eml-2.1.1"
         xmlns:xsi="http://www.w3.org/2001/XMLSchema-instance"
         xsi:schemaLocation="eml://ecoinformatics.org/eml-2.1.1 http://rs.gbif.org/schema/eml-gbif-profile/1.0.2/eml.xsd"
         packageId="80241018-f762-11e1-a439-00145eb45e9a" system="http://gbif.org" scope="system"
         xml:lang="en">

<dataset>
    <alternateIdentifier system="GBIF_PORTAL">13257</alternateIdentifier>
  <title>Inventario nacional de especies vegetales y animales de uso artesanal</title>
<creator>
</creator>
<metadataProvider>
</metadataProvider>
<associatedParty>
    <positionName>Bióloga</positionName>
    <phone>(52) 55-50044966</phone>
    <electronicMailAddress>scareaga@conabio.gob.mx</electronicMailAddress>
</associatedParty>
<language>en</language>
<abstract>
  <para>El proyecto surge como una iniciativa de la Asociación Mexicana de Arte y Cultura Popular A. C. (AMACUP), para tender un puente entre la amplia información etnográfica existente sobre la producción artesanal y la no menos importante generada en el ámbito de la biología y ecología, sobre los recursos naturales empleados como materia prima en ese tipo de producción, la cual ha permanecido hasta ahora sin relación alguna. La desarticulación existente hasta ahora entre estos campos de estudio impide conocer el impacto ambiental real que el uso de esos recursos tiene sobre sus ecosistemas. Para ello en AMACUP nos planteamos como primer paso, conocer qué recursos naturales son usados, generando así una base sólida que permita el estudio del impacto que la producción artesanal tiene en los ecosistemas y, promover acciones dirigidas a un manejo sustentable de estas materias primas por parte de los grupos de artesanos y recolectores de materias primas, contribuyendo de esta manera a la conservación de la biodiversidad. Un primer acontecimiento a la elaboración del inventario, fue el diagnóstico bibliográfico sobre materias primas de uso artesanal realizado por AMACUP y CONABIO en 1995, y que se utilizó como base para el presente proyecto. Se pretende cumplir los siguientes objetivos: 1. Lograr identificar taxonómicamente las plantas y animales de uso artesanal y conocer su distribución de acuerdo a las zonas ecológicas propuestas para México por Toledo y Ordoñez (1993); 2. Revisar el estado que guardan actualmente esas especies de uso artesanal según las categorías de riesgo establecidas por la NOM-059-ECOL-1994 y la CITES; 3. Generar información básica que fomente la realización de investigaciones científicas y la aplicación de programas relacionados con uso y manejo de las materias primas de uso artesanal.</para>
</abstract>

</dataset>

<additionalMetadata>
  <metadata>
    <gbif>
        <dateStamp>2014-01-13T11:37:32.744+01:00</dateStamp>
        <citation>Bravo Marentes, C. 1999. Inventario nacional de especies vegetales y animales de uso artesanal. Asociación Mexicana de Arte y Cultura Popular A. C. Bases de datos SNIB2010-CONABIO proyecto No. J002. México, D.F.</citation>
    </gbif>
  </metadata>
</additionalMetadata>

</eml:eml>
