<eml:eml xmlns:eml="eml://ecoinformatics.org/eml-2.1.1"
         xmlns:xsi="http://www.w3.org/2001/XMLSchema-instance"
         xsi:schemaLocation="eml://ecoinformatics.org/eml-2.1.1 http://rs.gbif.org/schema/eml-gbif-profile/1.0.2/eml.xsd"
         packageId="8025573e-f762-11e1-a439-00145eb45e9a" system="http://gbif.org" scope="system"
         xml:lang="en">

<dataset>
    <alternateIdentifier system="GBIF_PORTAL">13258</alternateIdentifier>
  <title>Aves de las reservas de la biosfera de Durango: La Michilía y Mapimí</title>
<creator>
</creator>
<metadataProvider>
</metadataProvider>
<associatedParty>
    <positionName>M en C.</positionName>
    <electronicMailAddress>ceracdgomx@yahoo.com.mx</electronicMailAddress>
</associatedParty>
<associatedParty>
    <positionName>Bióloga</positionName>
    <phone>(52) 55-50044966</phone>
    <electronicMailAddress>scareaga@conabio.gob.mx</electronicMailAddress>
</associatedParty>
<language>en</language>
<abstract>
  <para>El estado de Durango, a pesar de su extensión y su gran riqueza de hábitats, cuenta con pocas áreas protegidas, de entre las cuales son de importancia dos reservas de la biosfera: La Michilía y Mapimí (Bosques templado seco y Desierto Chihuahuense, respectivamente). A 20 años de fundarse y realizarse quehacer científico en estas reservas, no se cuenta con un listado oficial sobre las aves que residen o visitan dichas áreas. Lo cual es fundamental para poder identificar los hábitats de importancia para las aves y definir el nivel de protección que se debe otorgar a ellas y a estos ejemplares. El monitoreo de aves en el año de estudio será estacional, realizando observaciones y búsquedas intensivas en áreas definidas (hábitats diferentes) para obtener la abundancia relativa de las especies encontradas en las mismas. También se realizarán colectas de referencia y las pieles se depositarán en la Colección de Ornitología del Instituto de Biología de la UNAM. El estudio se complementará con información acumulada durante 10 años sobre avistamientos de diversas especies de aves. Los productos finales del proyecto serán, un informe técnico que contendrá el listado de la avifauna, una base de datos con la información acumulada en años anteriores y la recopilada durante el año de estudio y una base de datos con la información de las pieles de referencia científica depositadas en la colección.</para>
</abstract>

</dataset>

<additionalMetadata>
  <metadata>
    <gbif>
        <dateStamp>2014-01-13T11:38:12.527+01:00</dateStamp>
        <citation>Garza Herrera, A. 2001. Aves de las reservas de la biosfera de Durango: La Michilía y Mapimí. Instituto de Ecología A.C. Centro Regional Durango. Bases de datos SNIB2010-CONABIO proyecto No. R228. México, D.F.</citation>
    </gbif>
  </metadata>
</additionalMetadata>

</eml:eml>
