<eml:eml xmlns:eml="eml://ecoinformatics.org/eml-2.1.1"
         xmlns:xsi="http://www.w3.org/2001/XMLSchema-instance"
         xsi:schemaLocation="eml://ecoinformatics.org/eml-2.1.1 http://rs.gbif.org/schema/eml-gbif-profile/1.0.2/eml.xsd"
         packageId="82ab0954-f762-11e1-a439-00145eb45e9a" system="http://gbif.org" scope="system"
         xml:lang="en">

<dataset>
    <alternateIdentifier system="GBIF_PORTAL">14166</alternateIdentifier>
  <title>Bird Observational Records</title>
<creator>
</creator>
<metadataProvider>
</metadataProvider>
<associatedParty>
    <electronicMailAddress>kohli@hintermannweber.ch</electronicMailAddress>
    <role>ADMINISTRATIVE_POINT_OF_CONTACT</role>
</associatedParty>
<associatedParty>
    <electronicMailAddress>roth@hintermannweber.ch</electronicMailAddress>
    <role>TECHNICAL_POINT_OF_CONTACT</role>
</associatedParty>
<language>en</language>
<abstract>
  <para>Database of bird observational records which served as basis for the indicator «Z7 Species Diversity in Landscapes». Data acquisition within the common breeding bird survey of the Swiss Ornithological Institute.</para>
</abstract>
  <intellectualRights>
    <para>The use of the data is allowed only for non-profit scientific use and for non-profit nature conservation purpose.</para>
  </intellectualRights>
  <contact>
    <electronicMailAddress>kohli@hintermannweber.ch</electronicMailAddress>
  </contact>

</dataset>

<additionalMetadata>
  <metadata>
    <gbif>
        <dateStamp>2014-01-13T11:32:07.990+01:00</dateStamp>
        <citation>Kohli L. Bird Observational Records. Biodiversitäts-Monitoring Schweiz</citation>
        <resourceLogoUrl>http://data.gbif.ch/InstitutionLogoWindow.action?institutionId=5</resourceLogoUrl>
    </gbif>
  </metadata>
</additionalMetadata>

</eml:eml>
