<eml:eml xmlns:eml="eml://ecoinformatics.org/eml-2.1.1"
         xmlns:xsi="http://www.w3.org/2001/XMLSchema-instance"
         xsi:schemaLocation="eml://ecoinformatics.org/eml-2.1.1 http://rs.gbif.org/schema/eml-gbif-profile/1.0.2/eml.xsd"
         packageId="82d0e9e4-f762-11e1-a439-00145eb45e9a" system="http://gbif.org" scope="system"
         xml:lang="en">

<dataset>
    <alternateIdentifier system="GBIF_PORTAL">59</alternateIdentifier>
  <title>Marsh Monitoring Program - Birds</title>
<creator>
</creator>
<metadataProvider>
</metadataProvider>
<associatedParty>
    <positionName>Aquatic Surveys Scientist</positionName>
    <phone>(519) 586-3531</phone>
    <electronicMailAddress>stimmermans@bsc-eoc.org</electronicMailAddress>
</associatedParty>
<language>en</language>
<abstract>
  <para>Bird observations from the Great Lakes Marsh Monitoring Program</para>
</abstract>
  <intellectualRights>
    <para>Data may be used for non-commercial purposes only, with appropriate credit given to Bird Studies Canada. For more detailed data requests, see: http://www.bsc-eoc.org/useofinfo.html</para>
  </intellectualRights>
  <distribution scope="document">
    <online>
      <url function="information">http://www.bsc-eoc.org/mmpmain.html</url>
    </online>
  </distribution>

</dataset>

<additionalMetadata>
  <metadata>
    <gbif>
        <dateStamp>2014-01-13T11:34:31.919+01:00</dateStamp>
        <citation>Bird Studies Canada. 2004. Marsh Monitoring Program Database. Port Rowan, Ontario: Bird Studies Canada.</citation>
    </gbif>
  </metadata>
</additionalMetadata>

</eml:eml>
