<eml:eml xmlns:eml="eml://ecoinformatics.org/eml-2.1.1"
         xmlns:xsi="http://www.w3.org/2001/XMLSchema-instance"
         xsi:schemaLocation="eml://ecoinformatics.org/eml-2.1.1 http://rs.gbif.org/schema/eml-gbif-profile/1.0.2/eml.xsd"
         packageId="82d54d68-f762-11e1-a439-00145eb45e9a" system="http://gbif.org" scope="system"
         xml:lang="en">

<dataset>
    <alternateIdentifier system="GBIF_PORTAL">63</alternateIdentifier>
  <title>Ontario Breeding Bird Atlas 2001-2005</title>
<creator>
</creator>
<metadataProvider>
</metadataProvider>
<associatedParty>
    <positionName>Ontario Breeding Bird Atlas Coordinator</positionName>
    <phone>(519) 826-2094</phone>
    <electronicMailAddress>mcadman@uoguelph.ca</electronicMailAddress>
</associatedParty>
<language>en</language>
<abstract>
  <para>Bird observations recorded to date from the second Atlas of the Breeding Birds of Ontario 2001-2005</para>
</abstract>
  <intellectualRights>
    <para>Data may be used for non-commercial purposes only, with appropriate credit given to the Atlas project partners. For more detailed data requests, inquire at the Ontario Atlas website: http://www.birdsontario.org/atlas/atlasmain.html</para>
  </intellectualRights>
  <distribution scope="document">
    <online>
      <url function="information">http://www.birdsontario.org/atlas/atlasmain.html</url>
    </online>
  </distribution>

</dataset>

<additionalMetadata>
  <metadata>
    <gbif>
        <dateStamp>2014-01-13T11:34:35.466+01:00</dateStamp>
        <citation>Bird Studies Canada, Federation of Ontario Naturalists, Canadian Wildlife Service, Ontario Ministry of Natural Resources, and Ontario Field Ornithologists. 2004. Ontario Breeding Bird Atlas Database. Port Rowan, Ontario: Bird Studies Canada.</citation>
    </gbif>
  </metadata>
</additionalMetadata>

</eml:eml>
