<eml:eml xmlns:eml="eml://ecoinformatics.org/eml-2.1.1"
         xmlns:xsi="http://www.w3.org/2001/XMLSchema-instance"
         xsi:schemaLocation="eml://ecoinformatics.org/eml-2.1.1 http://rs.gbif.org/schema/eml-gbif-profile/1.0.2/eml.xsd"
         packageId="8309005e-f762-11e1-a439-00145eb45e9a" system="http://gbif.org" scope="system"
         xml:lang="en">

<dataset>
    <alternateIdentifier system="GBIF_PORTAL">119</alternateIdentifier>
  <title>Canadian Museum of Nature Bird Collection</title>
<creator>
</creator>
<metadataProvider>
</metadataProvider>
<associatedParty>
    <positionName>Chief Registrar</positionName>
    <electronicMailAddress>pfrank@mus-nature.ca</electronicMailAddress>
</associatedParty>
<associatedParty>
    <positionName>Collection Manager</positionName>
    <electronicMailAddress>mgosselin@mus-nature.ca</electronicMailAddress>
</associatedParty>
<language>en</language>
<abstract>
  <para>Records of birds collected in Canada from the Canadian Museum of Nature Bird Collection.</para>
</abstract>
  <intellectualRights>
    <para>Data are provided for personal research only. Data may not be used for any commercial purposes. Data may not be transferred to another database for distribution to others without prior, written permission from the Canadian Museum of Nature.</para>
  </intellectualRights>
  <distribution scope="document">
    <online>
      <url function="information">http://nature.ca/en/research-collections/our-collections</url>
    </online>
  </distribution>

</dataset>

<additionalMetadata>
  <metadata>
    <gbif>
        <dateStamp>2014-01-13T11:33:26.798+01:00</dateStamp>
        <citation>Canadian Museum of Nature, Bird Collection</citation>
    </gbif>
  </metadata>
</additionalMetadata>

</eml:eml>
