<eml:eml xmlns:eml="eml://ecoinformatics.org/eml-2.1.1"
         xmlns:xsi="http://www.w3.org/2001/XMLSchema-instance"
         xsi:schemaLocation="eml://ecoinformatics.org/eml-2.1.1 http://rs.gbif.org/schema/eml-gbif-profile/1.0.2/eml.xsd"
         packageId="830fd460-f762-11e1-a439-00145eb45e9a" system="http://gbif.org" scope="system"
         xml:lang="en">

<dataset>
    <alternateIdentifier system="GBIF_PORTAL">125</alternateIdentifier>
  <title>Bird Specimens</title>
<creator>
</creator>
<metadataProvider>
</metadataProvider>
<associatedParty>
    <positionName>Collection Manager</positionName>
    <phone>206.543.1668</phone>
    <electronicMailAddress>rfaucett@u.washington.edu</electronicMailAddress>
</associatedParty>
<associatedParty>
    <positionName>Collection Manager</positionName>
    <phone>206.543.1668</phone>
    <electronicMailAddress>rfaucett@u.washington.edu</electronicMailAddress>
</associatedParty>
<language>en</language>
<abstract>
  <para>Specimen data for birds.</para>
</abstract>
  <intellectualRights>
    <para>UWBM data records may be used by individual researchers or research groups, but they may not be repackaged, resold, or redistributed in any form without the express written consent of a curatorial staff member of the UWBM. If any of these records are used in an analysis or report, the provenance of the original data must be acknowledged and the UWBM notified. The Burke Museum and its staff are not responsible for damages, injury or loss due to the use of these data.</para>
  </intellectualRights>
  <distribution scope="document">
    <online>
      <url function="information">http://www.washington.edu/burkemuseum/collections/ornithology/index.php</url>
    </online>
  </distribution>

</dataset>

<additionalMetadata>
  <metadata>
    <gbif>
        <dateStamp>2014-01-13T11:33:13.173+01:00</dateStamp>
        <citation>University of Washington Burke Museum. Bird Collection. Seattle, Washington.</citation>
    </gbif>
  </metadata>
</additionalMetadata>

</eml:eml>
