<eml:eml xmlns:eml="eml://ecoinformatics.org/eml-2.1.1"
         xmlns:xsi="http://www.w3.org/2001/XMLSchema-instance"
         xsi:schemaLocation="eml://ecoinformatics.org/eml-2.1.1 http://rs.gbif.org/schema/eml-gbif-profile/1.0.2/eml.xsd"
         packageId="8328216e-f762-11e1-a439-00145eb45e9a" system="http://gbif.org" scope="system"
         xml:lang="en">

<dataset>
    <alternateIdentifier system="GBIF_PORTAL">171</alternateIdentifier>
  <title>PIROP (Shipboard Surveys)</title>
<creator>
</creator>
<metadataProvider>
</metadataProvider>
<associatedParty>
    <electronicMailAddress>tim.pascoe@ec.gc.ca</electronicMailAddress>
    <role>TECHNICAL_POINT_OF_CONTACT</role>
</associatedParty>
<language>en</language>
<abstract>
  <para>Includes number of birds sighted per 10 minute watch from a ship moving at a speed of at least 4 knots; seabird species include shearwaters, razorbills, storm-petrels, gulls, murres, puffins, gannets, phalaropes, jaegers, fulmars, cormorants, dovekies, terns and black guillemots. Data used to plot seabird distribution at sea and to relate seabird distribution to oceanographic conditions.</para>
</abstract>
  <intellectualRights>
    <para>Please see http://www.cbif.gc.ca/copyright_e.php#disclaim</para>
  </intellectualRights>

</dataset>

<additionalMetadata>
  <metadata>
    <gbif>
        <dateStamp>2007-07-09T01:52:27.000+02:00</dateStamp>
        <citation>Environment Canada</citation>
    </gbif>
  </metadata>
</additionalMetadata>

</eml:eml>
