<eml:eml xmlns:eml="eml://ecoinformatics.org/eml-2.1.1"
         xmlns:xsi="http://www.w3.org/2001/XMLSchema-instance"
         xsi:schemaLocation="eml://ecoinformatics.org/eml-2.1.1 http://rs.gbif.org/schema/eml-gbif-profile/1.0.2/eml.xsd"
         packageId="836149af-e7b0-4fc7-b6d9-4d56c28bad43" system="http://gbif.org" scope="system"
         xml:lang="fr">

<dataset>
    <alternateIdentifier system="GBIF_PORTAL">14283</alternateIdentifier>
  <title>Inventaire National du Patrimoine Naturel : Oiseaux hivernants de France</title>
<creator>
    <individualName>
      <surName>D. Yaetman-Berthelot et G. Jarry (SEOF)</surName>
    </individualName>
    <address>
        <country>FRANCE</country>
    </address>
</creator>
<metadataProvider>
    <individualName>
        <givenName>Frédéric</givenName>
      <surName>Vest</surName>
    </individualName>
    <organizationName>Service du Patrimoine Naturel - Muséum national d&apos;Histoire Naturelle</organizationName>
    <address>
        <deliveryPoint>36 rue Geoffroy St Hilaire CP 41</deliveryPoint>
        <city>Paris</city>
        <postalCode>75231</postalCode>
        <country>FRANCE</country>
    </address>
    <electronicMailAddress>inpn@mnh.fr</electronicMailAddress>
</metadataProvider>
<pubDate>
        2012-06-27
</pubDate>
<language>FRENCH</language>
<abstract>
  <para>L&apos;objectif de cet inventaire est de rassembler un jeu exhaustif de données sur l&apos;ensemble des espèces hivernant en France métropolitaine. Le réseau a été coordonné par Mme D. Yaetman-Berthelot et G. Jarry (Société d&apos;Etude Ornithologique de France). Au 01/01/2002, la base contient environ 1 603 512 données. Celles-ci couvrent les 4 hivers de 1977-1978 à 1980-1981 à raison de 8 décades par hiver. Données essentielles (espèce, lieu, période), classes d&apos;abondance. Le lieu
est donné sous la forme d&apos;une maille de 4 décigrades x 2 décigrades (découpage des cartes IGN 1/50 000e).</para>
</abstract>
  <contact>
    <individualName>
        <givenName>Frédéric</givenName>
      <surName>Vest</surName>
    </individualName>
    <organizationName>Service du Patrimoine Naturel - Muséum national d&apos;Histoire Naturelle</organizationName>
    <address>
        <deliveryPoint>36 rue Geoffroy St Hilaire CP 41</deliveryPoint>
        <city>Paris</city>
        <postalCode>75231</postalCode>
        <country>FRANCE</country>
    </address>
    <electronicMailAddress>inpn@mnh.fr</electronicMailAddress>
  </contact>

</dataset>

<additionalMetadata>
  <metadata>
    <gbif>
        <dateStamp>2013-12-23T04:35:36.706+01:00</dateStamp>
        <citation>SPN - Service du Patrimoine naturel, Muséum national d&apos;Histoire naturelle, Paris: Inventaire National du Patrimoine Naturel : Oiseaux hivernants de France</citation>
    </gbif>
  </metadata>
</additionalMetadata>

</eml:eml>
