<eml:eml xmlns:eml="eml://ecoinformatics.org/eml-2.1.1"
         xmlns:xsi="http://www.w3.org/2001/XMLSchema-instance"
         xsi:schemaLocation="eml://ecoinformatics.org/eml-2.1.1 http://rs.gbif.org/schema/eml-gbif-profile/1.0.2/eml.xsd"
         packageId="83ac301c-f762-11e1-a439-00145eb45e9a" system="http://gbif.org" scope="system"
         xml:lang="en">

<dataset>
    <alternateIdentifier system="GBIF_PORTAL">347</alternateIdentifier>
  <title>Bay of Fundy Species List (OBIS Canada)</title>
<creator>
</creator>
<metadataProvider>
</metadataProvider>
<language>en</language>
<abstract>
  <para>Summary: The Bay of Fundy is a large embayment on the east coast of Canada that is an integral part of a complex hydrographic system that includes the Gulf of Maine. The Bay is best known for its highest tides in the world, but also represents one of the most productive ecosystems known. It contains and sustains a great variety of fishery and wildlife resources and provides habitat for a number of rare or endemic species, such as the right whale. The Bay of Fundy Species Information System is dedicated to providing taxonomic, biological and ecological information on marine algae, invertebrates, fish, mammals and shore birds. Various resources were used in the creation of the database, including published literature and experts for specific taxa. OBIS Schema concepts implemented in this data set are:DateLastModified, InstitutionCode, CollectionCode, CatalogNumber, ScientificName, Phylum, Class, Order, Family, ScientificNameAuthor, Country, Locality, Longitude, Latitude, StartLongitude, EndLongitude, StartLatitude, EndLatitude. For OBIS Schema concept details see http://www.iobis.org/tech/provider/</para>
</abstract>
  <intellectualRights>
    <para>Acknowledge the use of specific records from contributing databases in the form appearing in the &apos;Citation&apos; field thereof (if any); and acknowledge the use of the OBIS facility. For information purposes, email to obissupport@marine.rutgers.edu the full citation of any publication made (printed or electronic) that cites OBIS or any constituent part. Recognize the limitations of data in OBIS see http://www.iobis.org/data/policy/disclaimer for details.</para>
  </intellectualRights>
  <distribution scope="document">
    <online>
      <url function="information">http://gcmd.nasa.gov/KeywordSearch/Metadata.do?Portal=caobis&amp;MetadataType=0&amp;KeywordPath=&amp;MetadataView=Full&amp;EntryId=OBIS.BOFETF</url>
    </online>
  </distribution>

</dataset>

<additionalMetadata>
  <metadata>
    <gbif>
        <dateStamp>2012-03-08T01:07:31.000+01:00</dateStamp>
        <citation>Pohle, G., L. Van Guelpen, A. Martin, D. Welshman, and A. McGuire. 2004. Bay of Fundy Species</citation>
    </gbif>
  </metadata>
</additionalMetadata>

</eml:eml>
