<eml:eml xmlns:eml="eml://ecoinformatics.org/eml-2.1.1"
         xmlns:xsi="http://www.w3.org/2001/XMLSchema-instance"
         xsi:schemaLocation="eml://ecoinformatics.org/eml-2.1.1 http://rs.gbif.org/schema/eml-gbif-profile/1.0.2/eml.xsd"
         packageId="843cc7a8-f762-11e1-a439-00145eb45e9a" system="http://gbif.org" scope="system"
         xml:lang="en">

<dataset>
    <alternateIdentifier system="GBIF_PORTAL">475</alternateIdentifier>
  <title>Royal British Columbia Museum</title>
<creator>
</creator>
<metadataProvider>
</metadataProvider>
<language>en</language>
<abstract>
  <para></para>
</abstract>
  <intellectualRights>
    <para>Data Use Agreement: http://www.cbif.gc.ca/copyright_e.php#disclaim</para>
  </intellectualRights>
  <distribution scope="document">
    <online>
      <url function="information">http://rbcm1.rbcm.gov.bc.ca</url>
    </online>
  </distribution>
  <contact>
    <positionName>Manager, Natural History</positionName>
    <phone>1 250 387 3544</phone>
    <electronicMailAddress>ksendall[AT]ROYALBCMUSEUM.BC.CA</electronicMailAddress>
  </contact>

</dataset>

<additionalMetadata>
  <metadata>
    <gbif>
        <dateStamp>2012-11-06T11:29:21.000+01:00</dateStamp>
        <citation>Royal British Columbia Museum</citation>
    </gbif>
  </metadata>
</additionalMetadata>

</eml:eml>
