<eml:eml xmlns:eml="eml://ecoinformatics.org/eml-2.1.1"
         xmlns:xsi="http://www.w3.org/2001/XMLSchema-instance"
         xsi:schemaLocation="eml://ecoinformatics.org/eml-2.1.1 http://rs.gbif.org/schema/eml-gbif-profile/1.0.2/eml.xsd"
         packageId="843df0c4-f762-11e1-a439-00145eb45e9a" system="http://gbif.org" scope="system"
         xml:lang="en">

<dataset>
    <alternateIdentifier system="GBIF_PORTAL">476</alternateIdentifier>
  <title>Provincial Museum of Alberta, Edmonton, AB, Canada. Birds (Aves)</title>
<creator>
</creator>
<metadataProvider>
</metadataProvider>
<associatedParty>
    <phone>1 780 453-9179</phone>
    <electronicMailAddress>jocelyn.hudon[AT]gov.ab.ca</electronicMailAddress>
</associatedParty>
<associatedParty>
    <positionName>CBIF Node administrator</positionName>
    <phone>1 418 736-8479</phone>
    <electronicMailAddress>baillarg[AT]agr.gc.ca</electronicMailAddress>
</associatedParty>
<language>en</language>
<abstract>
  <para>Information gathered at time of collection, and in the lab prior to specimen preparation; also label data from the PMAE ornithological collections; received at CNC 2001.</para>
</abstract>
  <intellectualRights>
    <para>Data Use Agreement: http://www.cbif.gc.ca/copyright_e.php#disclaim</para>
  </intellectualRights>
  <distribution scope="document">
    <online>
      <url function="information">http://www.cbif.gc.ca</url>
    </online>
  </distribution>

</dataset>

<additionalMetadata>
  <metadata>
    <gbif>
        <dateStamp>2014-01-13T11:36:30.573+01:00</dateStamp>
        <citation>How you want your data cited</citation>
    </gbif>
  </metadata>
</additionalMetadata>

</eml:eml>
