<eml:eml xmlns:eml="eml://ecoinformatics.org/eml-2.1.1"
         xmlns:xsi="http://www.w3.org/2001/XMLSchema-instance"
         xsi:schemaLocation="eml://ecoinformatics.org/eml-2.1.1 http://rs.gbif.org/schema/eml-gbif-profile/1.0.2/eml.xsd"
         packageId="84a80b12-f762-11e1-a439-00145eb45e9a" system="http://gbif.org" scope="system"
         xml:lang="en">

<dataset>
    <alternateIdentifier system="GBIF_PORTAL">619</alternateIdentifier>
  <title>NBM birds</title>
<creator>
</creator>
<metadataProvider>
</metadataProvider>
<language>en</language>
<abstract>
  <para></para>
</abstract>
  <contact>
    <electronicMailAddress>Mary.Sollows@nbm-mnb.ca</electronicMailAddress>
  </contact>

</dataset>

<additionalMetadata>
  <metadata>
    <gbif>
        <dateStamp>2012-11-06T11:13:54.000+01:00</dateStamp>
        <citation>New Brunswick Museum: NBM birds</citation>
    </gbif>
  </metadata>
</additionalMetadata>

</eml:eml>
