<eml:eml xmlns:eml="eml://ecoinformatics.org/eml-2.1.1"
         xmlns:xsi="http://www.w3.org/2001/XMLSchema-instance"
         xsi:schemaLocation="eml://ecoinformatics.org/eml-2.1.1 http://rs.gbif.org/schema/eml-gbif-profile/1.0.2/eml.xsd"
         packageId="84b018de-f762-11e1-a439-00145eb45e9a" system="http://gbif.org" scope="system"
         xml:lang="en">

<dataset>
    <alternateIdentifier system="GBIF_PORTAL">632</alternateIdentifier>
  <title>Birds Specimens</title>
<creator>
    <individualName>
        <givenName>Tamaki</givenName>
      <surName>Yuri</surName>
    </individualName>
    <organizationName>Sam Noble Oklahoma Museum of Natural History</organizationName>
    <positionName>Collection Manager</positionName>
    <address>
        <deliveryPoint>2401 Chautauqua Ave.</deliveryPoint>
        <city>Norman</city>
        <administrativeArea>OK</administrativeArea>
        <postalCode>73072</postalCode>
        <country>UNITED_STATES</country>
    </address>
    <phone>405-325-8243</phone>
    <electronicMailAddress>tyuri@ou.edu</electronicMailAddress>
</creator>
<metadataProvider>
    <individualName>
        <givenName>Paul</givenName>
      <surName>King</surName>
    </individualName>
    <organizationName>Sam Noble Oklahoma Museum of Natural History</organizationName>
    <positionName>Head of IT</positionName>
    <address>
        <deliveryPoint>2401 Chautauqua Ave.</deliveryPoint>
        <city>Norman</city>
        <administrativeArea>OK</administrativeArea>
        <postalCode>73072</postalCode>
        <country>UNITED_STATES</country>
    </address>
    <phone>4053254168</phone>
    <electronicMailAddress>pking@ou.edu</electronicMailAddress>
</metadataProvider>
<associatedParty>
    <individualName>
        <givenName>Tamaki</givenName>
      <surName>Yuri</surName>
    </individualName>
    <organizationName>Sam Noble Oklahoma Museum of Natural History</organizationName>
    <positionName>Collection Manager</positionName>
    <address>
        <deliveryPoint>2401 Chautauqua Ave.</deliveryPoint>
        <city>Norman</city>
        <administrativeArea>OK</administrativeArea>
        <postalCode>73072</postalCode>
        <country>UNITED_STATES</country>
    </address>
    <phone>405-325-8243</phone>
    <electronicMailAddress>tyuri@ou.edu</electronicMailAddress>
    <role>CONTENT_PROVIDER</role>
</associatedParty>
<associatedParty>
    <individualName>
        <givenName>Janet</givenName>
      <surName>Braun</surName>
    </individualName>
    <organizationName>Sam Noble Museum of Natural History</organizationName>
    <positionName>Head Curator</positionName>
    <address>
        <deliveryPoint>2401 Chautauqua Ave.</deliveryPoint>
        <city>2401 Chautauqua Ave.</city>
        <administrativeArea>OK</administrativeArea>
        <postalCode>73072</postalCode>
        <country>UNITED_STATES</country>
    </address>
    <phone>405-325-0801</phone>
    <electronicMailAddress>jkbraun@ou.edu</electronicMailAddress>
    <role>OWNER</role>
</associatedParty>
<associatedParty>
    <individualName>
        <givenName>Paul</givenName>
      <surName>King</surName>
    </individualName>
    <organizationName>Sam Noble Oklahoma Museum of Natural History</organizationName>
    <positionName>Head of IT</positionName>
    <address>
        <deliveryPoint>2401 Chautauqua Ave.</deliveryPoint>
        <city>Norman</city>
        <administrativeArea>OK</administrativeArea>
        <postalCode>73072</postalCode>
        <country>UNITED_STATES</country>
    </address>
    <phone>4053254168</phone>
    <electronicMailAddress>pking@ou.edu</electronicMailAddress>
    <role>ADMINISTRATIVE_POINT_OF_CONTACT</role>
</associatedParty>
<pubDate>
        2014-04-10
</pubDate>
<language>ENGLISH</language>
<abstract>
  <para>The SNOMNH bird collection was established at the time of origin of the Museum in 1899. While two fires in the Museum (the last in 1918) destroyed the bird collection existing then, the collection subsequently has been developed into one of significant local, regional, and international importance. It is one of the largest in the central United States. Also associated with the bird collection is an extensive library of books and journals.</para>
</abstract>
  <keywordSet>
      <keyword>Occurrence</keyword>
      <keywordThesaurus>GBIF Dataset Type Vocabulary: http://rs.gbif.org/vocabulary/gbif/dataset_type.xml</keywordThesaurus>
  </keywordSet>
  <keywordSet>
      <keyword>Specimen</keyword>
      <keywordThesaurus>GBIF Dataset Subtype Vocabulary: http://rs.gbif.org/vocabulary/gbif/dataset_subtype.xml</keywordThesaurus>
  </keywordSet>
  <additionalInfo>
    <para>The SNOMNH desires to provide only accurate data. Although databases are refreshed and updated regularly, the databases are provided ‘as is’ without express or implied warranty, including the implied warranty of merchantability and fitness for a particular purpose. The SNOMNH does not accept responsibility for the accuracy of data taken by the user. The user accepts the responsibility of verifying the data, in consultation with the curatorial staff and/or by inspection of the specimens or objects and the collection catalogue. The SNOMNH shall not be liable for any damages, injury, or loss suffered by the users of the database or the software, programming, and other documentation found on these web pages or in these databases.</para>
  </additionalInfo>
  <intellectualRights>
    <para>SNOMNH data records may be used by individual researchers or research groups, but they may not be repackaged, resold, or redistributed in any form without the express written consent of a curatorial staff member of the Sam Noble Oklahoma Museum of Natural History. If any of these records are used in an analysis or report, the provenance of the original data must be acknowledged and the Sam Noble Oklahoma Museum of Natural History notified. SNOMNH and its staff are not responsible for damages, injury or loss due to the use of these data.</para>
  </intellectualRights>
  <distribution scope="document">
    <online>
      <url function="information">http://www.snomnh.ou.edu/collections-research/ornithology.htm</url>
    </online>
  </distribution>
  <coverage>
      <geographicCoverage>
          <geographicDescription>The collection includes specimens from around the world.</geographicDescription>
        <boundingCoordinates>
          <westBoundingCoordinate>-180</westBoundingCoordinate>
          <eastBoundingCoordinate>180</eastBoundingCoordinate>
          <northBoundingCoordinate>90</northBoundingCoordinate>
          <southBoundingCoordinate>-90</southBoundingCoordinate>
        </boundingCoordinates>
      </geographicCoverage>
  </coverage>
  <contact>
    <individualName>
        <givenName>Tamaki</givenName>
      <surName>Yuri</surName>
    </individualName>
    <organizationName>Sam Noble Oklahoma Museum of Natural History</organizationName>
    <positionName>Collection Manager</positionName>
    <address>
        <deliveryPoint>2401 Chautauqua Ave.</deliveryPoint>
        <city>Norman</city>
        <administrativeArea>OK</administrativeArea>
        <postalCode>73072</postalCode>
        <country>UNITED_STATES</country>
    </address>
    <phone>405-325-8243</phone>
    <electronicMailAddress>tyuri@ou.edu</electronicMailAddress>
  </contact>
  <methods>
      <methodStep>
        <description>
          <para></para>
        </description>
      </methodStep>
  </methods>

</dataset>

<additionalMetadata>
  <metadata>
    <gbif>
        <dateStamp>2014-04-11T01:59:50.827+02:00</dateStamp>
        <citation>Sam Noble Oklahoma Museum of Natural History: Birds Specimens</citation>
        <resourceLogoUrl>http://iptsnomnh.cloudapp.net:8080/ipt/logo.do?r=birds</resourceLogoUrl>
    </gbif>
  </metadata>
</additionalMetadata>

</eml:eml>
