<eml:eml xmlns:eml="eml://ecoinformatics.org/eml-2.1.1"
         xmlns:xsi="http://www.w3.org/2001/XMLSchema-instance"
         xsi:schemaLocation="eml://ecoinformatics.org/eml-2.1.1 http://rs.gbif.org/schema/eml-gbif-profile/1.0.2/eml.xsd"
         packageId="84b26828-f762-11e1-a439-00145eb45e9a" system="http://gbif.org" scope="system"
         xml:lang="en">

<dataset>
    <alternateIdentifier system="GBIF_PORTAL">634</alternateIdentifier>
  <title>Bird specimens</title>
<creator>
</creator>
<metadataProvider>
</metadataProvider>
<language>en</language>
<abstract>
  <para>SDNHM bird specimens.</para>
</abstract>
  <intellectualRights>
    <para>SDSNH data records may be used by individual researchers or research groups, but they may not be repackaged, resold, or redistributed in any form without the express written consent of a curatorial staff member of the SDSNH. If any of these records are used in an analysis or report, the provenance of the original data must be acknowledged and the SDSNH notified. The San Diego Soceity of Natural History or its staff are not responsible for damages, injury or loss due to the use of these data.</para>
  </intellectualRights>
  <distribution scope="document">
    <online>
      <url function="information">http://www.sdnhm.org/research/birds/index.html</url>
    </online>
  </distribution>
  <contact>
    <positionName>Birds and Mammals Curator</positionName>
    <phone>+01 619-255-0235</phone>
    <electronicMailAddress>punitt@sdnhm.org</electronicMailAddress>
  </contact>

</dataset>

<additionalMetadata>
  <metadata>
    <gbif>
        <dateStamp>2012-11-06T11:14:14.000+01:00</dateStamp>
        <citation>SDNHM BIrds Collection</citation>
    </gbif>
  </metadata>
</additionalMetadata>

</eml:eml>
