<eml:eml xmlns:eml="eml://ecoinformatics.org/eml-2.1.1"
         xmlns:xsi="http://www.w3.org/2001/XMLSchema-instance"
         xsi:schemaLocation="eml://ecoinformatics.org/eml-2.1.1 http://rs.gbif.org/schema/eml-gbif-profile/1.0.2/eml.xsd"
         packageId="851ab8c4-f762-11e1-a439-00145eb45e9a" system="http://gbif.org" scope="system"
         xml:lang="en">

<dataset>
    <alternateIdentifier system="GBIF_PORTAL">812</alternateIdentifier>
  <title>UNSM Vertebrate Specimens</title>
<creator>
</creator>
<metadataProvider>
</metadataProvider>
<associatedParty>
    <phone>+1 (402) 472-6606</phone>
    <electronicMailAddress>pfreeman1@unl.edu</electronicMailAddress>
    <role>ADMINISTRATIVE_POINT_OF_CONTACT</role>
</associatedParty>
<associatedParty>
    <phone>+1 (402) 472-8366</phone>
    <electronicMailAddress>tlabedz1@unl.edu</electronicMailAddress>
    <role>ADMINISTRATIVE_POINT_OF_CONTACT</role>
</associatedParty>
<language>en</language>
<abstract>
  <para>Specimen data for vertebrate specimens</para>
</abstract>
  <intellectualRights>
    <para>These data cannot be utilized in any publication or report, internal or external, without specific acknowledgement of the Division of Zoology and the University of Nebraska State Museum. These data, in whole or part, cannot be transferred to a third party without the written consent of the University of Nebraska State Museum. The University of Nebraska State Museum cannot be held responsible for inaccuracies in these data.</para>
  </intellectualRights>
  <distribution scope="document">
    <online>
      <url function="information">http://www-museum.unl.edu/research/zoology/zoology.html</url>
    </online>
  </distribution>
  <contact>
    <phone>+1 (402) 472-6606</phone>
    <electronicMailAddress>pfreeman1@unl.edu</electronicMailAddress>
  </contact>

</dataset>

<additionalMetadata>
  <metadata>
    <gbif>
        <dateStamp>2011-12-15T11:21:27.000+01:00</dateStamp>
        <citation>UNSM</citation>
    </gbif>
  </metadata>
</additionalMetadata>

</eml:eml>
