<eml:eml xmlns:eml="eml://ecoinformatics.org/eml-2.1.1"
         xmlns:xsi="http://www.w3.org/2001/XMLSchema-instance"
         xsi:schemaLocation="eml://ecoinformatics.org/eml-2.1.1 http://rs.gbif.org/schema/eml-gbif-profile/1.0.2/eml.xsd"
         packageId="8582b50a-f762-11e1-a439-00145eb45e9a" system="http://gbif.org" scope="system"
         xml:lang="en">

<dataset>
    <alternateIdentifier system="GBIF_PORTAL">1431</alternateIdentifier>
  <title>Israel Nature and Parks Authority</title>
<creator>
</creator>
<metadataProvider>
</metadataProvider>
<associatedParty>
    <address>
        <deliveryPoint>3 Am VeOlamo St.  Givat Shaul  Jerusalem 95463  Israel</deliveryPoint>
    </address>
    <electronicMailAddress>Eliezer.Frankenberg@npa.org.il</electronicMailAddress>
    <role>ADMINISTRATIVE_POINT_OF_CONTACT</role>
</associatedParty>
<associatedParty>
    <address>
        <deliveryPoint>Königin-Luise-Str. 6-8, 14195 Berlin, Germany</deliveryPoint>
    </address>
    <phone>+49 30 83850150</phone>
    <electronicMailAddress>biodiversitydata@bgbm.org</electronicMailAddress>
    <role>TECHNICAL_POINT_OF_CONTACT</role>
</associatedParty>
<language>en</language>
<abstract>
  <para></para>
</abstract>
  <contact>
    <address>
        <deliveryPoint>3 Am VeOlamo St.  Givat Shaul  Jerusalem 95463  Israel</deliveryPoint>
    </address>
    <electronicMailAddress>Eliezer.Frankenberg@npa.org.il</electronicMailAddress>
  </contact>

</dataset>

<additionalMetadata>
  <metadata>
    <gbif>
        <dateStamp>2014-01-13T11:32:12.136+01:00</dateStamp>
        <citation>Israel Nature &amp; Parks Authority (Ed.) 1970 - (continuously updated): Vertebrate and vascular plant observations of the Israel Nature and Parks Authority.</citation>
    </gbif>
  </metadata>
</additionalMetadata>

</eml:eml>
