<eml:eml xmlns:eml="eml://ecoinformatics.org/eml-2.1.1"
         xmlns:xsi="http://www.w3.org/2001/XMLSchema-instance"
         xsi:schemaLocation="eml://ecoinformatics.org/eml-2.1.1 http://rs.gbif.org/schema/eml-gbif-profile/1.0.2/eml.xsd"
         packageId="85fd399c-f762-11e1-a439-00145eb45e9a" system="http://gbif.org" scope="system"
         xml:lang="en">

<dataset>
    <alternateIdentifier system="GBIF_PORTAL">1767</alternateIdentifier>
  <title>Borror Laboratory of Bioacoustics</title>
<creator>
</creator>
<metadataProvider>
</metadataProvider>
<associatedParty>
    <positionName>Curator</positionName>
    <phone>01 614 292 2176</phone>
    <electronicMailAddress>borrorlab@osu.edu</electronicMailAddress>
</associatedParty>
<associatedParty>
    <positionName>Curator</positionName>
    <phone>01 614 292 2176</phone>
    <electronicMailAddress>borrorlab@osu.edu</electronicMailAddress>
</associatedParty>
<associatedParty>
    <positionName>Director</positionName>
    <phone>01 614 292 2176</phone>
    <electronicMailAddress>nelson.228@osu.edu</electronicMailAddress>
</associatedParty>
<language>en</language>
<abstract>
  <para>Bioacoustics recordings. 87% of holdings are of birds.</para>
</abstract>
  <intellectualRights>
    <para>The Borror Laboratory of Bioacoustics provides high-quality copies of recordings for research, education, management, and other uses. Please contact us at borrorlab.osu.edu 01 614 292 2176 to make requests or inquiries.</para>
  </intellectualRights>
  <distribution scope="document">
    <online>
      <url function="information">http://blb.biosci.ohio-state.edu</url>
    </online>
  </distribution>

</dataset>

<additionalMetadata>
  <metadata>
    <gbif>
        <dateStamp>2014-01-13T11:33:08.531+01:00</dateStamp>
        <citation>Borror Laboratory of Bioacoustics audio recording record.</citation>
    </gbif>
  </metadata>
</additionalMetadata>

</eml:eml>
