<eml:eml xmlns:eml="eml://ecoinformatics.org/eml-2.1.1"
         xmlns:xsi="http://www.w3.org/2001/XMLSchema-instance"
         xsi:schemaLocation="eml://ecoinformatics.org/eml-2.1.1 http://rs.gbif.org/schema/eml-gbif-profile/1.0.2/eml.xsd"
         packageId="864da4c2-f762-11e1-a439-00145eb45e9a" system="http://gbif.org" scope="system"
         xml:lang="en">

<dataset>
    <alternateIdentifier system="GBIF_PORTAL">1877</alternateIdentifier>
  <title>U.S.D.A. Forest Service, Redwood Sciences Laboratory - Lamna Point Count</title>
<creator>
</creator>
<metadataProvider>
</metadataProvider>
<associatedParty>
    <positionName>Wildlife biologist</positionName>
    <electronicMailAddress>lllong@fs.fed.us</electronicMailAddress>
</associatedParty>
<language>en</language>
<abstract>
  <para></para>
</abstract>
  <distribution scope="document">
    <online>
      <url function="information">http://www.fs.fed.us/psw/rsl</url>
    </online>
  </distribution>

</dataset>

<additionalMetadata>
  <metadata>
    <gbif>
        <dateStamp>2014-01-13T11:33:09.824+01:00</dateStamp>
        <citation>Avian Knowledge Network: U.S.D.A. Forest Service, Redwood Sciences Laboratory - Lamna Point Count</citation>
    </gbif>
  </metadata>
</additionalMetadata>

</eml:eml>
