<eml:eml xmlns:eml="eml://ecoinformatics.org/eml-2.1.1"
         xmlns:xsi="http://www.w3.org/2001/XMLSchema-instance"
         xsi:schemaLocation="eml://ecoinformatics.org/eml-2.1.1 http://rs.gbif.org/schema/eml-gbif-profile/1.0.2/eml.xsd"
         packageId="890c34ee-f762-11e1-a439-00145eb45e9a" system="http://gbif.org" scope="system"
         xml:lang="en">

<dataset>
    <alternateIdentifier system="GBIF_PORTAL">2512</alternateIdentifier>
  <title>MZFC/Coleccion de Aves</title>
<creator>
</creator>
<metadataProvider>
</metadataProvider>
<associatedParty>
    <electronicMailAddress>frg@hp.fciencias.unam.mx</electronicMailAddress>
    <role>POINT_OF_CONTACT</role>
</associatedParty>
<associatedParty>
    <electronicMailAddress>agmcolin@servidor.unam.mx</electronicMailAddress>
    <role>POINT_OF_CONTACT</role>
</associatedParty>
<associatedParty>
    <electronicMailAddress>fcvg01@servidor.unam.mx</electronicMailAddress>
    <role>POINT_OF_CONTACT</role>
</associatedParty>
<language>en</language>
<abstract>
  <para></para>
</abstract>
  <distribution scope="document">
    <online>
      <url function="information">http://www.fciencias.unam.mx/</url>
    </online>
  </distribution>

</dataset>

<additionalMetadata>
  <metadata>
    <gbif>
        <dateStamp>2008-07-15T02:57:13.000+02:00</dateStamp>
        <citation>MZFA-A, Museo de Zoología &quot;Alfonso L. Herrera&quot;, Facultad de Ciencias, Universidad Nacional Autónoma de México, http://www.fciencias.unam.mx/ consultada el dd/mm/yy.</citation>
    </gbif>
  </metadata>
</additionalMetadata>

</eml:eml>
