<eml:eml xmlns:eml="eml://ecoinformatics.org/eml-2.1.1"
         xmlns:xsi="http://www.w3.org/2001/XMLSchema-instance"
         xsi:schemaLocation="eml://ecoinformatics.org/eml-2.1.1 http://rs.gbif.org/schema/eml-gbif-profile/1.0.2/eml.xsd"
         packageId="9ce52ff6-01b6-44a2-b617-9bc2ee8e8cd1" system="http://gbif.org" scope="system"
         xml:lang="en">

<dataset>
    <alternateIdentifier system="GBIF_PORTAL">14798</alternateIdentifier>
  <title>MVZ Egg and Nest Collection (Arctos)</title>
<creator>
    <individualName>
        <givenName>Carla</givenName>
      <surName>Cicero</surName>
    </individualName>
    <organizationName>Museum of Vertebrate Zoology, UC Berkeley</organizationName>
    <positionName>Staff Curator of Birds</positionName>
    <address>
        <deliveryPoint>3101 Valley Life Science Building</deliveryPoint>
        <city>Berkeley</city>
        <administrativeArea>CA</administrativeArea>
        <postalCode>94720-3160</postalCode>
        <country>UNITED_STATES</country>
    </address>
    <phone>(510) 642-7868</phone>
    <electronicMailAddress>ccicero@berkeley.edu</electronicMailAddress>
</creator>
<metadataProvider>
    <individualName>
        <givenName>Carla</givenName>
      <surName>Cicero</surName>
    </individualName>
    <organizationName>Museum of Vertebrate Zoology, UC Berkeley</organizationName>
    <positionName>Staff Curator of Birds</positionName>
    <address>
        <deliveryPoint>3101 Valley Life Science Building</deliveryPoint>
        <city>Berkeley</city>
        <administrativeArea>CA</administrativeArea>
        <postalCode>94720-3160</postalCode>
        <country>UNITED_STATES</country>
    </address>
    <phone>(510) 642-7868</phone>
    <electronicMailAddress>ccicero@berkeley.edu</electronicMailAddress>
</metadataProvider>
<associatedParty>
    <individualName>
        <givenName>Rauri</givenName>
      <surName>Bowie</surName>
    </individualName>
    <organizationName>Museum of Vertebrate Zoology at UC Berkeley</organizationName>
    <positionName>Faculty Curator of Birds</positionName>
    <address>
        <deliveryPoint>3101 Valley Life Sciences Building</deliveryPoint>
        <city>Berkeley</city>
        <administrativeArea>CA</administrativeArea>
        <postalCode>94720-3160</postalCode>
        <country>UNITED_STATES</country>
    </address>
    <phone>(510) 643 1617</phone>
    <electronicMailAddress>bowie@berkeley.edu</electronicMailAddress>
    <role>POINT_OF_CONTACT</role>
</associatedParty>
<associatedParty>
    <individualName>
        <givenName>Dusty</givenName>
      <surName>McDonald</surName>
    </individualName>
    <organizationName>University of Alaska Museum</organizationName>
    <positionName>Arctos Database Programmer</positionName>
    <electronicMailAddress>dlmcdonald@alaska.edu</electronicMailAddress>
    <role>POINT_OF_CONTACT</role>
</associatedParty>
<associatedParty>
    <individualName>
        <givenName>John</givenName>
      <surName>Wieczorek</surName>
    </individualName>
    <organizationName>Museum of Vertebrate Zoology at UC Berkeley</organizationName>
    <positionName>Information Architect</positionName>
    <electronicMailAddress>tuco@berkeley.edu</electronicMailAddress>
    <role>PROGRAMMER</role>
</associatedParty>
<associatedParty>
    <individualName>
        <givenName>David</givenName>
      <surName>Bloom</surName>
    </individualName>
    <positionName>VertNet Coordinator</positionName>
    <electronicMailAddress>dbloom@vertnet.org</electronicMailAddress>
    <role>PROGRAMMER</role>
</associatedParty>
<associatedParty>
    <individualName>
        <givenName>Laura</givenName>
      <surName>Russell</surName>
    </individualName>
    <organizationName>VertNet</organizationName>
    <positionName>VertNet Programmer</positionName>
    <electronicMailAddress>larussell@vertnet.org</electronicMailAddress>
    <role>PROGRAMMER</role>
</associatedParty>
<pubDate>
        2014-03-01
</pubDate>
<language>ENGLISH</language>
<abstract>
  <para>MVZ egg and nest specimens are catalogued separately from traditional specimens (skins, skeletons, fluids). The egg and nest collection contains over 14,000 items, including over 12,800 egg sets, 220 nests, and 900 egg-nest combinations. The size of this collection ranks it as one of the largest such collections in North America. Eggs of nest parasites (e.g., cowbirds) are present in approximately 120 sets, and 150 egg sets or nests are associated with catalogued bird specimens. Eggs in this collection range in size from the tiny eggs of hummingbirds (0.2 grams) to the gigantic eggs of the extinct elephant bird (9 kilograms). Approximately 80-90% of the specimens are accompanied by original collector data slips and by photographs of sets taken in the museum, both of which are digitally linked to the record online. These data slips contain information on collecting locality, date, clutch size, incubation, identification, nest composition, and nest placement.</para>
</abstract>
  <keywordSet>
      <keyword>Occurrence</keyword>
      <keywordThesaurus>GBIF Dataset Type Vocabulary: http://rs.gbif.org/vocabulary/gbif/dataset_type.xml</keywordThesaurus>
  </keywordSet>
  <keywordSet>
      <keyword>Specimen</keyword>
      <keywordThesaurus>GBIF Dataset Subtype Vocabulary: http://rs.gbif.org/vocabulary/gbif/dataset_subtype.xml</keywordThesaurus>
  </keywordSet>
  <intellectualRights>
    <para>The data and media available through Arctos are the property of the originating institution, with all rights reserved. These records are intended for use in education and research and may not be repackaged, redistributed, or sold in any form without prior written consent from the collection(s) holding such data. Users wishing to include Arctos data or media in publications, reports, websites, or other means of dissemination must acknowledge the provenance of the original data, cite the institutional catalog number(s), and notify the appropriate curator. The date that information was accessed should be cited when downloaded data are used in published analyses. These are secondary data and their accuracy is not guaranteed. Citation of Arctos is no substitute for examination of specimens. The data providers are not responsible for loss or damages due to use of these data. http://arctosdb.org/home/data/ &lt;/br&gt;&lt;/br&gt;
For Terms of Use specific to the Museum of Vertebrate Zoology, see http://mvz.berkeley.edu/PDFs/MVZ_terms_of_use.pdf</para>
  </intellectualRights>
  <distribution scope="document">
    <online>
      <url function="information">http://mvz.berkeley.edu/Egg_Nest_Collection.html</url>
    </online>
  </distribution>
  <coverage>
      <geographicCoverage>
          <geographicDescription>The MVZ egg and nest collection is global. Geographic representation is greatest for western North America, but there also are significant holdings from Europe, Asia, Africa, and most other continents.</geographicDescription>
        <boundingCoordinates>
          <westBoundingCoordinate>-180</westBoundingCoordinate>
          <eastBoundingCoordinate>180</eastBoundingCoordinate>
          <northBoundingCoordinate>90</northBoundingCoordinate>
          <southBoundingCoordinate>-90</southBoundingCoordinate>
        </boundingCoordinates>
      </geographicCoverage>
      <temporalCoverage>
      </temporalCoverage>
        <taxonomicCoverage>
            <generalTaxonomicCoverage>The MVZ egg and nest collection contains all major orders of bird.</generalTaxonomicCoverage>
            <taxonomicClassification>
                <taxonRankName>CLASS</taxonRankName>
              <taxonRankValue>Aves</taxonRankValue>
            </taxonomicClassification>
        </taxonomicCoverage>
  </coverage>
  <contact>
    <individualName>
        <givenName>Carla Cicero</givenName>
      <surName>Cicero</surName>
    </individualName>
    <organizationName>Museum of Vertebrate Zoology, UC Berkeley</organizationName>
    <positionName>Staff Curator of Birds</positionName>
    <address>
        <deliveryPoint>3101 Valley Life Science Building, Berkeley, CA US, 94720-3160</deliveryPoint>
        <city>Berkeley</city>
        <administrativeArea>CA</administrativeArea>
        <postalCode>94720-3160</postalCode>
        <country>UNITED_STATES</country>
    </address>
    <phone>(510) 642-7868</phone>
    <electronicMailAddress>ccicero@berkeley.edu</electronicMailAddress>
  </contact>

</dataset>

<additionalMetadata>
  <metadata>
    <gbif>
        <dateStamp>2014-03-26T08:22:49.593+01:00</dateStamp>
        <citation>Museum of Vertebrate Zoology (MVZ), University of California, Berkeley</citation>
        <livingTimePeriod>1843 to present</livingTimePeriod>
    </gbif>
  </metadata>
</additionalMetadata>

</eml:eml>
