<eml:eml xmlns:eml="eml://ecoinformatics.org/eml-2.1.1"
         xmlns:xsi="http://www.w3.org/2001/XMLSchema-instance"
         xsi:schemaLocation="eml://ecoinformatics.org/eml-2.1.1 http://rs.gbif.org/schema/eml-gbif-profile/1.0.2/eml.xsd"
         packageId="a48ee88f-129a-49f5-852c-e9d6d1e8686f" system="http://gbif.org" scope="system"
         xml:lang="en">

<dataset>
    <alternateIdentifier system="GBIF_PORTAL">14275</alternateIdentifier>
  <title>Inventaire National du Patrimoine Naturel (I216) : Inventaire du Parc national du Mercantour</title>
<creator>
    <individualName>
      <surName>A. Turpaud et B. Lequette</surName>
    </individualName>
    <address>
        <country>FRANCE</country>
    </address>
</creator>
<metadataProvider>
    <individualName>
        <givenName>Frédéric</givenName>
      <surName>Vest</surName>
    </individualName>
    <organizationName>Service du Patrimoine Naturel - Muséum national d&apos;Histoire Naturelle</organizationName>
    <address>
        <deliveryPoint>36 rue Geoffroy St Hilaire CP 41</deliveryPoint>
        <city>Paris</city>
        <postalCode>75231</postalCode>
        <country>FRANCE</country>
    </address>
    <electronicMailAddress>inpn@mnh.fr</electronicMailAddress>
</metadataProvider>
<pubDate>
        2012-06-27
</pubDate>
<language>FRENCH</language>
<abstract>
  <para></para>
</abstract>
  <contact>
    <individualName>
        <givenName>Frédéric</givenName>
      <surName>Vest</surName>
    </individualName>
    <organizationName>Service du Patrimoine Naturel - Muséum national d&apos;Histoire Naturelle</organizationName>
    <address>
        <deliveryPoint>36 rue Geoffroy St Hilaire CP 41</deliveryPoint>
        <city>Paris</city>
        <postalCode>75231</postalCode>
        <country>FRANCE</country>
    </address>
    <electronicMailAddress>inpn@mnh.fr</electronicMailAddress>
  </contact>

</dataset>

<additionalMetadata>
  <metadata>
    <gbif>
        <dateStamp>2012-06-14T02:03:38.000+02:00</dateStamp>
        <citation>SPN - Service du Patrimoine naturel, Muséum national d&apos;Histoire naturelle, Paris: Inventaire National du Patrimoine Naturel (I216) : Inventaire du Parc national du Mercantour</citation>
    </gbif>
  </metadata>
</additionalMetadata>

</eml:eml>
