<eml:eml xmlns:eml="eml://ecoinformatics.org/eml-2.1.1"
         xmlns:xsi="http://www.w3.org/2001/XMLSchema-instance"
         xsi:schemaLocation="eml://ecoinformatics.org/eml-2.1.1 http://rs.gbif.org/schema/eml-gbif-profile/1.0.2/eml.xsd"
         packageId="ba0c03ab-fa61-4a3c-8db7-35c8c3454168" system="http://gbif.org" scope="system"
         xml:lang="en">

<dataset>
    <alternateIdentifier system="GBIF_PORTAL">13704</alternateIdentifier>
  <title>Ornithology specimens</title>
<creator>
</creator>
<metadataProvider>
</metadataProvider>
<language>en</language>
<abstract>
  <para></para>
</abstract>

</dataset>

<additionalMetadata>
  <metadata>
    <gbif>
        <dateStamp>2011-11-22T11:22:15.000+01:00</dateStamp>
        <citation>MNHN - Museum national d&apos;Histoire naturelle: Ornithology specimens</citation>
    </gbif>
  </metadata>
</additionalMetadata>

</eml:eml>
