<eml:eml xmlns:eml="eml://ecoinformatics.org/eml-2.1.1"
         xmlns:xsi="http://www.w3.org/2001/XMLSchema-instance"
         xsi:schemaLocation="eml://ecoinformatics.org/eml-2.1.1 http://rs.gbif.org/schema/eml-gbif-profile/1.0.2/eml.xsd"
         packageId="be2af664-2990-4153-99b5-d92bbd8cdb0e" system="http://gbif.org" scope="system"
         xml:lang="en">

<dataset>
    <alternateIdentifier system="GBIF_PORTAL">12034</alternateIdentifier>
  <title>Tiira information service</title>
<creator>
</creator>
<metadataProvider>
</metadataProvider>
<associatedParty>
    <positionName>[system administrator]</positionName>
    <phone>+358 9 4135 3300</phone>
    <electronicMailAddress>anttij.lind@birdlife.fi</electronicMailAddress>
</associatedParty>
<associatedParty>
    <positionName>[data administrator]</positionName>
    <phone>+358 9 4135 3300</phone>
    <electronicMailAddress>aki.arkiomaa@birdlife.fi</electronicMailAddress>
</associatedParty>
<language>en</language>
<abstract>
  <para>Tiira is the observation database of Birdlife Finland. Users can report their sightings and search and browse all observations.</para>
</abstract>
  <distribution scope="document">
    <online>
      <url function="information">http://gbif.tiira.fi/tapirlink/tapir.php/tiira</url>
    </online>
  </distribution>

</dataset>

<additionalMetadata>
  <metadata>
    <gbif>
        <dateStamp>2014-01-13T11:36:20.362+01:00</dateStamp>
        <citation>Birdlife Finland: Tiira information service</citation>
    </gbif>
  </metadata>
</additionalMetadata>

</eml:eml>
