<eml:eml xmlns:eml="eml://ecoinformatics.org/eml-2.1.1"
         xmlns:xsi="http://www.w3.org/2001/XMLSchema-instance"
         xsi:schemaLocation="eml://ecoinformatics.org/eml-2.1.1 http://rs.gbif.org/schema/eml-gbif-profile/1.0.2/eml.xsd"
         packageId="e3b959d6-fcbe-4a28-a166-e4a807c340a0" system="http://gbif.org" scope="system"
         xml:lang="en">

<dataset>
    <alternateIdentifier system="GBIF_PORTAL">14801</alternateIdentifier>
  <title>MVZ Bird Collection (Arctos)</title>
<creator>
    <individualName>
        <givenName>Carla</givenName>
      <surName>Cicero</surName>
    </individualName>
    <organizationName>Museum of Vertebrate Zoology, UC Berkeley</organizationName>
    <positionName>Staff Curator of Birds</positionName>
    <address>
        <deliveryPoint>3101 Valley Life Science Building</deliveryPoint>
        <city>Berkeley</city>
        <administrativeArea>CA</administrativeArea>
        <postalCode>94720-3160</postalCode>
        <country>UNITED_STATES</country>
    </address>
    <phone>(510) 642-7868</phone>
    <electronicMailAddress>ccicero@berkeley.edu</electronicMailAddress>
</creator>
<metadataProvider>
    <individualName>
        <givenName>Carla</givenName>
      <surName>Cicero</surName>
    </individualName>
    <organizationName>Museum of Vertebrate Zoology, UC Berkeley</organizationName>
    <positionName>Staff Curator of Birds</positionName>
    <address>
        <deliveryPoint>3101 Valley Life Science Building</deliveryPoint>
        <city>Berkeley</city>
        <administrativeArea>CA</administrativeArea>
        <postalCode>94720-3160</postalCode>
        <country>UNITED_STATES</country>
    </address>
    <phone>(510) 642-7868</phone>
    <electronicMailAddress>ccicero@berkeley.edu</electronicMailAddress>
</metadataProvider>
<associatedParty>
    <individualName>
        <givenName>Rauri</givenName>
      <surName>Bowie</surName>
    </individualName>
    <organizationName>Museum of Vertebrate Zoology at UC Berkeley</organizationName>
    <positionName>Faculty Curator of Birds</positionName>
    <address>
        <deliveryPoint>3101 Valley Life Sciences Building</deliveryPoint>
        <city>Berkeley</city>
        <administrativeArea>CA</administrativeArea>
        <postalCode>94720-3160</postalCode>
        <country>UNITED_STATES</country>
    </address>
    <phone>(510) 643 1617</phone>
    <electronicMailAddress>bowie@berkeley.edu</electronicMailAddress>
    <role>POINT_OF_CONTACT</role>
</associatedParty>
<associatedParty>
    <individualName>
        <givenName>Dusty</givenName>
      <surName>McDonald</surName>
    </individualName>
    <organizationName>University of Alaska Museum</organizationName>
    <positionName>Arctos Database Programmer</positionName>
    <electronicMailAddress>dlmcdonald@alaska.edu</electronicMailAddress>
    <role>POINT_OF_CONTACT</role>
</associatedParty>
<associatedParty>
    <individualName>
        <givenName>John</givenName>
      <surName>Wieczorek</surName>
    </individualName>
    <organizationName>Museum of Vertebrate Zoology at UC Berkeley</organizationName>
    <positionName>Information Architect</positionName>
    <electronicMailAddress>tuco@berkeley.edu</electronicMailAddress>
    <role>PROGRAMMER</role>
</associatedParty>
<associatedParty>
    <individualName>
        <givenName>David</givenName>
      <surName>Bloom</surName>
    </individualName>
    <positionName>VertNet Coordinator</positionName>
    <electronicMailAddress>dbloom@vertnet.org</electronicMailAddress>
    <role>PROGRAMMER</role>
</associatedParty>
<associatedParty>
    <individualName>
        <givenName>Laura</givenName>
      <surName>Russell</surName>
    </individualName>
    <organizationName>VertNet</organizationName>
    <positionName>VertNet Programmer</positionName>
    <electronicMailAddress>larussell@vertnet.org</electronicMailAddress>
    <role>PROGRAMMER</role>
</associatedParty>
<pubDate>
        2014-03-01
</pubDate>
<language>ENGLISH</language>
<abstract>
  <para>The MVZ bird collection is one of the largest in the United States. It houses over 185,000 catalogued specimens, including 174 holotype and 2 syntypes. The majority of specimens are study skins, but the collection also contains over 21,000 skeletal specimens and 3,200 fluid-preserved specimens. Other types of preparations include flat specimens (wings, skins) and body skins with skeletons (&quot;schmoos&quot;). Tissues, anatomical parts (e.g., syrinx, stomach contents), and parasites are routinely preserved with specimens. Many specimens also are associated with cataloged audio recordings.</para>
</abstract>
  <keywordSet>
      <keyword>Occurrence</keyword>
      <keywordThesaurus>GBIF Dataset Type Vocabulary: http://rs.gbif.org/vocabulary/gbif/dataset_type.xml</keywordThesaurus>
  </keywordSet>
  <keywordSet>
      <keyword>Specimen</keyword>
      <keywordThesaurus>GBIF Dataset Subtype Vocabulary: http://rs.gbif.org/vocabulary/gbif/dataset_subtype.xml</keywordThesaurus>
  </keywordSet>
  <intellectualRights>
    <para>The data and media available through Arctos are the property of the originating institution, with all rights reserved. These records are intended for use in education and research and may not be repackaged, redistributed, or sold in any form without prior written consent from the collection(s) holding such data. Users wishing to include Arctos data or media in publications, reports, websites, or other means of dissemination must acknowledge the provenance of the original data, cite the institutional catalog number(s), and notify the appropriate curator. The date that information was accessed should be cited when downloaded data are used in published analyses. These are secondary data and their accuracy is not guaranteed. Citation of Arctos is no substitute for examination of specimens. The data providers are not responsible for loss or damages due to use of these data. http://arctosdb.org/home/data/ &lt;/br&gt;&lt;/br&gt;
For Terms of Use specific to the Museum of Vertebrate Zoology, see http://mvz.berkeley.edu/PDFs/MVZ_terms_of_use.pdf</para>
  </intellectualRights>
  <distribution scope="document">
    <online>
      <url function="information">http://mvz.berkeley.edu/Bird_Collection.html</url>
    </online>
  </distribution>
  <coverage>
      <geographicCoverage>
          <geographicDescription>The MVZ bird collections are global. Geographic strengths are western North America from Alaska and British Columbia through southern Mexico. In addition, there are major series of specimens from Central America (especially Guatemala, El Salvador, and Costa Rica), South America (in particular, Colombia, Peru, Paraguay, and Argentina), the Hawaiian Islands, the South Pacific, Australia, and Africa.</geographicDescription>
        <boundingCoordinates>
          <westBoundingCoordinate>-180</westBoundingCoordinate>
          <eastBoundingCoordinate>180</eastBoundingCoordinate>
          <northBoundingCoordinate>90</northBoundingCoordinate>
          <southBoundingCoordinate>-90</southBoundingCoordinate>
        </boundingCoordinates>
      </geographicCoverage>
      <temporalCoverage>
      </temporalCoverage>
        <taxonomicCoverage>
            <generalTaxonomicCoverage>The collection is taxonomically synoptic, with representatives of every Recent order of birds. For most orders there is at least 70% representation at the generic level.</generalTaxonomicCoverage>
            <taxonomicClassification>
                <taxonRankName>CLASS</taxonRankName>
              <taxonRankValue>Aves</taxonRankValue>
            </taxonomicClassification>
        </taxonomicCoverage>
  </coverage>
  <contact>
    <individualName>
        <givenName>Carla Cicero</givenName>
      <surName>Cicero</surName>
    </individualName>
    <organizationName>Museum of Vertebrate Zoology, UC Berkeley</organizationName>
    <positionName>Staff Curator of Birds</positionName>
    <address>
        <deliveryPoint>3101 Valley Life Science Building, Berkeley, CA US, 94720-3160</deliveryPoint>
        <city>Berkeley</city>
        <administrativeArea>CA</administrativeArea>
        <postalCode>94720-3160</postalCode>
        <country>UNITED_STATES</country>
    </address>
    <phone>(510) 642-7868</phone>
    <electronicMailAddress>ccicero@berkeley.edu</electronicMailAddress>
  </contact>

</dataset>

<additionalMetadata>
  <metadata>
    <gbif>
        <dateStamp>2014-03-26T08:17:26.418+01:00</dateStamp>
        <citation>Museum of Vertebrate Zoology (MVZ), University of California, Berkeley</citation>
        <livingTimePeriod>1832 to present</livingTimePeriod>
    </gbif>
  </metadata>
</additionalMetadata>

</eml:eml>
