<eml:eml xmlns:eml="eml://ecoinformatics.org/eml-2.1.1"
         xmlns:xsi="http://www.w3.org/2001/XMLSchema-instance"
         xsi:schemaLocation="eml://ecoinformatics.org/eml-2.1.1 http://rs.gbif.org/schema/eml-gbif-profile/1.0.2/eml.xsd"
         packageId="5288946d-5fcf-4b53-8fd3-74f4cc6b53fc" system="http://gbif.org" scope="system"
         xml:lang="en">

<dataset>
    <alternateIdentifier system="GBIF_PORTAL">13544</alternateIdentifier>
  <title>CONN</title>
<creator>
</creator>
<metadataProvider>
</metadataProvider>
<language>en</language>
<abstract>
  <para>George Safford Torrey Herbarium specimens</para>
</abstract>
  <distribution scope="document">
    <online>
      <url function="information">http://bgbaseserver.eeb.uconn.edu/</url>
    </online>
  </distribution>
  <contact>
    <address>
        <deliveryPoint>75 N. Eagleville Road, Storrs, CT US, 06269-3043</deliveryPoint>
    </address>
    <phone>860-486-1889</phone>
    <electronicMailAddress>robert.capers@uconn.edu</electronicMailAddress>
  </contact>

</dataset>

<additionalMetadata>
  <metadata>
    <gbif>
        <dateStamp>2014-02-17T03:45:51.149+01:00</dateStamp>
        <citation>University of Connecticut: CONN</citation>
        <resourceLogoUrl>http://137.99.46.32:7001/ipt/logo.do?r=conn</resourceLogoUrl>
    </gbif>
  </metadata>
</additionalMetadata>

</eml:eml>
