<eml:eml xmlns:eml="eml://ecoinformatics.org/eml-2.1.1"
         xmlns:xsi="http://www.w3.org/2001/XMLSchema-instance"
         xsi:schemaLocation="eml://ecoinformatics.org/eml-2.1.1 http://rs.gbif.org/schema/eml-gbif-profile/1.0.2/eml.xsd"
         packageId="82a9db1a-f762-11e1-a439-00145eb45e9a" system="http://gbif.org" scope="system"
         xml:lang="en">

<dataset>
    <alternateIdentifier system="GBIF_PORTAL">14164</alternateIdentifier>
  <title>Mountain Invasion Research Network (MIREN) survey</title>
<creator>
</creator>
<metadataProvider>
</metadataProvider>
<associatedParty>
    <electronicMailAddress>kueffer@env.ethz.ch</electronicMailAddress>
    <role>ADMINISTRATIVE_POINT_OF_CONTACT</role>
</associatedParty>
<associatedParty>
    <electronicMailAddress>jake.alexander@env.ethz.ch</electronicMailAddress>
    <role>TECHNICAL_POINT_OF_CONTACT</role>
</associatedParty>
<language>en</language>
<abstract>
  <para>Roadside observations of non-native plant species along elevational gradients made by the Mountain Invasion Research Network (MIREN). See Alexander, J. M., C. Kueffer, C. C. Daehler, P. J. Edwards, A. Pauchard, T. Seipel, and MIREN Consortium. 2011. Assembly of nonnative floras along elevational gradients explained by directional ecological filtering. Proceedings of the National Academy of Sciences 108:656-661.</para>
</abstract>
  <intellectualRights>
    <para>The use of the data is allowed only for non-profit scientific use and for non-profit nature conservation purpose.</para>
  </intellectualRights>
  <distribution scope="document">
    <online>
      <url function="information">http://www.pnas.org/cgi/doi/10.1073/pnas.1013136108</url>
    </online>
  </distribution>
  <contact>
    <electronicMailAddress>kueffer@env.ethz.ch</electronicMailAddress>
  </contact>

</dataset>

<additionalMetadata>
  <metadata>
    <gbif>
        <dateStamp>2014-01-13T11:32:06.229+01:00</dateStamp>
        <citation>Mountain Invasion Research Network MIREN_ETH. Mountain Invasion Research Network (MIREN) survey</citation>
        <resourceLogoUrl>http://data.gbif.ch/InstitutionLogoWindow.action?institutionId=22</resourceLogoUrl>
    </gbif>
  </metadata>
</additionalMetadata>

</eml:eml>
