<eml:eml xmlns:eml="eml://ecoinformatics.org/eml-2.1.1"
         xmlns:xsi="http://www.w3.org/2001/XMLSchema-instance"
         xsi:schemaLocation="eml://ecoinformatics.org/eml-2.1.1 http://rs.gbif.org/schema/eml-gbif-profile/1.0.2/eml.xsd"
         packageId="830da118-f762-11e1-a439-00145eb45e9a" system="http://gbif.org" scope="system"
         xml:lang="en">

<dataset>
    <alternateIdentifier system="GBIF_PORTAL">123</alternateIdentifier>
  <title>Canadian Museum of Nature Herbarium</title>
<creator>
</creator>
<metadataProvider>
</metadataProvider>
<associatedParty>
    <positionName>Chief Registrar</positionName>
    <electronicMailAddress>pfrank@mus-nature.ca</electronicMailAddress>
</associatedParty>
<associatedParty>
    <positionName>Chief Collection Manager</positionName>
    <electronicMailAddress>jdoubt@mus-nature.ca</electronicMailAddress>
</associatedParty>
<language>en</language>
<abstract>
  <para>Records from the Canadian Museum of Nature Herbarium (The National Herbarium of Canada), including algae (CANA), bryophytes (CANM), lichens (CANL) and vascular plants (CAN). NOTE that geographical co-ordinates in the records are in some cases transcribed from specimen labels, whereas in others they have been derived by CMN staff from secondary sources (georeferencing). No GBIF field is available to differentiate records of each type. If you require this information, please contact CMN staff.</para>
</abstract>
  <intellectualRights>
    <para>Data are provided for personal research only. Data may not be used for any commercial purposes. Data may not be transferred to another database for distribution to others without prior, written permission from the Canadian Museum of Nature.</para>
  </intellectualRights>
  <distribution scope="document">
    <online>
      <url function="information">http://nature.ca/en/research-collections/our-collections</url>
    </online>
  </distribution>

</dataset>

<additionalMetadata>
  <metadata>
    <gbif>
        <dateStamp>2014-01-13T11:33:38.500+01:00</dateStamp>
        <citation>Canadian Museum of Nature Herbarium (The National Herbarium of Canada)</citation>
    </gbif>
  </metadata>
</additionalMetadata>

</eml:eml>
