<eml:eml xmlns:eml="eml://ecoinformatics.org/eml-2.1.1"
         xmlns:xsi="http://www.w3.org/2001/XMLSchema-instance"
         xsi:schemaLocation="eml://ecoinformatics.org/eml-2.1.1 http://rs.gbif.org/schema/eml-gbif-profile/1.0.2/eml.xsd"
         packageId="854a88d8-f762-11e1-a439-00145eb45e9a" system="http://gbif.org" scope="system"
         xml:lang="en">

<dataset>
    <alternateIdentifier system="GBIF_PORTAL">1013</alternateIdentifier>
  <title>Utah Valley State College Herbarium</title>
<creator>
</creator>
<metadataProvider>
</metadataProvider>
<associatedParty>
    <electronicMailAddress>harrisji@uvsc.edu</electronicMailAddress>
    <role>ADMINISTRATIVE_POINT_OF_CONTACT</role>
</associatedParty>
<associatedParty>
    <electronicMailAddress>wilsonbu@uvsc.edu</electronicMailAddress>
    <role>TECHNICAL_POINT_OF_CONTACT</role>
</associatedParty>
<associatedParty>
    <electronicMailAddress>barnesdo@uvsc.edu</electronicMailAddress>
    <role>ADMINISTRATIVE_POINT_OF_CONTACT</role>
</associatedParty>
<language>en</language>
<abstract>
  <para>Utah Valley State College Herbarium specializing in the flora of Utah and the intermountian west.</para>
</abstract>
  <distribution scope="document">
    <online>
      <url function="information">http://herbarium.uvsc.edu</url>
    </online>
  </distribution>
  <contact>
    <electronicMailAddress>harrisji@uvsc.edu</electronicMailAddress>
  </contact>

</dataset>

<additionalMetadata>
  <metadata>
    <gbif>
        <dateStamp>2007-08-01T05:38:34.000+02:00</dateStamp>
        <citation>James Harris, et al., The Utah Valley State College Herbarium on-line catalog, http://herbarium.uvsc.edu, accessed on [day] [month] [year].</citation>
    </gbif>
  </metadata>
</additionalMetadata>

</eml:eml>
