<eml:eml xmlns:eml="eml://ecoinformatics.org/eml-2.1.1"
         xmlns:xsi="http://www.w3.org/2001/XMLSchema-instance"
         xsi:schemaLocation="eml://ecoinformatics.org/eml-2.1.1 http://rs.gbif.org/schema/eml-gbif-profile/1.0.2/eml.xsd"
         packageId="95b97882-f762-11e1-a439-00145eb45e9a" system="http://gbif.org" scope="system"
         xml:lang="en">

<dataset>
    <alternateIdentifier system="GBIF_PORTAL">7900</alternateIdentifier>
  <title>UA Herbarium</title>
<creator>
</creator>
<metadataProvider>
</metadataProvider>
<language>en</language>
<abstract>
  <para>http://ag.arizona.edu/herbarium/index.php</para>
</abstract>
  <intellectualRights>
    <para>ARIZ data records may be used by individual researchers or research groups for non-commercial purposes. These data may not be repackaged, resold, or redistributed in any form without the express written consent of the Curator, Collection Manager or Director of the University of Arizona Herbarium. If any of these records are used in an analysis, report or publication, the provenance of the original data must be acknowledged and the University of Arizona Herbarium notified. ARIZ or its staff are not responsible for damages, injury or loss due to the use of this data.</para>
  </intellectualRights>
  <distribution scope="document">
    <online>
      <url function="information">http://ag.arizona.edu/herbarium/index.php</url>
    </online>
  </distribution>
  <contact>
    <positionName>Director</positionName>
    <phone>01 520 621 7243</phone>
    <electronicMailAddress>mcmahonm@email.arizona.edu</electronicMailAddress>
  </contact>

</dataset>

<additionalMetadata>
  <metadata>
    <gbif>
        <dateStamp>2012-11-06T11:37:42.000+01:00</dateStamp>
        <citation>University of Arizona Herbarium (ARIZ)</citation>
    </gbif>
  </metadata>
</additionalMetadata>

</eml:eml>
