<eml:eml xmlns:eml="eml://ecoinformatics.org/eml-2.1.1"
         xmlns:xsi="http://www.w3.org/2001/XMLSchema-instance"
         xsi:schemaLocation="eml://ecoinformatics.org/eml-2.1.1 http://rs.gbif.org/schema/eml-gbif-profile/1.0.2/eml.xsd"
         packageId="d9522343-146c-4d6b-b312-543d4d8ca0e8" system="http://gbif.org" scope="system"
         xml:lang="en">

<dataset>
    <alternateIdentifier system="GBIF_PORTAL">14338</alternateIdentifier>
  <title>Green Plant Herbarium (TRT)</title>
<creator>
    <individualName>
        <givenName>Tim</givenName>
      <surName>Dickinson</surName>
    </individualName>
    <organizationName>Royal Ontario Museum</organizationName>
    <positionName>Senior Curator</positionName>
    <address>
        <deliveryPoint>100 Queen&apos;s Park</deliveryPoint>
        <city>Toronto</city>
        <administrativeArea>ON</administrativeArea>
        <postalCode>M5S 2C6</postalCode>
        <country>CANADA</country>
    </address>
    <phone>416 586 8032</phone>
    <electronicMailAddress>tim.dickinson@utoronto.ca</electronicMailAddress>
</creator>
<metadataProvider>
    <individualName>
        <givenName>Tim</givenName>
      <surName>Dickinson</surName>
    </individualName>
    <organizationName>Royal Ontario Museum</organizationName>
    <positionName>Senior Curator</positionName>
    <address>
        <deliveryPoint>100 Queen&apos;s Park</deliveryPoint>
        <city>Toronto</city>
        <administrativeArea>ON</administrativeArea>
        <postalCode>M5S 2C6</postalCode>
        <country>CANADA</country>
    </address>
    <phone>416 586 8032</phone>
    <electronicMailAddress>tim.dickinson@utoronto.ca</electronicMailAddress>
</metadataProvider>
<associatedParty>
    <organizationName>Royal Ontario Museum</organizationName>
    <address>
        <deliveryPoint>100 Queen&apos;s Park</deliveryPoint>
        <city>Toronto</city>
        <administrativeArea>ON</administrativeArea>
        <postalCode>M5S 2C6</postalCode>
        <country>CANADA</country>
    </address>
    <role>PUBLISHER</role>
</associatedParty>
<associatedParty>
    <individualName>
        <givenName>David</givenName>
      <surName>Baxter</surName>
    </individualName>
    <organizationName>Royal Ontario Museum</organizationName>
    <positionName>Contract Database Technician</positionName>
    <address>
        <deliveryPoint>100 Queen&apos;s Park</deliveryPoint>
        <city>Toronto</city>
        <administrativeArea>ON</administrativeArea>
        <postalCode>M5S 2C6</postalCode>
        <country>CANADA</country>
    </address>
    <phone>416 586 5812</phone>
    <electronicMailAddress>david.baxter@mail.utoronto.ca</electronicMailAddress>
    <role>CONTENT_PROVIDER</role>
</associatedParty>
<associatedParty>
    <individualName>
        <givenName>Deborah</givenName>
      <surName>Metsger</surName>
    </individualName>
    <organizationName>Royal Ontario Museum</organizationName>
    <positionName>Assistant Curator</positionName>
    <address>
        <deliveryPoint>100 Queen&apos;s Park</deliveryPoint>
        <city>Toronto</city>
        <administrativeArea>ON</administrativeArea>
        <postalCode>M5S 2C6</postalCode>
        <country>CANADA</country>
    </address>
    <phone>416 586 5610</phone>
    <electronicMailAddress>debm@rom.on.ca</electronicMailAddress>
    <role>CONTENT_PROVIDER</role>
</associatedParty>
<associatedParty>
    <individualName>
        <givenName>Tim</givenName>
      <surName>Dickinson</surName>
    </individualName>
    <organizationName>Royal Ontario Museum</organizationName>
    <positionName>Senior Curator</positionName>
    <address>
        <deliveryPoint>100 Queen&apos;s Park</deliveryPoint>
        <city>Toronto</city>
        <administrativeArea>ON</administrativeArea>
        <postalCode>M5S 2C6</postalCode>
        <country>CANADA</country>
    </address>
    <phone>416 586 8032</phone>
    <electronicMailAddress>tim.dickinson@utoronto.ca</electronicMailAddress>
    <role>CUSTODIAN_STEWARD</role>
</associatedParty>
<pubDate>
        2013-07-10
</pubDate>
<language>ENGLISH</language>
<abstract>
  <para>The Green Plant Herbarium holds in excess of 370,000 accessioned vascular plants. The collection, formerly at the University of Toronto, is now owned by the Royal Ontario Museum (ROM) Department of Natural History. The Green Plant Herbarium comprises the former Vascular Plant Herbarium (also TRT) and the bryological collections that were housed in the Cryptogamic Herbarium (TRTC), hence the change of name. TRT also houses the algae that were formerly held at TRTC. Important collections include those of H. V. Begley, C. D. Bird, H. H. Brown, T. J. W. Burgess, R. F. Cain, P. M. Catling, F. Cook, T. A. Dickinson, J.-P. Frahm, F. C. Fyre, S. Hattori, M. Heimburger, J. C. Krug, M. Landon, J. Macoun, S. McKay-Kuja, J. K. Morton (personal herbarium, North American material), E. A. Moxley, J. B. Phipps, J. Riley, V. Schiffner, W. Scott, J. H. Soper, T. M. C. Taylor, J. Walker, W. Watson, A. White, J. White, and R. E. Whiting.</para>
</abstract>
  <keywordSet>
      <keyword>North America</keyword>
      <keyword>Royal Ontario Museum</keyword>
      <keyword>TRT</keyword>
      <keyword>ROM</keyword>
      <keyword>Crataegus</keyword>
      <keyword>Canada</keyword>
      <keyword>herbarium</keyword>
      <keyword>Green Plant Herbarium</keyword>
      <keyword>green plants</keyword>
      <keyword>Canadensys</keyword>
      <keyword>collection</keyword>
      <keyword>specimens</keyword>
      <keyword>Ontario</keyword>
      <keywordThesaurus>n/a</keywordThesaurus>
  </keywordSet>
  <keywordSet>
      <keyword>Occurrence</keyword>
      <keywordThesaurus>GBIF Dataset Type Vocabulary: http://rs.gbif.org/vocabulary/gbif/dataset_type.xml</keywordThesaurus>
  </keywordSet>
  <keywordSet>
      <keyword>Specimen</keyword>
      <keywordThesaurus>GBIF Dataset Subtype Vocabulary: http://rs.gbif.org/vocabulary/gbif/dataset_subtype.xml</keywordThesaurus>
  </keywordSet>
  <intellectualRights>
    <para>http://creativecommons.org/publicdomain/zero/1.0/ &amp; http://www.canadensys.net/norms</para>
  </intellectualRights>
  <distribution scope="document">
    <online>
      <url function="information">http://www.eeb.utoronto.ca/eebresearch/facilities/ph-rom.htm</url>
    </online>
  </distribution>
  <coverage>
      <geographicCoverage>
          <geographicDescription>The ROM Green Plant Herbarium houses plant specimens documenting the Ontario flora, and allied floras of North America and Eurasia. Specimens from other floras, including neotropical (Grenada, Guyana) provide broad taxonomic coverage. Images are collected that relate to the taxa and taxon associations (vegetation units) represented in the herbarium. The herbarium also holds Quaternary and archaeobotanical collections from Ontario, other provinces and territories, and adjacent states, with collections from Florida, Minnesota, and Grenada. These include stratified botanical fossils from studies of past vegetation, climate, hydrology, and limnology.</geographicDescription>
        <boundingCoordinates>
          <westBoundingCoordinate>-180</westBoundingCoordinate>
          <eastBoundingCoordinate>180</eastBoundingCoordinate>
          <northBoundingCoordinate>90</northBoundingCoordinate>
          <southBoundingCoordinate>-90</southBoundingCoordinate>
        </boundingCoordinates>
      </geographicCoverage>
      <temporalCoverage>
      </temporalCoverage>
        <taxonomicCoverage>
            <generalTaxonomicCoverage>This dataset comprises digitized specimen records of vascular plants, identified to species. Current emphasis is on woody plants of Ontario, and Crataegus of North America.</generalTaxonomicCoverage>
            <taxonomicClassification>
                <taxonRankName>KINGDOM</taxonRankName>
              <taxonRankValue>Plantae</taxonRankValue>
                <commonName>Plants</commonName>
            </taxonomicClassification>
            <taxonomicClassification>
                <taxonRankName>CLASS</taxonRankName>
              <taxonRankValue>Equisetopsida</taxonRankValue>
                <commonName>Vascular plants</commonName>
            </taxonomicClassification>
            <taxonomicClassification>
                <taxonRankName>GENUS</taxonRankName>
              <taxonRankValue>Crataegus</taxonRankValue>
                <commonName>Hawthorn</commonName>
            </taxonomicClassification>
        </taxonomicCoverage>
  </coverage>
  <contact>
    <individualName>
        <givenName>Tim</givenName>
      <surName>Dickinson</surName>
    </individualName>
    <organizationName>Royal Ontario Museum</organizationName>
    <positionName>Senior Curator</positionName>
    <address>
        <deliveryPoint>100 Queen&apos;s Park</deliveryPoint>
        <city>Toronto</city>
        <administrativeArea>ON</administrativeArea>
        <postalCode>M5S 2C6</postalCode>
        <country>CANADA</country>
    </address>
    <phone>416 586 8032</phone>
    <electronicMailAddress>tim.dickinson@utoronto.ca</electronicMailAddress>
  </contact>
  <methods>
      <methodStep>
        <description>
          <para>Examine specimen and any attached/included labels. Verify and update determination if qualified.</para>
        </description>
      </methodStep>
      <methodStep>
        <description>
          <para>Search specimen record in collection database and update where necessary, or create new record and populate fields with the information on the specimen and annotation labels. Use controlled vocabularies where relevant. New determinations are recorded under the local components of scientificName, and the earlier ones are concatenated under previousIdentifications.</para>
        </description>
      </methodStep>
      <methodStep>
        <description>
          <para>Additional specimen data related to voucher status, publications and derived samples are included if available.</para>
        </description>
      </methodStep>
      <methodStep>
        <description>
          <para>Prepare and attach the label generated from the completed database record to the physical specimen, if new, apply barcode label, take digital image, and then scan the barcode number into the image filename and (separately) into database record.</para>
        </description>
      </methodStep>
      <sampling>
        <studyExtent>
          <description>
            <para>Digitization of vascular plant and bryophyte specimens records from the Green Plant Herbarium of the Royal Ontario Museum (TRT), with a focus on plants of Ontario and Crataegus of North America.</para>
          </description>
        </studyExtent>
        <samplingDescription>
          <para>All data are manually digitized as text from specimen labels. Since 2011 specimen accessioning includes digital imaging, but these have not yet been deployed in data entry.</para>
        </samplingDescription>
      </sampling>
      <qualityControl>
        <description>
          <para>Legacy data have been formatted to fit the new Darwin Core-compliant database structure and have been cleaned to the best of our abilities, but they may still contain inconsistencies. They are further corrected on an ad hoc basis as resources permit. New records are entered using controlled vocabularies where relevant and should contain fewer errors.</para>
        </description>
      </qualityControl>
  </methods>

</dataset>

<additionalMetadata>
  <metadata>
    <gbif>
        <dateStamp>2013-10-24T01:20:49.800+02:00</dateStamp>
        <citation identifier="doi:10.5886/g7j6gct1">Green Plant Herbarium (TRT) from Royal Ontario Museum. http://dx.doi.org/10.5886/g7j6gct1 (accessed on [date]).</citation>
          <physical>
            <objectName>Canadensys explorer</objectName>
            <characterEncoding>UTF-8</characterEncoding>
            <dataFormat>
              <externallyDefinedFormat>
                <formatName>HTML</formatName>
              </externallyDefinedFormat>
            </dataFormat>
            <distribution>
              <online>
                <url function="download">http://data.canadensys.net/explorer/d/trt-specimens</url>
              </online>
            </distribution>
          </physical>
          <physical>
            <objectName>GBIF data portal</objectName>
            <characterEncoding>UTF-8</characterEncoding>
            <dataFormat>
              <externallyDefinedFormat>
                <formatName>HTML</formatName>
              </externallyDefinedFormat>
            </dataFormat>
            <distribution>
              <online>
                <url function="download">http://data.gbif.org/datasets/resource/14338/</url>
              </online>
            </distribution>
          </physical>
        <resourceLogoUrl>http://data.canadensys.net/ipt/logo.do?r=trt-specimens</resourceLogoUrl>
        <collection>
          <parentCollectionIdentifier>TRT</parentCollectionIdentifier>
          <collectionIdentifier>TRT</collectionIdentifier>
          <collectionName>Green Plant Herbarium</collectionName>
        </collection>
        <formationPeriod>early 1800-present</formationPeriod>
        <specimenPreservationMethod>MOUNTED</specimenPreservationMethod>
    </gbif>
  </metadata>
</additionalMetadata>

</eml:eml>
