<eml:eml xmlns:eml="eml://ecoinformatics.org/eml-2.1.1"
         xmlns:xsi="http://www.w3.org/2001/XMLSchema-instance"
         xsi:schemaLocation="eml://ecoinformatics.org/eml-2.1.1 http://rs.gbif.org/schema/eml-gbif-profile/1.0.2/eml.xsd"
         packageId="086a644d-6cbe-43b7-b7c7-d33d36028d7f" system="http://gbif.org" scope="system"
         xml:lang="en">

<dataset>
    <alternateIdentifier system="GBIF_PORTAL">839</alternateIdentifier>
  <title>Botanical Society of the British Isles - Vascular Plants Database</title>
<creator>
</creator>
<metadataProvider>
</metadataProvider>
<language>en</language>
<abstract>
  <para>NBN Gateway Dataset GA000091</para>
</abstract>
  <distribution scope="document">
    <online>
      <url function="information">http://data.nbn.org.uk/datasetInfo/taxonDataset.jsp?dsKey=GA000091</url>
    </online>
  </distribution>

</dataset>

<additionalMetadata>
  <metadata>
    <gbif>
        <dateStamp>2010-09-15T02:14:55.000+02:00</dateStamp>
        <citation>UK National Biodiversity Network: Botanical Society of the British Isles - Vascular Plants Database</citation>
    </gbif>
  </metadata>
</additionalMetadata>

</eml:eml>
