<eml:eml xmlns:eml="eml://ecoinformatics.org/eml-2.1.1"
         xmlns:xsi="http://www.w3.org/2001/XMLSchema-instance"
         xsi:schemaLocation="eml://ecoinformatics.org/eml-2.1.1 http://rs.gbif.org/schema/eml-gbif-profile/1.0.2/eml.xsd"
         packageId="0afba960-be3b-4202-a7de-736ae05aec9e" system="http://gbif.org" scope="system"
         xml:lang="en">

<dataset>
  <title>University of Vienna, Institute for Botany - Herbarium WU</title>
<creator>
</creator>
<metadataProvider>
</metadataProvider>
<associatedParty>
    <address>
        <deliveryPoint>Rennweg 14, A-1030 Vienna, Austria / Europe</deliveryPoint>
    </address>
    <phone>+43 (1) 4277-54171</phone>
    <electronicMailAddress>heimo.rainer@univie.ac.at</electronicMailAddress>
    <role>ADMINISTRATIVE_POINT_OF_CONTACT</role>
</associatedParty>
<associatedParty>
    <address>
        <deliveryPoint>Rennweg 14, A-1030 Vienna, Austria</deliveryPoint>
    </address>
    <phone>+43 (1) 4277-54171</phone>
    <electronicMailAddress>heimo.rainer@univie.ac.at</electronicMailAddress>
    <role>TECHNICAL_POINT_OF_CONTACT</role>
</associatedParty>
<language>en</language>
<abstract>
  <para></para>
</abstract>
  <contact>
    <address>
        <deliveryPoint>Rennweg 14, A-1030 Vienna, Austria / Europe</deliveryPoint>
    </address>
    <phone>+43 (1) 4277-54171</phone>
    <electronicMailAddress>heimo.rainer@univie.ac.at</electronicMailAddress>
  </contact>

</dataset>

<additionalMetadata>
  <metadata>
    <gbif>
        <dateStamp>2014-01-13T11:32:06.385+01:00</dateStamp>
        <citation>University of Vienna, Institute for Botany - Herbarium WU: University of Vienna, Institute for Botany - Herbarium WU</citation>
    </gbif>
  </metadata>
</additionalMetadata>

</eml:eml>
