<eml:eml xmlns:eml="eml://ecoinformatics.org/eml-2.1.1"
         xmlns:xsi="http://www.w3.org/2001/XMLSchema-instance"
         xsi:schemaLocation="eml://ecoinformatics.org/eml-2.1.1 http://rs.gbif.org/schema/eml-gbif-profile/1.0.2/eml.xsd"
         packageId="0de20c27-792a-461b-ae59-3ab8221a1113" system="http://gbif.org" scope="system"
         xml:lang="en">

<dataset>
    <alternateIdentifier system="GBIF_PORTAL">11862</alternateIdentifier>
  <title>Dorset Environmental Records Centre - Dorset SSSI Species Records 1952 - 2004 (Natural England)</title>
<creator>
</creator>
<metadataProvider>
</metadataProvider>
<language>en</language>
<abstract>
  <para>NBN Gateway Dataset GA000489</para>
</abstract>
  <distribution scope="document">
    <online>
      <url function="information">http://data.nbn.org.uk/datasetInfo/taxonDataset.jsp?dsKey=GA000489</url>
    </online>
  </distribution>

</dataset>

<additionalMetadata>
  <metadata>
    <gbif>
        <dateStamp>2010-09-15T11:14:42.000+02:00</dateStamp>
        <citation>UK National Biodiversity Network: Dorset Environmental Records Centre - Dorset SSSI Species Records 1952 - 2004 (Natural England)</citation>
    </gbif>
  </metadata>
</additionalMetadata>

</eml:eml>
