<eml:eml xmlns:eml="eml://ecoinformatics.org/eml-2.1.1"
         xmlns:xsi="http://www.w3.org/2001/XMLSchema-instance"
         xsi:schemaLocation="eml://ecoinformatics.org/eml-2.1.1 http://rs.gbif.org/schema/eml-gbif-profile/1.0.2/eml.xsd"
         packageId="10c56b8e-862e-41ce-ae6b-0a659398f931" system="http://gbif.org" scope="system"
         xml:lang="en">

<dataset>
    <alternateIdentifier system="GBIF_PORTAL">13993</alternateIdentifier>
  <title>Woodland Condition Survey Group - Plants recorded during the non-SSSI woodland condition survey 2011</title>
<creator>
</creator>
<metadataProvider>
</metadataProvider>
<language>en</language>
<abstract>
  <para>NBN Gateway Dataset GA000938</para>
</abstract>
  <distribution scope="document">
    <online>
      <url function="information">http://data.nbn.org.uk/datasetInfo/taxonDataset.jsp?dsKey=GA000938</url>
    </online>
  </distribution>

</dataset>

<additionalMetadata>
  <metadata>
    <gbif>
        <dateStamp>2012-01-16T12:02:23.000+01:00</dateStamp>
        <citation>UK National Biodiversity Network: Woodland Condition Survey Group - Plants recorded during the non-SSSI woodland condition survey 2011</citation>
    </gbif>
  </metadata>
</additionalMetadata>

</eml:eml>
