<eml:eml xmlns:eml="eml://ecoinformatics.org/eml-2.1.1"
         xmlns:xsi="http://www.w3.org/2001/XMLSchema-instance"
         xsi:schemaLocation="eml://ecoinformatics.org/eml-2.1.1 http://rs.gbif.org/schema/eml-gbif-profile/1.0.2/eml.xsd"
         packageId="1c403d2c-5c37-4237-9746-8ed539b9ba15" system="http://gbif.org" scope="system"
         xml:lang="fr">

<dataset>
    <alternateIdentifier system="GBIF_PORTAL">13733</alternateIdentifier>
  <title>Collection du Musée d&apos;Histoire Naturelle de Nice</title>
<creator>
    <individualName>
        <givenName>Olivier</givenName>
      <surName>Gerriet</surName>
    </individualName>
    <organizationName>Muséum d&apos;Histoire naturelle de Nice</organizationName>
    <positionName>Administrator</positionName>
    <address>
        <deliveryPoint>60 boulevard Risso</deliveryPoint>
        <city>Nice</city>
        <postalCode>6300</postalCode>
    </address>
    <phone>+33 (0)4 97 13 44 82</phone>
    <electronicMailAddress>olivier.gerriet@ville-nice.fr</electronicMailAddress>
</creator>
<metadataProvider>
    <individualName>
        <givenName>Olivier</givenName>
      <surName>Gerriet</surName>
    </individualName>
    <organizationName>Muséum d&apos;Histoire naturelle de Nice</organizationName>
    <positionName>Administrator</positionName>
    <address>
        <deliveryPoint>60 boulevard Risso</deliveryPoint>
        <city>Nice</city>
        <postalCode>6300</postalCode>
    </address>
    <phone>+33 (0)4 97 13 44 82</phone>
    <electronicMailAddress>olivier.gerriet@ville-nice.fr</electronicMailAddress>
</metadataProvider>
<pubDate>
        2011-12-06
</pubDate>
<language>FRENCH</language>
<abstract>
  <para>Animaux marins et de plantes / Marine species and plants</para>
</abstract>
  <contact>
    <individualName>
        <givenName>Olivier</givenName>
      <surName>Gerriet</surName>
    </individualName>
    <organizationName>Muséum d&apos;Histoire naturelle de Nice</organizationName>
    <positionName>Administrator</positionName>
    <address>
        <deliveryPoint>60 boulevard Risso</deliveryPoint>
        <city>Nice</city>
        <postalCode>6300</postalCode>
        <country>FRANCE</country>
    </address>
    <phone>+33 (0)4 97 13 44 82</phone>
    <electronicMailAddress>olivier.gerriet@ville-nice.fr</electronicMailAddress>
  </contact>

</dataset>

<additionalMetadata>
  <metadata>
    <gbif>
        <dateStamp>2014-01-09T04:52:54.580+01:00</dateStamp>
        <citation>Muséum d&apos;Histoire Naturelle de Nice: Collection du Musée d&apos;Histoire Naturelle de Nice</citation>
    </gbif>
  </metadata>
</additionalMetadata>

</eml:eml>
