<eml:eml xmlns:eml="eml://ecoinformatics.org/eml-2.1.1"
         xmlns:xsi="http://www.w3.org/2001/XMLSchema-instance"
         xsi:schemaLocation="eml://ecoinformatics.org/eml-2.1.1 http://rs.gbif.org/schema/eml-gbif-profile/1.0.2/eml.xsd"
         packageId="2d680d46-d783-4ea7-94b1-2556cd653e36" system="http://gbif.org" scope="system"
         xml:lang="fr">

<dataset>
    <alternateIdentifier system="GBIF_PORTAL">12442</alternateIdentifier>
  <title>Phytochorologie des départements français</title>
<creator>
</creator>
<metadataProvider>
</metadataProvider>
<language>en</language>
<abstract>
  <para>Ce projet à pour but de réaliser les listes  de plantes présentes dans chaque département français.

Un travail d&apos;harmonisation est réalisé pour la nomenclature des taxons sur la base de l&apos;index synonymique réalisé par Benoît BOCK dans le cadre du projet &quot;Index synonymique&quot; de Tela Botanica.

Les listes réalisées seront disponibles en ligne au fur et à mesure de leur réalisation.

Vous pouvez aussi consulter, via une interface web, l&apos;état d&apos;avancement du projet : http://www.tela-botanica.org/chorologie</para>
</abstract>
  <intellectualRights>
    <para>Tela Botanica a choisi de publier par défaut son contenu sous licence libre Creative Commons (by-sa) afin d&apos;en faciliter la divulgation : http://creativecommons.org/licenses/by-sa/2.0/fr/</para>
  </intellectualRights>
  <distribution scope="document">
    <online>
      <url function="information">http://www.tela-botanica.org/tapirlink/tapir.php/chorodep</url>
    </online>
  </distribution>
  <contact>
    <positionName>system administrator</positionName>
    <phone>+33467524122</phone>
    <electronicMailAddress>jpm@tela-botanica.org</electronicMailAddress>
  </contact>

</dataset>

<additionalMetadata>
  <metadata>
    <gbif>
        <dateStamp>2012-11-06T12:11:59.000+01:00</dateStamp>
        <citation>Tela-Botanica: Phytochorologie des départements français</citation>
        <resourceLogoUrl>http://www.tela-botanica.org/accueil/logo_tela_botanica.png</resourceLogoUrl>
    </gbif>
  </metadata>
</additionalMetadata>

</eml:eml>
