<eml:eml xmlns:eml="eml://ecoinformatics.org/eml-2.1.1"
         xmlns:xsi="http://www.w3.org/2001/XMLSchema-instance"
         xsi:schemaLocation="eml://ecoinformatics.org/eml-2.1.1 http://rs.gbif.org/schema/eml-gbif-profile/1.0.2/eml.xsd"
         packageId="36c6ba38-1387-11e2-bb2e-00145eb45e9a" system="http://gbif.org" scope="system"
         xml:lang="en">

<dataset>
    <alternateIdentifier system="GBIF_PORTAL">14519</alternateIdentifier>
  <title>FlorKart - FlorenKartierung Gefaesspflanzen</title>
<creator>
</creator>
<metadataProvider>
</metadataProvider>
<associatedParty>
    <address>
        <deliveryPoint>BfN, Konstantinstr. 110, D-53179 Bonn</deliveryPoint>
    </address>
    <phone>+49-228-84911441</phone>
    <electronicMailAddress>rudolf.may@bfn.de</electronicMailAddress>
    <role>ADMINISTRATIVE_POINT_OF_CONTACT</role>
</associatedParty>
<associatedParty>
    <address>
        <deliveryPoint>BfN, Konstantinstr. 110, D-53179 Bonn</deliveryPoint>
    </address>
    <phone>+49-228-84911441</phone>
    <electronicMailAddress>rudolf.may@bfn.de</electronicMailAddress>
    <role>TECHNICAL_POINT_OF_CONTACT</role>
</associatedParty>
<language>en</language>
<abstract>
  <para>Verbreitung der Farn- und Bluetenpflanzen in Deutschland, Vorkommensnachweise aggregiert auf Rasterfelder der Topographischen Karte im Massstab 1 : 25000 (TK25 = MTB), Blattschnitt 6 x 10 Minuten, sowie in Zeitperioden &apos;vor 1950&apos;, &apos;1950 - 1980&apos;, &apos;1980 - 2000&apos;</para>
</abstract>
  <intellectualRights>
    <para>BfN/NetPhyD</para>
  </intellectualRights>
  <distribution scope="document">
    <online>
      <url function="information">http://www.floraweb.de</url>
    </online>
  </distribution>
  <contact>
    <address>
        <deliveryPoint>BfN, Konstantinstr. 110, D-53179 Bonn</deliveryPoint>
    </address>
    <phone>+49-228-84911441</phone>
    <electronicMailAddress>rudolf.may@bfn.de</electronicMailAddress>
  </contact>

</dataset>

<additionalMetadata>
  <metadata>
    <gbif>
        <dateStamp>2014-01-13T11:33:16.791+01:00</dateStamp>
        <citation>Datenbank FLORKART, BfN und NetPhyD</citation>
        <resourceLogoUrl>http://www.bfn.de/fileadmin/global/templates/images/logo_bfn.gif</resourceLogoUrl>
    </gbif>
  </metadata>
</additionalMetadata>

</eml:eml>
