<eml:eml xmlns:eml="eml://ecoinformatics.org/eml-2.1.1"
         xmlns:xsi="http://www.w3.org/2001/XMLSchema-instance"
         xsi:schemaLocation="eml://ecoinformatics.org/eml-2.1.1 http://rs.gbif.org/schema/eml-gbif-profile/1.0.2/eml.xsd"
         packageId="4ec3868e-b460-48f0-bd64-8e5daf392827" system="http://gbif.org" scope="system"
         xml:lang="en">

<dataset>
    <alternateIdentifier system="GBIF_PORTAL">11892</alternateIdentifier>
  <title>Hertfordshire Natural History Society Flora Group - Hertfordshire Flora Survey Records 1987-2005</title>
<creator>
</creator>
<metadataProvider>
</metadataProvider>
<language>en</language>
<abstract>
  <para>NBN Gateway Dataset GA000776</para>
</abstract>
  <distribution scope="document">
    <online>
      <url function="information">http://data.nbn.org.uk/datasetInfo/taxonDataset.jsp?dsKey=GA000776</url>
    </online>
  </distribution>

</dataset>

<additionalMetadata>
  <metadata>
    <gbif>
        <dateStamp>2010-09-15T11:36:08.000+02:00</dateStamp>
        <citation>UK National Biodiversity Network: Hertfordshire Natural History Society Flora Group - Hertfordshire Flora Survey Records 1987-2005</citation>
    </gbif>
  </metadata>
</additionalMetadata>

</eml:eml>
