<eml:eml xmlns:eml="eml://ecoinformatics.org/eml-2.1.1"
         xmlns:xsi="http://www.w3.org/2001/XMLSchema-instance"
         xsi:schemaLocation="eml://ecoinformatics.org/eml-2.1.1 http://rs.gbif.org/schema/eml-gbif-profile/1.0.2/eml.xsd"
         packageId="51d71c70-5094-4639-aa36-174130ab9a96" system="http://gbif.org" scope="system"
         xml:lang="en">

<dataset>
    <alternateIdentifier system="GBIF_PORTAL">12726</alternateIdentifier>
  <title>North &amp; East Yorkshire Ecological Data Centre - North and East Yorkshire Ecological Data Centre - Non-sensitive Records from all taxonomic groups. </title>
<creator>
</creator>
<metadataProvider>
</metadataProvider>
<language>en</language>
<abstract>
  <para>NBN Gateway Dataset GA000839</para>
</abstract>
  <distribution scope="document">
    <online>
      <url function="information">http://data.nbn.org.uk/datasetInfo/taxonDataset.jsp?dsKey=GA000839</url>
    </online>
  </distribution>

</dataset>

<additionalMetadata>
  <metadata>
    <gbif>
        <dateStamp>2011-03-15T10:32:32.000+01:00</dateStamp>
        <citation>UK National Biodiversity Network: North &amp; East Yorkshire Ecological Data Centre - North and East Yorkshire Ecological Data Centre - Non-sensitive Records from all taxonomic groups. </citation>
    </gbif>
  </metadata>
</additionalMetadata>

</eml:eml>
