<eml:eml xmlns:eml="eml://ecoinformatics.org/eml-2.1.1"
         xmlns:xsi="http://www.w3.org/2001/XMLSchema-instance"
         xsi:schemaLocation="eml://ecoinformatics.org/eml-2.1.1 http://rs.gbif.org/schema/eml-gbif-profile/1.0.2/eml.xsd"
         packageId="55d3f041-5cd7-45cf-99e0-80cddfd035d7" system="http://gbif.org" scope="system"
         xml:lang="es">

<dataset>
    <alternateIdentifier system="GBIF_PORTAL">14947</alternateIdentifier>
  <title>Herbario CDMB - Jardín Botánico Eloy Valenzuela</title>
<creator>
    <individualName>
        <givenName>Diana Gicela</givenName>
      <surName>Blanco Vega</surName>
    </individualName>
    <organizationName>Corporación Autonoma Regional para la Defensa de la Meseta de Bucaramanga</organizationName>
    <positionName>Bióloga</positionName>
    <address>
        <deliveryPoint>Entrada a la Urbanización Bucarica, Carretera Antigua a Floridablanca.</deliveryPoint>
        <city>Floridablanca</city>
        <administrativeArea>Santander</administrativeArea>
        <country>COLOMBIA</country>
    </address>
    <phone>+57 76480729</phone>
    <electronicMailAddress>jardin@cdmb.gov.co</electronicMailAddress>
</creator>
<metadataProvider>
    <individualName>
        <givenName>Diana Gicela</givenName>
      <surName>Blanco Vega</surName>
    </individualName>
    <organizationName>Corporación Autonoma Regional para la Defensa de la Meseta de Bucaramanga</organizationName>
    <positionName>Bióloga</positionName>
    <address>
        <deliveryPoint>Entrada a la Urbanización Bucarica, Carretera Antigua a Floridablanca.</deliveryPoint>
        <city>Floridablanca</city>
        <administrativeArea>Santander</administrativeArea>
        <country>COLOMBIA</country>
    </address>
    <phone>+57 76480729</phone>
    <electronicMailAddress>jardin@cdmb.gov.co</electronicMailAddress>
</metadataProvider>
<associatedParty>
    <individualName>
        <givenName>Alicia</givenName>
      <surName>Rojas</surName>
    </individualName>
    <organizationName>Corporación Autónoma para la Defensa de la Meseta de Bucaramanga</organizationName>
    <positionName>Curadora Colecciones Biológicas CDMB</positionName>
    <address>
        <deliveryPoint>Entrada a la Urbanización Bucarica, Carretera Antigua a Floridablanca.</deliveryPoint>
        <city>Floridablanca</city>
        <administrativeArea>Santander</administrativeArea>
        <country>COLOMBIA</country>
    </address>
    <phone>6480729</phone>
    <electronicMailAddress>aliciarojasbio@gmail.com</electronicMailAddress>
    <role>ADMINISTRATIVE_POINT_OF_CONTACT</role>
</associatedParty>
<associatedParty>
    <individualName>
        <givenName>Diana Gicela</givenName>
      <surName>Blanco Vega</surName>
    </individualName>
    <organizationName>Corporación Autonoma Regional para la Defensa de la Meseta de Bucaramanga</organizationName>
    <positionName>Bióloga</positionName>
    <address>
        <deliveryPoint>Entrada a la Urbanización Bucarica, Carretera Antigua a Floridablanca.</deliveryPoint>
        <city>Floridablanca</city>
        <administrativeArea>Santander</administrativeArea>
        <country>COLOMBIA</country>
    </address>
    <phone>6480729</phone>
    <electronicMailAddress>jardin@cdmb.gov.co</electronicMailAddress>
    <role>PUBLISHER</role>
</associatedParty>
<pubDate>
        2013-10-04
</pubDate>
<language>SPANISH</language>
<abstract>
  <para>Es una colección de herbario que cuenta con información de la flora presente en el Departamento de Santander y de forma especial de los 13 municipios que componen el área de jurisdicción de la Corporación Autónoma para la Defensa de la Meseta de Bucaramanga.  El herbario se encuentra ubicado en las instalaciones del Jardín Botánico Eloy Valenzuela en el Municipio de Floridablanca.  La colección de herbario se encuentra registrada ante el Registro Nacional de Colecciones desde el 10 de agosto de 2001 y en la Asociación Colombiana de Herbarios desde el año 2006.  Para el 12 de Abril de 2013, se cuenta con un total de 6821 exsicados.  La información contiene el nombre científico de la especie, la localidad en la que fue colectada, coordenadas geográficas, altitud, nombre del colector, fecha de colección, entre otros.</para>
</abstract>
  <keywordSet>
      <keyword>Jardín Botánico Eloy Valenzuela</keyword>
      <keyword>planta</keyword>
      <keyword>exsicado</keyword>
      <keyword>Santander.</keyword>
      <keyword>colector</keyword>
      <keyword>género</keyword>
      <keyword>familia</keyword>
      <keyword>colección biológica</keyword>
      <keyword>Herbario</keyword>
      <keyword>CDMB</keyword>
      <keyword>exsicata</keyword>
      <keyword>especie</keyword>
      <keywordThesaurus>n/a</keywordThesaurus>
  </keywordSet>
  <keywordSet>
      <keyword>Occurrence</keyword>
      <keywordThesaurus>GBIF Dataset Type Vocabulary: http://rs.gbif.org/vocabulary/gbif/dataset_type.xml</keywordThesaurus>
  </keywordSet>
  <keywordSet>
      <keyword>Specimen</keyword>
      <keywordThesaurus>GBIF Dataset Subtype Vocabulary: http://rs.gbif.org/vocabulary/gbif/dataset_subtype.xml</keywordThesaurus>
  </keywordSet>
  <additionalInfo>
    <para>Cualquier Información acerca de las colecciones biológicas del Jardín Botánico comunicarse a los teléfonos 6480729, 6346100 Ext 3140 o escribir al correo electrónico jardin@cdmb.gov.co</para>
  </additionalInfo>
  <intellectualRights>
    <para>El Herbario CDMB- Jardín Botánico se encuentra a cargo de una entidad pública, Corporación de Defensa de la Meseta de Bucaramanga CDMB, por lo tanto toda la información contenida en las colecciones biológicas de Herbario, plantas vivas y colección de Insectos, puede ser consultada por toda la comunidad dando los créditos correspondientes a la entidad.</para>
  </intellectualRights>
  <distribution scope="document">
    <online>
      <url function="information">http://ipt.sibcolombia.net/sib//resource.do?r=eloy_valenzuela</url>
    </online>
  </distribution>
  <coverage>
      <geographicCoverage>
          <geographicDescription>La información de la Colección Biológica de Herbario Jardín Botánico Eloy Valenzuela - CDMB corresponde a la Flora del Departamento de Santander, con énfasis en los 13 municipios de la jurisdicción de la CDMB (Vetas, Charta, California, Matanza, Suratá, Rionegro, El Playón, Lebrija, Girón, Bucaramanga, Piedecuesta, Floridablanca y Tona).</geographicDescription>
        <boundingCoordinates>
          <westBoundingCoordinate>-73.91</westBoundingCoordinate>
          <eastBoundingCoordinate>-72.07</eastBoundingCoordinate>
          <northBoundingCoordinate>7.91</northBoundingCoordinate>
          <southBoundingCoordinate>5.91</southBoundingCoordinate>
        </boundingCoordinates>
      </geographicCoverage>
      <temporalCoverage>
          <rangeOfDates>
            <beginDate>
              <calendarDate>        1987-09-22
</calendarDate>
            </beginDate>
            <endDate>
              <calendarDate>        2013-04-12
</calendarDate>
            </endDate>
          </rangeOfDates>
      </temporalCoverage>
        <taxonomicCoverage>
            <generalTaxonomicCoverage>Se incluye la información de 6821 exsicados de especies vegetales presentes en el Departamento de Santander.  La información incluye el nombre científico, autor, coordenadas, altitud, fecha, colector, entre otros.</generalTaxonomicCoverage>
            <taxonomicClassification>
                <taxonRankName>FAMILY</taxonRankName>
              <taxonRankValue>Acanthaceae</taxonRankValue>
            </taxonomicClassification>
            <taxonomicClassification>
                <taxonRankName>FAMILY</taxonRankName>
              <taxonRankValue>Actinidiaceae</taxonRankValue>
            </taxonomicClassification>
            <taxonomicClassification>
                <taxonRankName>FAMILY</taxonRankName>
              <taxonRankValue>Adiantaceae</taxonRankValue>
            </taxonomicClassification>
            <taxonomicClassification>
                <taxonRankName>FAMILY</taxonRankName>
              <taxonRankValue>Adoxaceae</taxonRankValue>
            </taxonomicClassification>
            <taxonomicClassification>
                <taxonRankName>FAMILY</taxonRankName>
              <taxonRankValue>Alstroemeriaceae</taxonRankValue>
            </taxonomicClassification>
            <taxonomicClassification>
                <taxonRankName>FAMILY</taxonRankName>
              <taxonRankValue>Alzateaceae</taxonRankValue>
            </taxonomicClassification>
            <taxonomicClassification>
                <taxonRankName>FAMILY</taxonRankName>
              <taxonRankValue>Amaranthaceae</taxonRankValue>
            </taxonomicClassification>
            <taxonomicClassification>
                <taxonRankName>FAMILY</taxonRankName>
              <taxonRankValue>Anacardiaceae</taxonRankValue>
            </taxonomicClassification>
            <taxonomicClassification>
                <taxonRankName>FAMILY</taxonRankName>
              <taxonRankValue>Annonaceae</taxonRankValue>
            </taxonomicClassification>
            <taxonomicClassification>
                <taxonRankName>FAMILY</taxonRankName>
              <taxonRankValue>Apiaceae</taxonRankValue>
            </taxonomicClassification>
            <taxonomicClassification>
                <taxonRankName>FAMILY</taxonRankName>
              <taxonRankValue>Apocynaceae</taxonRankValue>
            </taxonomicClassification>
            <taxonomicClassification>
                <taxonRankName>FAMILY</taxonRankName>
              <taxonRankValue>Aquifoliaceae</taxonRankValue>
            </taxonomicClassification>
            <taxonomicClassification>
                <taxonRankName>FAMILY</taxonRankName>
              <taxonRankValue>Araceae</taxonRankValue>
            </taxonomicClassification>
            <taxonomicClassification>
                <taxonRankName>FAMILY</taxonRankName>
              <taxonRankValue>Araliaceae</taxonRankValue>
            </taxonomicClassification>
            <taxonomicClassification>
                <taxonRankName>FAMILY</taxonRankName>
              <taxonRankValue>Araucariaceae</taxonRankValue>
            </taxonomicClassification>
            <taxonomicClassification>
                <taxonRankName>FAMILY</taxonRankName>
              <taxonRankValue>Arecaceae</taxonRankValue>
            </taxonomicClassification>
            <taxonomicClassification>
                <taxonRankName>FAMILY</taxonRankName>
              <taxonRankValue>Asclepiadaceae</taxonRankValue>
            </taxonomicClassification>
            <taxonomicClassification>
                <taxonRankName>FAMILY</taxonRankName>
              <taxonRankValue>Asparagaceae</taxonRankValue>
            </taxonomicClassification>
            <taxonomicClassification>
                <taxonRankName>FAMILY</taxonRankName>
              <taxonRankValue>Aspleniaceae</taxonRankValue>
            </taxonomicClassification>
            <taxonomicClassification>
                <taxonRankName>FAMILY</taxonRankName>
              <taxonRankValue>Asteraceae</taxonRankValue>
            </taxonomicClassification>
            <taxonomicClassification>
                <taxonRankName>FAMILY</taxonRankName>
              <taxonRankValue>Balsaminaceae</taxonRankValue>
            </taxonomicClassification>
            <taxonomicClassification>
                <taxonRankName>FAMILY</taxonRankName>
              <taxonRankValue>Begoniaceae</taxonRankValue>
            </taxonomicClassification>
            <taxonomicClassification>
                <taxonRankName>FAMILY</taxonRankName>
              <taxonRankValue>Bignoniaceae</taxonRankValue>
            </taxonomicClassification>
            <taxonomicClassification>
                <taxonRankName>FAMILY</taxonRankName>
              <taxonRankValue>Bixaceae</taxonRankValue>
            </taxonomicClassification>
            <taxonomicClassification>
                <taxonRankName>FAMILY</taxonRankName>
              <taxonRankValue>Blechnaceae</taxonRankValue>
            </taxonomicClassification>
            <taxonomicClassification>
                <taxonRankName>FAMILY</taxonRankName>
              <taxonRankValue>Boraginaceae</taxonRankValue>
            </taxonomicClassification>
            <taxonomicClassification>
                <taxonRankName>FAMILY</taxonRankName>
              <taxonRankValue>Brassicaceae</taxonRankValue>
            </taxonomicClassification>
            <taxonomicClassification>
                <taxonRankName>FAMILY</taxonRankName>
              <taxonRankValue>Bromeliaceae</taxonRankValue>
            </taxonomicClassification>
            <taxonomicClassification>
                <taxonRankName>FAMILY</taxonRankName>
              <taxonRankValue>Burseraceae</taxonRankValue>
            </taxonomicClassification>
            <taxonomicClassification>
                <taxonRankName>FAMILY</taxonRankName>
              <taxonRankValue>Cactaceae</taxonRankValue>
            </taxonomicClassification>
            <taxonomicClassification>
                <taxonRankName>FAMILY</taxonRankName>
              <taxonRankValue>Campanulaceae</taxonRankValue>
            </taxonomicClassification>
            <taxonomicClassification>
                <taxonRankName>FAMILY</taxonRankName>
              <taxonRankValue>Cannabaceae</taxonRankValue>
            </taxonomicClassification>
            <taxonomicClassification>
                <taxonRankName>FAMILY</taxonRankName>
              <taxonRankValue>Capparaceae</taxonRankValue>
            </taxonomicClassification>
            <taxonomicClassification>
                <taxonRankName>FAMILY</taxonRankName>
              <taxonRankValue>Caricaceae</taxonRankValue>
            </taxonomicClassification>
            <taxonomicClassification>
                <taxonRankName>FAMILY</taxonRankName>
              <taxonRankValue>Caryophyllaceae</taxonRankValue>
            </taxonomicClassification>
            <taxonomicClassification>
                <taxonRankName>FAMILY</taxonRankName>
              <taxonRankValue>Casuarinaceae</taxonRankValue>
            </taxonomicClassification>
            <taxonomicClassification>
                <taxonRankName>FAMILY</taxonRankName>
              <taxonRankValue>Cecropiaceae</taxonRankValue>
            </taxonomicClassification>
            <taxonomicClassification>
                <taxonRankName>FAMILY</taxonRankName>
              <taxonRankValue>Celastraceae</taxonRankValue>
            </taxonomicClassification>
            <taxonomicClassification>
                <taxonRankName>FAMILY</taxonRankName>
              <taxonRankValue>Chloranthaceae</taxonRankValue>
            </taxonomicClassification>
            <taxonomicClassification>
                <taxonRankName>FAMILY</taxonRankName>
              <taxonRankValue>Chrysobalanaceae</taxonRankValue>
            </taxonomicClassification>
            <taxonomicClassification>
                <taxonRankName>FAMILY</taxonRankName>
              <taxonRankValue>Clusiaceae</taxonRankValue>
            </taxonomicClassification>
            <taxonomicClassification>
                <taxonRankName>FAMILY</taxonRankName>
              <taxonRankValue>Combretaceae</taxonRankValue>
            </taxonomicClassification>
            <taxonomicClassification>
                <taxonRankName>FAMILY</taxonRankName>
              <taxonRankValue>Commelinaceae</taxonRankValue>
            </taxonomicClassification>
            <taxonomicClassification>
                <taxonRankName>FAMILY</taxonRankName>
              <taxonRankValue>Convolvulaceae</taxonRankValue>
            </taxonomicClassification>
            <taxonomicClassification>
                <taxonRankName>FAMILY</taxonRankName>
              <taxonRankValue>Costaceae</taxonRankValue>
            </taxonomicClassification>
            <taxonomicClassification>
                <taxonRankName>FAMILY</taxonRankName>
              <taxonRankValue>Crassulaceae</taxonRankValue>
            </taxonomicClassification>
            <taxonomicClassification>
              <taxonRankValue>Cunoniaceae</taxonRankValue>
            </taxonomicClassification>
        </taxonomicCoverage>
  </coverage>
  <purpose>
    <para>Divulgar la información generada por los diferentes trabajos de investigación y caracterización del recurso flora del Departamento de Santander.</para>
  </purpose>
  <contact>
    <individualName>
        <givenName>Diana Gicela</givenName>
      <surName>Blanco Vega</surName>
    </individualName>
    <organizationName>Corporación Autonoma Regional para la Defensa de la Meseta de Bucaramanga</organizationName>
    <positionName>Bióloga</positionName>
    <address>
        <deliveryPoint>Entrada a la Urbanización Bucarica, Carretera Antigua a Floridablanca.</deliveryPoint>
        <city>Floridablanca</city>
        <administrativeArea>Santander</administrativeArea>
        <country>COLOMBIA</country>
    </address>
    <phone>+57 76480729</phone>
    <electronicMailAddress>jardin@cdmb.gov.co</electronicMailAddress>
  </contact>
  <methods>
      <methodStep>
        <description>
          <para>Una vez se recolectan las muestras vegetales, se llevan al laboratorio para el secado y determinación de la muestra, luego se exsica la muestra y se ingresa al Herbario CDMB y al Aplicativo de Herbario Virtual.</para>
        </description>
      </methodStep>
      <sampling>
        <studyExtent>
          <description>
            <para>El área de estudio comprende el Departamento de Santander, en especial los 13 municipios del área de Jurisdicción de la CDMB (Vetas, California, Suratá, Matanza, Tona, Rionegro, El Playón, Piedecuesta, Girón, Lebrija, Floridablanca, Bucaramanga, Charta).</para>
          </description>
        </studyExtent>
        <samplingDescription>
          <para>El material vegetal se ha obtenido de muestreos libres durante las salidas de campo a los diferentes sitios de estudio.  Durante el muestreo se toma una parte de la planta,  preferiblemente fértil, se marca con un número de colecta y se registran en la bitácora los datos de campo, tales como altura, coordenadas, fecha, sitio de colecta, descripción del hábitat, estado de la planta, color de fruto o de las flores, entre otros.</para>
        </samplingDescription>
      </sampling>
      <qualityControl>
        <description>
          <para>Los datos de la determinación de las muestras son corroborados con especialistas botánicos.</para>
        </description>
      </qualityControl>
  </methods>

  <project>
    <title>Conservación de la Biodiversidad de los Andes e incremento del conocimiento de la biodiversidad en flora y fauna en la jurisdicción de la CDMB</title>
    <personnel>
    <individualName>
        <givenName>Diana Gicela</givenName>
      <surName>Blanco Vega</surName>
    </individualName>
    </personnel>
    <funding>
      <para>El Herbario tiene como fuente de financiación los recursos provenientes de la Corporación Autónoma para la Defensa de la Meseta de Bucaramanga.</para>
    </funding>
    <studyAreaDescription>
      <descriptor name="description">
        <descriptorValue>El área de estudio corresponde principalmente al área de jurisdicción de la CDMB, que corresponde a 13 municipio del departamento de Santander (Vetas, California, Charta, Suratá, Matanza, Rionegro, El Playón, Piedecuesta, Girón, Floridablanca, Lebrija, Bucaramnga, Tona), sin embargo, en el Herbario también se encuentran muestras de especies vegetales colectadas en otros municipios del Departamento de Santander.</descriptorValue>
      </descriptor>
    </studyAreaDescription>
    <designDescription>
      <description>
        <para>Objetivo General:
Desarrollar las estrategias y acciones necesarias para la conservación de la Biodiversidad en las áreas estratégicas identificadas en la jurisdicción de la CDMB.

Objetivos específicos
Desarrollar estrategias para la preservación y conservación de la flora y fauna en las zonas estratégicas y parques naturales regionales de: Centro Experimental la Esperanza, El Centro de capacitación El Diviso y el Rasgón.
Implementar las estrategias de conservación insitu de las especies de flora: roble (Quercus humbolti), Pino romeron (Podocarpussp) y Nogal (Junglas neotropico) en las áreas identificadas por la CDMB.
Incrementar la colección de Herbario.

Área de Estudio: Jurisdicción de la CDMB y Departamento de Santander.

Los resultados del proyecto permitirán dar un sustento técnico y científico a la toma de decisiones por parte de la Autoridad Ambiental, el desarrollo de Estrategias de Conservación de especies amenazadas, la elaboración de protocolos de propagación y la divulgación de la información generada a través de la página web, aplicativos virtuales de biodiversidad y publicación de datos en el Sistema de Información de Biodiversidad de Colombia.</para>
      </description>
    </designDescription>
  </project>
</dataset>

<additionalMetadata>
  <metadata>
    <gbif>
        <dateStamp>2013-12-18T08:35:10.301+01:00</dateStamp>
        <citation identifier="http://ipt.sibcolombia.net/sib//resource.do?r=eloy_valenzuela">Corporación Autónoma para la Defensa de la Meseta de Bucaramanga, CDMB. Colección Biológica de Herbario Jardín Botánico Eloy Valenzuela.  Floridablanca, 2013. 6821 Registros, aportados por Blanco DGA (Publicadora). En linea, http://ipt.sibcolombia.net/sib//resource.do?r=eloy_valenzuela, publicado el 20-05-2013.</citation>
          <physical>
            <objectName>Herbario Virtual</objectName>
            <characterEncoding>ASCII</characterEncoding>
            <dataFormat>
              <externallyDefinedFormat>
                <formatName>Herbario Virtual del Jardín Botánico Eloy Valenzuela</formatName>
                  <formatVersion>Herbario Virtual del Jardín Botánico Eloy Valenzuela</formatVersion>
              </externallyDefinedFormat>
            </dataFormat>
            <distribution>
              <online>
                <url function="download">http://www.cdmb.gov.co/web/index.php/servicios-enlaces-interiores-410/344-herbario-virtual-.html</url>
              </online>
            </distribution>
          </physical>
        <resourceLogoUrl>http://ipt.sibcolombia.net/sib/logo.do?r=eloy_valenzuela</resourceLogoUrl>
        <collection>
          <parentCollectionIdentifier>No aplica</parentCollectionIdentifier>
          <collectionIdentifier>http://ipt.sibcolombia.net/sib/resource.do?r=eloy_valenzuela</collectionIdentifier>
          <collectionName>Colección de Herbario Jardín Botánico Eloy Valenzuela</collectionName>
        </collection>
        <specimenPreservationMethod>DRIED</specimenPreservationMethod>
    </gbif>
  </metadata>
</additionalMetadata>

</eml:eml>
