<eml:eml xmlns:eml="eml://ecoinformatics.org/eml-2.1.1"
         xmlns:xsi="http://www.w3.org/2001/XMLSchema-instance"
         xsi:schemaLocation="eml://ecoinformatics.org/eml-2.1.1 http://rs.gbif.org/schema/eml-gbif-profile/1.0.2/eml.xsd"
         packageId="615ef65c-061a-4494-99b0-66e0e688afef" system="http://gbif.org" scope="system"
         xml:lang="en">

<dataset>
    <alternateIdentifier system="GBIF_PORTAL">13668</alternateIdentifier>
  <title>Herbarium specimens data</title>
<creator>
</creator>
<metadataProvider>
</metadataProvider>
<language>en</language>
<abstract>
  <para></para>
</abstract>

</dataset>

<additionalMetadata>
  <metadata>
    <gbif>
        <dateStamp>2011-09-07T04:37:32.000+02:00</dateStamp>
        <citation>Association des Naturalistes de la Vallée du Loing et du massif de Fontainebleau: Herbarium specimens data</citation>
    </gbif>
  </metadata>
</additionalMetadata>

</eml:eml>
