<eml:eml xmlns:eml="eml://ecoinformatics.org/eml-2.1.1"
         xmlns:xsi="http://www.w3.org/2001/XMLSchema-instance"
         xsi:schemaLocation="eml://ecoinformatics.org/eml-2.1.1 http://rs.gbif.org/schema/eml-gbif-profile/1.0.2/eml.xsd"
         packageId="61a9ca38-b62f-11e2-afcb-00145eb45e9a" system="http://gbif.org" scope="system"
         xml:lang="en">

<dataset>
    <alternateIdentifier system="GBIF_PORTAL">14940</alternateIdentifier>
  <title>Fungus Collections at Staatliches Museum für Naturkunde Karlsruhe (Herbarium KR)</title>
<creator>
</creator>
<metadataProvider>
</metadataProvider>
<language>en</language>
<abstract>
  <para>http://www.diversityworkbench.de/DatabaseClients/SMNKfungicoll/About.html</para>
</abstract>
  <intellectualRights>
    <para>Staatliches Museum für Naturkunde Karlsruhe</para>
  </intellectualRights>
  <distribution scope="document">
    <online>
      <url function="information">http://www.diversityworkbench.de/DatabaseClients/SMNKfungicoll/</url>
    </online>
  </distribution>
  <contact>
    <electronicMailAddress>scholler@naturkundeka-bw.de</electronicMailAddress>
  </contact>

</dataset>

<additionalMetadata>
  <metadata>
    <gbif>
        <dateStamp>2013-05-06T11:28:59.000+02:00</dateStamp>
        <citation>Staatliches Museum für Naturkunde Karlsruhe, Fungus Collections at Staatliches Museum für Naturkunde Karlsruhe (Herbarium KR)</citation>
        <resourceLogoUrl>http://www.snsb.info/DatabaseClients/SMNKspidercoll/Pictures/SMNKmitSchrift.gif</resourceLogoUrl>
    </gbif>
  </metadata>
</additionalMetadata>

</eml:eml>
