<eml:eml xmlns:eml="eml://ecoinformatics.org/eml-2.1.1"
         xmlns:xsi="http://www.w3.org/2001/XMLSchema-instance"
         xsi:schemaLocation="eml://ecoinformatics.org/eml-2.1.1 http://rs.gbif.org/schema/eml-gbif-profile/1.0.2/eml.xsd"
         packageId="65c84b10-5074-4bf9-a759-0d524dd449fe" system="http://gbif.org" scope="system"
         xml:lang="en">

<dataset>
    <alternateIdentifier system="GBIF_PORTAL">848</alternateIdentifier>
  <title>Scottish Borders Biological Records Centre - SWT Scottish Borders Local Wildlife Site Survey data 1996-2000 - species information</title>
<creator>
</creator>
<metadataProvider>
</metadataProvider>
<language>en</language>
<abstract>
  <para>NBN Gateway Dataset GA000368</para>
</abstract>
  <distribution scope="document">
    <online>
      <url function="information">http://data.nbn.org.uk/datasetInfo/taxonDataset.jsp?dsKey=GA000368</url>
    </online>
  </distribution>

</dataset>

<additionalMetadata>
  <metadata>
    <gbif>
        <dateStamp>2010-09-15T10:39:17.000+02:00</dateStamp>
        <citation>UK National Biodiversity Network: Scottish Borders Biological Records Centre - SWT Scottish Borders Local Wildlife Site Survey data 1996-2000 - species information</citation>
    </gbif>
  </metadata>
</additionalMetadata>

</eml:eml>
