<eml:eml xmlns:eml="eml://ecoinformatics.org/eml-2.1.1"
         xmlns:xsi="http://www.w3.org/2001/XMLSchema-instance"
         xsi:schemaLocation="eml://ecoinformatics.org/eml-2.1.1 http://rs.gbif.org/schema/eml-gbif-profile/1.0.2/eml.xsd"
         packageId="682ad111-d16c-4a31-8044-b7977bc8904a" system="http://gbif.org" scope="system"
         xml:lang="en">

<dataset>
    <alternateIdentifier system="GBIF_PORTAL">11889</alternateIdentifier>
  <title>Countryside Council for Wales - Phase 2 Lowland Grassland Survey of Wales</title>
<creator>
</creator>
<metadataProvider>
</metadataProvider>
<language>en</language>
<abstract>
  <para>NBN Gateway Dataset GA000434</para>
</abstract>
  <distribution scope="document">
    <online>
      <url function="information">http://data.nbn.org.uk/datasetInfo/taxonDataset.jsp?dsKey=GA000434</url>
    </online>
  </distribution>

</dataset>

<additionalMetadata>
  <metadata>
    <gbif>
        <dateStamp>2010-09-15T11:49:05.000+02:00</dateStamp>
        <citation>UK National Biodiversity Network: Countryside Council for Wales - Phase 2 Lowland Grassland Survey of Wales</citation>
    </gbif>
  </metadata>
</additionalMetadata>

</eml:eml>
