<eml:eml xmlns:eml="eml://ecoinformatics.org/eml-2.1.1"
         xmlns:xsi="http://www.w3.org/2001/XMLSchema-instance"
         xsi:schemaLocation="eml://ecoinformatics.org/eml-2.1.1 http://rs.gbif.org/schema/eml-gbif-profile/1.0.2/eml.xsd"
         packageId="6a122346-08b9-11e3-ab1f-00145eb45e9a" system="http://gbif.org" scope="system"
         xml:lang="en">

<dataset>
    <alternateIdentifier system="GBIF_PORTAL">15037</alternateIdentifier>
  <title>Naturhistorisches Museum Mainz, Feldbeobachtungsdaten Pflanzen</title>
<creator>
</creator>
<metadataProvider>
</metadataProvider>
<associatedParty>
    <address>
        <deliveryPoint>Naturhistorisches Museum Mainz, Reichklarastr. 10; 5116 Mainz, Germany</deliveryPoint>
    </address>
    <electronicMailAddress>carsten.renker@stadt.mainz.de</electronicMailAddress>
    <role>ADMINISTRATIVE_POINT_OF_CONTACT</role>
</associatedParty>
<associatedParty>
    <address>
        <deliveryPoint>BGBM, Königin-Luise-Str. 6-8, 14195 Berlin, Germany</deliveryPoint>
    </address>
    <electronicMailAddress>biodiversitydata@bgbm.org</electronicMailAddress>
    <role>TECHNICAL_POINT_OF_CONTACT</role>
</associatedParty>
<language>en</language>
<abstract>
  <para>This dataset represents botanical observation data from all over Germany, particularly Rhineland-Palatinate. Almost all plants were observed since 1990. The data has been integrated into the most recent mapping project concerning the “Flora of Germany”.</para>
</abstract>
  <contact>
    <address>
        <deliveryPoint>Naturhistorisches Museum Mainz, Reichklarastr. 10; 5116 Mainz, Germany</deliveryPoint>
    </address>
    <electronicMailAddress>carsten.renker@stadt.mainz.de</electronicMailAddress>
  </contact>

</dataset>

<additionalMetadata>
  <metadata>
    <gbif>
        <dateStamp>2014-03-26T09:40:48.564+01:00</dateStamp>
        <citation>Renker, C. (Ed.) 2013+ (continuously updated): Botanical Field Data at Naturhistorisches Museum Mainz / Landessammlung für Naturkunde Rheinland-Pfalz (MNHM).</citation>
        <resourceLogoUrl>http://ww3.bgbm.org/providerResources/Logo-nhm-2010.png</resourceLogoUrl>
    </gbif>
  </metadata>
</additionalMetadata>

</eml:eml>
