<eml:eml xmlns:eml="eml://ecoinformatics.org/eml-2.1.1"
         xmlns:xsi="http://www.w3.org/2001/XMLSchema-instance"
         xsi:schemaLocation="eml://ecoinformatics.org/eml-2.1.1 http://rs.gbif.org/schema/eml-gbif-profile/1.0.2/eml.xsd"
         packageId="6ec0db76-23c5-44b5-80f8-ad7e2aa17773" system="http://gbif.org" scope="system"
         xml:lang="en">

<dataset>
    <alternateIdentifier system="GBIF_PORTAL">11879</alternateIdentifier>
  <title>Royal Horticultural Society - RHS monitoring of native and naturalised plants and animals at its gardens and surrounding areas</title>
<creator>
</creator>
<metadataProvider>
</metadataProvider>
<language>en</language>
<abstract>
  <para>NBN Gateway Dataset GA000550</para>
</abstract>
  <distribution scope="document">
    <online>
      <url function="information">http://data.nbn.org.uk/datasetInfo/taxonDataset.jsp?dsKey=GA000550</url>
    </online>
  </distribution>

</dataset>

<additionalMetadata>
  <metadata>
    <gbif>
        <dateStamp>2010-09-15T11:00:58.000+02:00</dateStamp>
        <citation>UK National Biodiversity Network: Royal Horticultural Society - RHS monitoring of native and naturalised plants and animals at its gardens and surrounding areas</citation>
    </gbif>
  </metadata>
</additionalMetadata>

</eml:eml>
