<eml:eml xmlns:eml="eml://ecoinformatics.org/eml-2.1.1"
         xmlns:xsi="http://www.w3.org/2001/XMLSchema-instance"
         xsi:schemaLocation="eml://ecoinformatics.org/eml-2.1.1 http://rs.gbif.org/schema/eml-gbif-profile/1.0.2/eml.xsd"
         packageId="788439f0-3b56-11dc-8c19-b8a03c50a862" system="http://gbif.org" scope="system"
         xml:lang="en">

<dataset>
    <alternateIdentifier system="GBIF_PORTAL">473</alternateIdentifier>
  <title>New Zealand National Vegetation Survey Databank</title>
<creator>
</creator>
<metadataProvider>
</metadataProvider>
<associatedParty>
    <positionName>[data administrator, system administrator]</positionName>
    <electronicMailAddress>richardsk@landcareresearch.co.nz</electronicMailAddress>
</associatedParty>
<associatedParty>
    <positionName>[system administrator]</positionName>
    <electronicMailAddress>Thomasa@landcareresearch.co.nz</electronicMailAddress>
</associatedParty>
<associatedParty>
    <positionName>[data administrator]</positionName>
    <electronicMailAddress>cooperj@landcareresearch.co.nz</electronicMailAddress>
</associatedParty>
<language>en</language>
<abstract>
  <para>The NVS Databank contains records from approximately 45,000 vegetation survey plots spanning more than 50 years and covering indigenous and exotic plants in New Zealand&apos;s terrestrial ecosystems with special emphasis on indigenous forests and grasslands.</para>
</abstract>
  <distribution scope="document">
    <online>
      <url function="information">http://www.gbif.org.nz/tapirlink/tapir.php/nvs</url>
    </online>
  </distribution>

</dataset>

<additionalMetadata>
  <metadata>
    <gbif>
        <dateStamp>2014-01-13T11:33:16.543+01:00</dateStamp>
        <citation>GBIF New Zealand: New Zealand National Vegetation Survey Databank</citation>
    </gbif>
  </metadata>
</additionalMetadata>

</eml:eml>
