<eml:eml xmlns:eml="eml://ecoinformatics.org/eml-2.1.1"
         xmlns:xsi="http://www.w3.org/2001/XMLSchema-instance"
         xsi:schemaLocation="eml://ecoinformatics.org/eml-2.1.1 http://rs.gbif.org/schema/eml-gbif-profile/1.0.2/eml.xsd"
         packageId="7a1e4274-f762-11e1-a439-00145eb45e9a" system="http://gbif.org" scope="system"
         xml:lang="en">

<dataset>
    <alternateIdentifier system="GBIF_PORTAL">10833</alternateIdentifier>
  <title>Cartografía de vegetación a escala de detalle 1:10.000 de la masa forestal de Andalucía</title>
<creator>
</creator>
<metadataProvider>
</metadataProvider>
<associatedParty>
    <phone>+34 955 044 970</phone>
    <electronicMailAddress>fmmarin@egmasa.es</electronicMailAddress>
    <role>TECHNICAL_POINT_OF_CONTACT</role>
</associatedParty>
<language>en</language>
<abstract>
  <para>Datos procedentes de los trabajos de campo para la elaboración de la cartografía de vegetación a escala de detalle 1:10.000 de la masa forestal de Andalucía. En esta colección se incluyen las localizaciones de las especies observadas en los transectos, notas de campo e inventarios de vegetación Datos procedentes de los trabajos de campo para la elaboración de la cartografía de vegetación a escala de detalle 1:10.000 de la masa forestal de Andalucía. En esta colección se incluyen las localizaciones de las especies observadas en los transectos, notas de campo e inventarios de vegetación.</para>
</abstract>
  <distribution scope="document">
    <online>
      <url function="information">http://www.juntadeandalucia.es/medioambiente/site/web/rediam/</url>
    </online>
  </distribution>

</dataset>

<additionalMetadata>
  <metadata>
    <gbif>
        <dateStamp>2012-09-27T02:34:07.000+02:00</dateStamp>
        <citation>Red de Información Ambiental de Andalucía (REDIAM). Cartografía de vegetación a escala de detalle 1:10.000 de la masa forestal de Andalucía. Rediam. Consejería de Medio Ambiente. Junta de Andalucía. 2009</citation>
    </gbif>
  </metadata>
</additionalMetadata>

</eml:eml>
