<eml:eml xmlns:eml="eml://ecoinformatics.org/eml-2.1.1"
         xmlns:xsi="http://www.w3.org/2001/XMLSchema-instance"
         xsi:schemaLocation="eml://ecoinformatics.org/eml-2.1.1 http://rs.gbif.org/schema/eml-gbif-profile/1.0.2/eml.xsd"
         packageId="7a42be7f-2737-48f0-8fc1-bf453f7a17a1" system="http://gbif.org" scope="system"
         xml:lang="en">

<dataset>
    <alternateIdentifier system="GBIF_PORTAL">14593</alternateIdentifier>
  <title>Hertfordshire Biological Records Centre - Hertfordshire Lowland Meadow Inventory Survey 2010</title>
<creator>
</creator>
<metadataProvider>
</metadataProvider>
<language>en</language>
<abstract>
  <para>NBN Gateway Dataset GA001186</para>
</abstract>
  <distribution scope="document">
    <online>
      <url function="information">http://data.nbn.org.uk/datasetInfo/taxonDataset.jsp?dsKey=GA001186</url>
    </online>
  </distribution>

</dataset>

<additionalMetadata>
  <metadata>
    <gbif>
        <dateStamp>2012-12-01T11:00:51.000+01:00</dateStamp>
        <citation>UK National Biodiversity Network: Hertfordshire Biological Records Centre - Hertfordshire Lowland Meadow Inventory Survey 2010</citation>
    </gbif>
  </metadata>
</additionalMetadata>

</eml:eml>
