<eml:eml xmlns:eml="eml://ecoinformatics.org/eml-2.1.1"
         xmlns:xsi="http://www.w3.org/2001/XMLSchema-instance"
         xsi:schemaLocation="eml://ecoinformatics.org/eml-2.1.1 http://rs.gbif.org/schema/eml-gbif-profile/1.0.2/eml.xsd"
         packageId="7aded4b2-f762-11e1-a439-00145eb45e9a" system="http://gbif.org" scope="system"
         xml:lang="en">

<dataset>
    <alternateIdentifier system="GBIF_PORTAL">11422</alternateIdentifier>
  <title>FKSE-Herbarium specimens of Faculty of Symbiotic Systems Science, Fukushima University, Japan</title>
<creator>
</creator>
<metadataProvider>
</metadataProvider>
<associatedParty>
    <positionName>Collection Director</positionName>
    <phone>+81-24-548-8201</phone>
    <electronicMailAddress>kurosawa@sss.fukushima-u.ac.jp</electronicMailAddress>
</associatedParty>
<language>en</language>
<abstract>
  <para>Plant specimen collected mainly in Fukushima Prefecture, Japan.</para>
</abstract>
  <distribution scope="document">
    <online>
      <url function="information">http://www.fukushima-u.ac.jp/english/index.html</url>
    </online>
  </distribution>

</dataset>

<additionalMetadata>
  <metadata>
    <gbif>
        <dateStamp>2014-03-04T11:56:58.671+01:00</dateStamp>
        <citation>National Museum of Nature and Science, Japan: FKSE-Herbarium specimens of Faculty of Symbiotic Systems Science, Fukushima University, Japan</citation>
    </gbif>
  </metadata>
</additionalMetadata>

</eml:eml>
