<eml:eml xmlns:eml="eml://ecoinformatics.org/eml-2.1.1"
         xmlns:xsi="http://www.w3.org/2001/XMLSchema-instance"
         xsi:schemaLocation="eml://ecoinformatics.org/eml-2.1.1 http://rs.gbif.org/schema/eml-gbif-profile/1.0.2/eml.xsd"
         packageId="7b3e4870-f762-11e1-a439-00145eb45e9a" system="http://gbif.org" scope="system"
         xml:lang="en">

<dataset>
    <alternateIdentifier system="GBIF_PORTAL">11612</alternateIdentifier>
  <title>University of Alberta Museums, Vascular Plant Herbarium</title>
<creator>
</creator>
<metadataProvider>
</metadataProvider>
<associatedParty>
    <positionName>Collections Management Advisor</positionName>
    <phone>780 492 0776</phone>
    <electronicMailAddress>erin.mcdonald@ualberta.ca</electronicMailAddress>
</associatedParty>
<language>en</language>
<abstract>
  <para>University of Alberta Museums, Vascular Plant Herbarium</para>
</abstract>

</dataset>

<additionalMetadata>
  <metadata>
    <gbif>
        <dateStamp>2014-01-13T11:34:21.903+01:00</dateStamp>
        <citation>University of Alberta Museums: University of Alberta Museums, Vascular Plant Herbarium</citation>
    </gbif>
  </metadata>
</additionalMetadata>

</eml:eml>
