<eml:eml xmlns:eml="eml://ecoinformatics.org/eml-2.1.1"
         xmlns:xsi="http://www.w3.org/2001/XMLSchema-instance"
         xsi:schemaLocation="eml://ecoinformatics.org/eml-2.1.1 http://rs.gbif.org/schema/eml-gbif-profile/1.0.2/eml.xsd"
         packageId="7bd65a7a-f762-11e1-a439-00145eb45e9a" system="http://gbif.org" scope="system"
         xml:lang="en">

<dataset>
    <alternateIdentifier system="GBIF_PORTAL">12084</alternateIdentifier>
  <title>Missouri Botanical Garden</title>
<creator>
</creator>
<metadataProvider>
</metadataProvider>
<associatedParty>
    <phone>(314) 577-9485</phone>
    <electronicMailAddress>jay.paige@mobot.org</electronicMailAddress>
</associatedParty>
<language>en</language>
<abstract>
  <para></para>
</abstract>

</dataset>

<additionalMetadata>
  <metadata>
    <gbif>
        <dateStamp>2014-01-13T11:33:25.206+01:00</dateStamp>
        <citation>Missouri Botanical Garden: Missouri Botanical Garden</citation>
    </gbif>
  </metadata>
</additionalMetadata>

</eml:eml>
