<eml:eml xmlns:eml="eml://ecoinformatics.org/eml-2.1.1"
         xmlns:xsi="http://www.w3.org/2001/XMLSchema-instance"
         xsi:schemaLocation="eml://ecoinformatics.org/eml-2.1.1 http://rs.gbif.org/schema/eml-gbif-profile/1.0.2/eml.xsd"
         packageId="7cb23946-b72f-4373-8d38-359109573b23" system="http://gbif.org" scope="system"
         xml:lang="en">

<dataset>
    <alternateIdentifier system="GBIF_PORTAL">13027</alternateIdentifier>
  <title>Thames Valley Environmental Records Centre - Nature Conservancy Council Berkshire Meadows Survey 1984-87 (as held by Thames Valley Environmental Records Centre)</title>
<creator>
</creator>
<metadataProvider>
</metadataProvider>
<language>en</language>
<abstract>
  <para>NBN Gateway Dataset GA000853</para>
</abstract>
  <distribution scope="document">
    <online>
      <url function="information">http://data.nbn.org.uk/datasetInfo/taxonDataset.jsp?dsKey=GA000853</url>
    </online>
  </distribution>

</dataset>

<additionalMetadata>
  <metadata>
    <gbif>
        <dateStamp>2011-05-12T01:01:01.000+02:00</dateStamp>
        <citation>UK National Biodiversity Network: Thames Valley Environmental Records Centre - Nature Conservancy Council Berkshire Meadows Survey 1984-87 (as held by Thames Valley Environmental Records Centre)</citation>
    </gbif>
  </metadata>
</additionalMetadata>

</eml:eml>
