<eml:eml xmlns:eml="eml://ecoinformatics.org/eml-2.1.1"
         xmlns:xsi="http://www.w3.org/2001/XMLSchema-instance"
         xsi:schemaLocation="eml://ecoinformatics.org/eml-2.1.1 http://rs.gbif.org/schema/eml-gbif-profile/1.0.2/eml.xsd"
         packageId="7f2edc10-f762-11e1-a439-00145eb45e9a" system="http://gbif.org" scope="system"
         xml:lang="en">

<dataset>
    <alternateIdentifier system="GBIF_PORTAL">12966</alternateIdentifier>
  <title>Fundación Carl Faust: Herbario del Jardí Botànic Marimurtra: HMIM</title>
<creator>
</creator>
<metadataProvider>
</metadataProvider>
<associatedParty>
    <phone>0034972330826</phone>
    <electronicMailAddress>nuria.membrives@marimurtra.cat</electronicMailAddress>
    <role>TECHNICAL_POINT_OF_CONTACT</role>
</associatedParty>
<language>en</language>
<abstract>
  <para>El herbario del Jardí Botànic Marimurtra incluye colecciones de plantas agrupadas por autor o institución de procedencia. Los principales autores son Pius Font i Quer, Carl Faust, Eric Sventenius, Emilio Guinea, Kupper, Palau Ferrer, Martin Emde y Joan Pedrola-Monfort. Una de las colecciones más importantes es el herbario de la vegetación de la Selva encargada por Carl Faust al Dr. Font i Quer en la década de los 40.</para>
</abstract>
  <distribution scope="document">
    <online>
      <url function="information">http://www.marimurtra.cat/</url>
    </online>
  </distribution>

</dataset>

<additionalMetadata>
  <metadata>
    <gbif>
        <dateStamp>2012-09-27T02:34:07.000+02:00</dateStamp>
        <citation>Herbario del Jardí Botànic Marimurtra</citation>
    </gbif>
  </metadata>
</additionalMetadata>

</eml:eml>
