<eml:eml xmlns:eml="eml://ecoinformatics.org/eml-2.1.1"
         xmlns:xsi="http://www.w3.org/2001/XMLSchema-instance"
         xsi:schemaLocation="eml://ecoinformatics.org/eml-2.1.1 http://rs.gbif.org/schema/eml-gbif-profile/1.0.2/eml.xsd"
         packageId="7ff7a20f-f3b8-4a25-9057-069ae3417c49" system="http://gbif.org" scope="system"
         xml:lang="en">

<dataset>
    <alternateIdentifier system="GBIF_PORTAL">856</alternateIdentifier>
  <title>Lothian Wildlife Information Centre - Lothian Wildlife Information Centre Secret Garden Survey</title>
<creator>
</creator>
<metadataProvider>
</metadataProvider>
<language>en</language>
<abstract>
  <para>NBN Gateway Dataset GA000010</para>
</abstract>
  <distribution scope="document">
    <online>
      <url function="information">http://data.nbn.org.uk/datasetInfo/taxonDataset.jsp?dsKey=GA000010</url>
    </online>
  </distribution>

</dataset>

<additionalMetadata>
  <metadata>
    <gbif>
        <dateStamp>2010-09-09T06:53:37.000+02:00</dateStamp>
        <citation>UK National Biodiversity Network: Lothian Wildlife Information Centre - Lothian Wildlife Information Centre Secret Garden Survey</citation>
    </gbif>
  </metadata>
</additionalMetadata>

</eml:eml>
