<eml:eml xmlns:eml="eml://ecoinformatics.org/eml-2.1.1"
         xmlns:xsi="http://www.w3.org/2001/XMLSchema-instance"
         xsi:schemaLocation="eml://ecoinformatics.org/eml-2.1.1 http://rs.gbif.org/schema/eml-gbif-profile/1.0.2/eml.xsd"
         packageId="807a0573-87ec-4c1e-a23a-15a327c85dd3" system="http://gbif.org" scope="system"
         xml:lang="en">

<dataset>
  <title>Karl Franzens University of Graz, Insitute for Botany - Herbarium GZU</title>
<creator>
</creator>
<metadataProvider>
</metadataProvider>
<associatedParty>
    <address>
        <deliveryPoint>Holteigasse 6, A-8010 Graz, Austria</deliveryPoint>
    </address>
    <phone>+43 (316) 380-5646</phone>
    <electronicMailAddress>anton.drescher@kfunigraz.ac.at</electronicMailAddress>
    <role>ADMINISTRATIVE_POINT_OF_CONTACT</role>
</associatedParty>
<associatedParty>
    <address>
        <deliveryPoint>Holteigasse 6, A-8010 Graz, Austria</deliveryPoint>
    </address>
    <phone>+43 (316) 380-5646</phone>
    <electronicMailAddress>anton.drescher@kfunigraz.ac.at</electronicMailAddress>
    <role>TECHNICAL_POINT_OF_CONTACT</role>
</associatedParty>
<language>en</language>
<abstract>
  <para></para>
</abstract>
  <contact>
    <address>
        <deliveryPoint>Holteigasse 6, A-8010 Graz, Austria</deliveryPoint>
    </address>
    <phone>+43 (316) 380-5646</phone>
    <electronicMailAddress>anton.drescher@kfunigraz.ac.at</electronicMailAddress>
  </contact>

</dataset>

<additionalMetadata>
  <metadata>
    <gbif>
        <dateStamp>2014-01-13T11:32:08.638+01:00</dateStamp>
        <citation>Karl Franzens University of Graz, Insitute for Botany - Herbarium GZU: Karl Franzens University of Graz, Insitute for Botany - Herbarium GZU</citation>
    </gbif>
  </metadata>
</additionalMetadata>

</eml:eml>
