<eml:eml xmlns:eml="eml://ecoinformatics.org/eml-2.1.1"
         xmlns:xsi="http://www.w3.org/2001/XMLSchema-instance"
         xsi:schemaLocation="eml://ecoinformatics.org/eml-2.1.1 http://rs.gbif.org/schema/eml-gbif-profile/1.0.2/eml.xsd"
         packageId="80c88d00-f762-11e1-a439-00145eb45e9a" system="http://gbif.org" scope="system"
         xml:lang="en">

<dataset>
    <alternateIdentifier system="GBIF_PORTAL">13386</alternateIdentifier>
  <title>Base de datos para la xiloteca del Instituto de Biología de la UNAM</title>
<creator>
</creator>
<metadataProvider>
</metadataProvider>
<associatedParty>
    <positionName>M en C.</positionName>
    <electronicMailAddress>barajas@mail.ibiologia.unam.mx</electronicMailAddress>
</associatedParty>
<associatedParty>
    <positionName>Bióloga</positionName>
    <phone>(52) 55-50044966</phone>
    <electronicMailAddress>scareaga@conabio.gob.mx</electronicMailAddress>
</associatedParty>
<language>en</language>
<abstract>
  <para>La colección de maderas o xiloteca del Inst. de Biología de la UNAM cuenta en la actualidad con aproximadamente 3,000 ejemplares de madera y una colección anexa de preparaciones que posee alrededor de 2,000 piezas. El objetivo más importante de ésta colección es llegar a tener representadas todas las especies maderables de México, tanto árboles como arbustos y lianas; por ello, es que la colecta de nuevo material siempre está presente como objetivo importante de nuestros proyectos. Sin embargo no solo queremos tener la mayoría de especies maderables representadas sino que también pretendemos estudiarlas por lo que otro de los objetivos que siempre es parte importante de nuestro trabajo es dar a conocer las características físicas y la estructura anatómica de todas las especies que se encuentren en ésta colección. Con el propósito de optimizar el funcionamiento de la colección con la que se cuenta actualmente e incrementar su acervo con nuevos ejemplares de madera, se proponen las siguientes actividades: a.- Elaboración de una base de datos que incluya tanto los datos de las tablillas de madera, así como los datos de la colección de preparaciones, procurando que ésta información ayude a agilizar el uso de nuestra colección. b.- Incrementar el acervo actual de la colección, realizando varias colectas en el estado de Morelos en áreas principalmente de Selva baja caducifolia o mediana subperennifolia.</para>
</abstract>

</dataset>

<additionalMetadata>
  <metadata>
    <gbif>
        <dateStamp>2014-01-13T11:37:56.995+01:00</dateStamp>
        <citation>Barajas Morales, J. 2001. Base de datos para la xiloteca del Instituto de Biología de la UNAM. Universidad Nacional Autónoma de México. Instituto de Biología. Base de datos SNIB2010-CONABIO proyecto No. T004. México, D.F.</citation>
    </gbif>
  </metadata>
</additionalMetadata>

</eml:eml>
