<eml:eml xmlns:eml="eml://ecoinformatics.org/eml-2.1.1"
         xmlns:xsi="http://www.w3.org/2001/XMLSchema-instance"
         xsi:schemaLocation="eml://ecoinformatics.org/eml-2.1.1 http://rs.gbif.org/schema/eml-gbif-profile/1.0.2/eml.xsd"
         packageId="81332e30-f762-11e1-a439-00145eb45e9a" system="http://gbif.org" scope="system"
         xml:lang="en">

<dataset>
    <alternateIdentifier system="GBIF_PORTAL">13545</alternateIdentifier>
  <title>Leiner-Herbar Konstanz</title>
<creator>
</creator>
<metadataProvider>
</metadataProvider>
<associatedParty>
    <address>
        <deliveryPoint>Bodensee-Naturmuseum, Sigismundstraße 2, 78462 Konstanz, Germany</deliveryPoint>
    </address>
    <electronicMailAddress>Bodensee-Naturmuseum@stadt.konstanz.de</electronicMailAddress>
    <role>ADMINISTRATIVE_POINT_OF_CONTACT</role>
</associatedParty>
<associatedParty>
    <address>
        <deliveryPoint>Bodensee-Naturmuseum, Sigismundstraße 2, 78462 Konstanz, Germany</deliveryPoint>
    </address>
    <electronicMailAddress>Bodensee-Naturmuseum@stadt.konstanz.de</electronicMailAddress>
    <role>TECHNICAL_POINT_OF_CONTACT</role>
</associatedParty>
<language>en</language>
<abstract>
  <para>The Leiner Herbarium was founded by the pharmacist Ludwig Leiner (1830 - 1901) in Constance. It contains about 16.000 specimens of flowering plants and ferns, most of them from southern Germany.</para>
</abstract>
  <contact>
    <address>
        <deliveryPoint>Bodensee-Naturmuseum, Sigismundstraße 2, 78462 Konstanz, Germany</deliveryPoint>
    </address>
    <electronicMailAddress>Bodensee-Naturmuseum@stadt.konstanz.de</electronicMailAddress>
  </contact>

</dataset>

<additionalMetadata>
  <metadata>
    <gbif>
        <dateStamp>2014-01-13T11:32:05.728+01:00</dateStamp>
        <citation>Bodensee-Naturmuseum Konstanz: Leiner-Herbar Konstanz</citation>
        <resourceLogoUrl>http://www.konstanz.de/images/biocase/Logo_BNM.gif</resourceLogoUrl>
    </gbif>
  </metadata>
</additionalMetadata>

</eml:eml>
