<eml:eml xmlns:eml="eml://ecoinformatics.org/eml-2.1.1"
         xmlns:xsi="http://www.w3.org/2001/XMLSchema-instance"
         xsi:schemaLocation="eml://ecoinformatics.org/eml-2.1.1 http://rs.gbif.org/schema/eml-gbif-profile/1.0.2/eml.xsd"
         packageId="82cd8df8-f762-11e1-a439-00145eb45e9a" system="http://gbif.org" scope="system"
         xml:lang="en">

<dataset>
    <alternateIdentifier system="GBIF_PORTAL">47</alternateIdentifier>
  <title>Australian National Herbarium (CANB)</title>
<creator>
</creator>
<metadataProvider>
</metadataProvider>
<associatedParty>
    <phone>+61 2 6250 9482</phone>
    <electronicMailAddress>ibis(at)anbg.gov.au</electronicMailAddress>
    <role>TECHNICAL_POINT_OF_CONTACT</role>
</associatedParty>
<associatedParty>
    <phone>+61 2 6250 9530</phone>
    <electronicMailAddress>webmaster(at)anbg.gov.au</electronicMailAddress>
    <role>ADMINISTRATIVE_POINT_OF_CONTACT</role>
</associatedParty>
<language>en</language>
<abstract>
  <para>The total Australian National Herbarium (ANH) collection (Canberra [CANB] and Atherton [QRS]) comprises approximately 1.4 million specimens, including about 8251 type specimens. Particularly comprehensive collections are held for Australasian bryophytes and lichens, Myrtaceae (especially Eucalyptus and Melaleuca-Callistemon), Orchidaceae, Sapindaceae, Lauraceae, Portulacaceae and some sections of Poaceae, Rutaceae, Proteaceae and Fabaceae. A strong representation of Papua New Guinean material derives from past CSIRO involvement in that area and a comprehensive specialist collection of tropical Australian rain forest species is held at Atherton (&gt;100 000 collections). Voucher material for the Australian National Botanic Gardens (ANBG) Living Collections and the ANBG Photographic Collection is clearly identified and accessible; the status of associated live material at ANBG, representing c. one third of the Australian vascular flora, is available on-line (http://www.anbg.gov.au/anbg/plant-records/search-lc-vic.html). The existence of properly vouchered herbarium specimens for ANBG&apos;s live plants is critical for the scientific integrity and ongoing usefulness of scientific studies using those plants (e.g. for DNA extracts).</para>
</abstract>
  <distribution scope="document">
    <online>
      <url function="information">http://www.cpbr.gov.au</url>
    </online>
  </distribution>
  <contact>
    <phone>+61 2 6250 9530</phone>
    <electronicMailAddress>webmaster(at)anbg.gov.au</electronicMailAddress>
  </contact>

</dataset>

<additionalMetadata>
  <metadata>
    <gbif>
        <dateStamp>2011-01-03T12:36:14.000+01:00</dateStamp>
        <citation>http://www.cpbr.gov.au/cpbr/herbarium</citation>
    </gbif>
  </metadata>
</additionalMetadata>

</eml:eml>
