<eml:eml xmlns:eml="eml://ecoinformatics.org/eml-2.1.1"
         xmlns:xsi="http://www.w3.org/2001/XMLSchema-instance"
         xsi:schemaLocation="eml://ecoinformatics.org/eml-2.1.1 http://rs.gbif.org/schema/eml-gbif-profile/1.0.2/eml.xsd"
         packageId="83504144-f762-11e1-a439-00145eb45e9a" system="http://gbif.org" scope="system"
         xml:lang="en">

<dataset>
    <alternateIdentifier system="GBIF_PORTAL">244</alternateIdentifier>
  <title>Herbario de la Universidad de Almeria</title>
<creator>
</creator>
<metadataProvider>
</metadataProvider>
<associatedParty>
    <phone>+34 950015946</phone>
    <electronicMailAddress>egimenez@ual.es</electronicMailAddress>
    <role>ADMINISTRATIVE_POINT_OF_CONTACT</role>
</associatedParty>
<associatedParty>
    <electronicMailAddress>herbario@ual.es</electronicMailAddress>
    <role>TECHNICAL_POINT_OF_CONTACT</role>
</associatedParty>
<language>en</language>
<abstract>
  <para>Pliegos de plantas vasculares depositados en la coleccion HUAL del Herbario de la Universidad de Almeria</para>
</abstract>
  <contact>
    <phone>+34 950015946</phone>
    <electronicMailAddress>egimenez@ual.es</electronicMailAddress>
  </contact>

</dataset>

<additionalMetadata>
  <metadata>
    <gbif>
        <dateStamp>2012-09-27T02:34:07.000+02:00</dateStamp>
        <citation>Dept. of Vegetal Biology and Ecology, Faculty of Experimental Science, University of Almeria: Herbario de la Universidad de Almeria</citation>
    </gbif>
  </metadata>
</additionalMetadata>

</eml:eml>
