<eml:eml xmlns:eml="eml://ecoinformatics.org/eml-2.1.1"
         xmlns:xsi="http://www.w3.org/2001/XMLSchema-instance"
         xsi:schemaLocation="eml://ecoinformatics.org/eml-2.1.1 http://rs.gbif.org/schema/eml-gbif-profile/1.0.2/eml.xsd"
         packageId="835177da-f762-11e1-a439-00145eb45e9a" system="http://gbif.org" scope="system"
         xml:lang="en">

<dataset>
    <alternateIdentifier system="GBIF_PORTAL">245</alternateIdentifier>
  <title>Universidad de Oviedo. Departamento de Biología de Organismos y Sistemas: FCO</title>
<creator>
</creator>
<metadataProvider>
</metadataProvider>
<associatedParty>
    <phone>+34 985 104780</phone>
    <electronicMailAddress>cfcarvaj@uniovi.es</electronicMailAddress>
    <role>ADMINISTRATIVE_POINT_OF_CONTACT</role>
</associatedParty>
<associatedParty>
    <phone>34-985 104825</phone>
    <electronicMailAddress>fmarquez@uniovi.es</electronicMailAddress>
    <role>TECHNICAL_POINT_OF_CONTACT</role>
</associatedParty>
<language>en</language>
<abstract>
  <para>El Herbario FCO del Dpto. de Biología de Organismos y Sistemas se crea en el año 1968 en la antigua Facultad de Ciencias de la Universidad de Oviedo a iniciativa del entonces director del Departamento D. Matías Mayor, está en continuo crecimiento y en la actualidad lo componen cerca de 33000 pliegos, con 26 holotypus y 33 isotypus todos puestos en la red a traves del portal de Gbif. Dispone de una amplia representación de la flora cantábrica y del NW de la Península Ibérica.</para>
</abstract>
  <distribution scope="document">
    <online>
      <url function="information">http://www.unioviedo.es/bos/Herbario/index.html</url>
    </online>
  </distribution>
  <contact>
    <address>
        <deliveryPoint>C/ Catedrático Rodrigo Uría s/n, Oviedo, Asturias ES, 33071</deliveryPoint>
    </address>
    <phone>(+34) 985 10 4826</phone>
    <electronicMailAddress>hnava@uniovi.es</electronicMailAddress>
  </contact>

</dataset>

<additionalMetadata>
  <metadata>
    <gbif>
        <dateStamp>2013-09-26T03:00:48.000+02:00</dateStamp>
        <citation>Department of Organisms and Systems Biology. University of Oviedo: Universidad de Oviedo. Departamento de Biología de Organismos y Sistemas: FCO</citation>
    </gbif>
  </metadata>
</additionalMetadata>

</eml:eml>
