<eml:eml xmlns:eml="eml://ecoinformatics.org/eml-2.1.1"
         xmlns:xsi="http://www.w3.org/2001/XMLSchema-instance"
         xsi:schemaLocation="eml://ecoinformatics.org/eml-2.1.1 http://rs.gbif.org/schema/eml-gbif-profile/1.0.2/eml.xsd"
         packageId="837381f4-f762-11e1-a439-00145eb45e9a" system="http://gbif.org" scope="system"
         xml:lang="en">

<dataset>
    <alternateIdentifier system="GBIF_PORTAL">278</alternateIdentifier>
  <title>Herbario EMMA. Herbario de la Escuela Técnica Superior de Ingenieros de Montes. UPM</title>
<creator>
</creator>
<metadataProvider>
</metadataProvider>
<associatedParty>
    <phone>34-913366378</phone>
    <electronicMailAddress>paloma.gilborrell@upm.es</electronicMailAddress>
    <role>ADMINISTRATIVE_POINT_OF_CONTACT</role>
</associatedParty>
<language>en</language>
<abstract>
  <para>El herbario EMMA, herbario de la Escuela Técnica Superior de Ingenieros de Montes es un herbario de plantas vasculares dedicado especialmente a la flora leñosa de la Península Ibérica. Otras floras representadas en menor grado son la Macaronésica (con especial atención a las Islas Canarias) y la Norteafricana, siempre en su vertiente más forestal. También posee pliegos de especies ornamentales, obtenidas a partir de material procedente de parques y jardines. Consta aproximadamente de unos 40.000 pliegos que abarcan cerca de 5.000 especies.
Entre algunos materiales históricos que conserva este Herbario se encuentra la colección de Rafael Areses, de más de 1.500 pliegos que en su mayoría son de procedencia exótica, colectada en los pazos y jardines gallegos donde este ingeniero de montes ejerció su profesión. Aún más interés tienen los materiales testigo del trabajo del Catédratico de Botánica Luis Ceballos y Fernández de Córdoba (1896-1967), Manuel Martín Bolaños (1897-1970) y Carlos Vicioso (1886-1978), procedentes principalmente de sus herborizaciones en las islas Canarias y en las provincias de Cádiz, Málaga y Huelva. De Juan Ruiz de la Torre, catedrático de Botánica desde 1968 a 1997, se conservan  infinidad de pliegos, tanto de su etapa de trabajo en Marruecos, como de sus múltiples recorridos por toda la geografía española, que culminaron  con la realización del Mapa Forestal de España, escala 1:200.000  
Actualmente se pueden consultar por medio de GBIF 15.701 registros que corresponden a la totalidad de Pteridophyta y Gymnospermae,y dentro de Angiospermae, los Órdenes: Juglandales, Salicales, Fagales, Urticales, Proteales, Santalales, Polygonales, Centrospermae, Cactales, Magnoliales, Ranunculales, Piperales, Aristolochiales, Guttiferales, Sarraceniales, Papaverales, Rosales, Geraniales, Rutales, Sapindales, Celastrales, Rhamnales, Malvales, Thymelaeales, Violales, Cucurbitales, Myrtiflorae, Umbelliflorae, Ericales, Primulales, Plumbaginales, Ebenales, Oleales, Gentianales, Tubiflorae, Plantaginales y Dipsacales</para>
</abstract>
  <distribution scope="document">
    <online>
      <url function="information">http://www2.montes.upm.es/Dptos/DptoSilvopascicultura/botanica/herbario.html</url>
    </online>
  </distribution>
  <contact>
    <address>
        <deliveryPoint>Ciudad Universitaria s/n, Madrid ES, 28120</deliveryPoint>
    </address>
    <phone>34-913366378</phone>
    <electronicMailAddress>paloma.gilborrell@upm.es</electronicMailAddress>
  </contact>

</dataset>

<additionalMetadata>
  <metadata>
    <gbif>
        <dateStamp>2013-12-02T11:56:48.131+01:00</dateStamp>
        <citation>School of Forestry Engineering. Technical University of Madrid: Escuela Técnica Superior de Ingenieros de Montes, UPM: EMMA</citation>
        <resourceLogoUrl>http://www.gbif.es:8080/ipt/logo.do?r=EMMA</resourceLogoUrl>
    </gbif>
  </metadata>
</additionalMetadata>

</eml:eml>
