<eml:eml xmlns:eml="eml://ecoinformatics.org/eml-2.1.1"
         xmlns:xsi="http://www.w3.org/2001/XMLSchema-instance"
         xsi:schemaLocation="eml://ecoinformatics.org/eml-2.1.1 http://rs.gbif.org/schema/eml-gbif-profile/1.0.2/eml.xsd"
         packageId="83771684-f762-11e1-a439-00145eb45e9a" system="http://gbif.org" scope="system"
         xml:lang="en">

<dataset>
    <alternateIdentifier system="GBIF_PORTAL">284</alternateIdentifier>
  <title>Herbario de la Universidad de Sevilla, SEV-Historico</title>
<creator>
</creator>
<metadataProvider>
</metadataProvider>
<associatedParty>
    <phone>(+34) 954 55 27 63</phone>
    <electronicMailAddress>Conservador de Herbario</electronicMailAddress>
    <role>TECHNICAL_POINT_OF_CONTACT</role>
</associatedParty>
<language>en</language>
<abstract>
  <para>En los Herbarios Históricos de la Universidad de Sevilla se pueden encontrar pliegos incorporados desde el último tercio del siglo XVIII, como los recolectados en algunas Expediciones Científicas al Nuevo Mundo y los que trajo Pedro Abat de Igualada (anteriores a 1786), hasta la primera mitad del siglo XX. Entre el material contenido en los Herbarios, hay que destacar los materiales pertenecientes a las Expediciones Botánicas (Expedición a los Virreinatos de Perú y Chile, 1777-1788; Expedición a Nueva España, 1785-1803; Expedición de Malaspina alrededor del mundo, 1789-1795; Expedición Real del Guantánamo, 1796-1802), tanto los recolectados durante las mismas, como de cultivos de estos materiales en los jardines botánicos de Londres, París y Madrid, que sirvieron para describir las nuevas especies para la ciencia que se iban descubriendo en los territorios explorados. También cabe reseñar las plantas recolectadas por algunos notables Botánicos españoles del primer decenio del siglo XIX (Lagasca, Clemente y Rodríguez, principalmente). Se han localizado 266 tipos descritos por los botánicos más importantes de la época, como Cavanilles, Lagasca, Lamarck, De Candolle y Pourret.</para>
</abstract>

</dataset>

<additionalMetadata>
  <metadata>
    <gbif>
        <dateStamp>2012-09-27T02:34:07.000+02:00</dateStamp>
        <citation>F.J. Salgueiro, S. Talavera et al. (2006). SEV collections online data bases</citation>
    </gbif>
  </metadata>
</additionalMetadata>

</eml:eml>
