<eml:eml xmlns:eml="eml://ecoinformatics.org/eml-2.1.1"
         xmlns:xsi="http://www.w3.org/2001/XMLSchema-instance"
         xsi:schemaLocation="eml://ecoinformatics.org/eml-2.1.1 http://rs.gbif.org/schema/eml-gbif-profile/1.0.2/eml.xsd"
         packageId="837acfc2-f762-11e1-a439-00145eb45e9a" system="http://gbif.org" scope="system"
         xml:lang="en">

<dataset>
    <alternateIdentifier system="GBIF_PORTAL">291</alternateIdentifier>
  <title>Dirección General de Investigación, Desarrollo Tecnológico e Innovación de la Junta de Extremadura(DGIDTI): HSS</title>
<creator>
</creator>
<metadataProvider>
</metadataProvider>
<associatedParty>
    <phone>00 34 924 014113</phone>
    <electronicMailAddress>frvazquez50@hotmail.com</electronicMailAddress>
    <role>ADMINISTRATIVE_POINT_OF_CONTACT</role>
</associatedParty>
<language>en</language>
<abstract>
  <para>La fuente de datos procede del Herbario HSS, dependiente de La Dirección General de Investigación, Desarrollo Tecnológico e Innovación de la Junta de Extremadura(DGIDTI). Se encuentra integrado dentro de Centro de Investigación La Orden-Valdesequera. Situado en la Ctra NV, km 372, en el municipio de Guadajira (Badajoz). El herbario HSS se creó en 1990, para validad la información de los proyectos de investigación sobre vegetación forestal del territorio extremeño. Desde la fecha se ha ido nutriendo de materiales procedentes en más del 85% de los casos de Extremadura y en menor medidad de Portugal y otras zonas del mundo. Actualmente cuenta con 27000 entradas de espermatofitas. Está especializado en flora mediterránea y cuenta con importantes colecciones de los géneros Quercus L., Scolymus L., y Stipa L. Entre los materiales más destacables se encuentran material tipo de taxones de los género previamente comentados.</para>
</abstract>
  <intellectualRights>
    <para>La Dirección General de Investigación, Desarrollo Tecnológico e Innovación de la Junta de Extremadura(DGIDTI), a través del Herbario HSS, expone las siguientes limitaciones al uso de los datos contenidos en la base de datos HSS2006 Uso comercial de los datos: Se prohíbe el uso comercial de los datos obtenidos, o que conlleve beneficio económico, sin el consentimiento explícito de la DGIDTI Redistribución: Queda estrictamente prohibido la edición, reproducción, redistribución, adición o reducción total o parcial de la información, incluida explícitamente su incorporación a otras bases de datos de acceso libre o restringido. Reconocimientos: El uso de los datos conlleva la obligación de reconocer y citar su uso explícitamente (www.gbif.net. (date when consulted). Herbarium HSS. (Register numbers). Centro de Investigación La Orden-Valdesequera.). Esta atribución se debe mantener en cualquier uso subsiguiente de los datos. Información obtenida: el usuario se compromete a que la información obtenida no sea utilizada en detrimento de la conservación de la flora y fauna, ni en procesos que alteren irreversiblemente el equilibrio ecológico (extracción indiscriminada o introducción de especies).</para>
  </intellectualRights>
  <contact>
    <phone>00 34 924 014113</phone>
    <electronicMailAddress>frvazquez50@hotmail.com</electronicMailAddress>
  </contact>

</dataset>

<additionalMetadata>
  <metadata>
    <gbif>
        <dateStamp>2012-09-27T02:34:07.000+02:00</dateStamp>
        <citation>www.gbif.net. (date when consulted). Herbarium HSS. (Register numbers). Centro de Investigación La Orden-Valdesequera.</citation>
    </gbif>
  </metadata>
</additionalMetadata>

</eml:eml>
