<eml:eml xmlns:eml="eml://ecoinformatics.org/eml-2.1.1"
         xmlns:xsi="http://www.w3.org/2001/XMLSchema-instance"
         xsi:schemaLocation="eml://ecoinformatics.org/eml-2.1.1 http://rs.gbif.org/schema/eml-gbif-profile/1.0.2/eml.xsd"
         packageId="8385a082-f762-11e1-a439-00145eb45e9a" system="http://gbif.org" scope="system"
         xml:lang="en">

<dataset>
    <alternateIdentifier system="GBIF_PORTAL">300</alternateIdentifier>
  <title>Hortus Botanicus Sollerensis Herbarium (FBonafè)</title>
<creator>
</creator>
<metadataProvider>
</metadataProvider>
<associatedParty>
    <phone>+34 971634014</phone>
    <electronicMailAddress>mvicens@jardibotanicdesoller.org</electronicMailAddress>
    <role>ADMINISTRATIVE_POINT_OF_CONTACT</role>
</associatedParty>
<associatedParty>
    <phone>+34 0971634014</phone>
    <electronicMailAddress>herbari@jardibotanicdesoller.org</electronicMailAddress>
    <role>ADMINISTRATIVE_POINT_OF_CONTACT</role>
</associatedParty>
<language>en</language>
<abstract>
  <para>La colección histórica de Francesc Bonafe, es a partir de la cual se realizo la descripción de la flora de Mallorca, redactada en la obra: “Flora de Mallorca (Editorial Moll, 1977)”. Esta colección consta alrededor de 4.000 especimenes de especies naturales de la flora de Mallorca y algunos especimenes de especies cultivadas en la isla de Mallorca.</para>
</abstract>
  <contact>
    <phone>+34 971634014</phone>
    <electronicMailAddress>mvicens@jardibotanicdesoller.org</electronicMailAddress>
  </contact>

</dataset>

<additionalMetadata>
  <metadata>
    <gbif>
        <dateStamp>2012-09-27T02:34:07.000+02:00</dateStamp>
        <citation>Sóller Botanical Garden Foundation: Hortus Botanicus Sollerensis Herbarium (FBonafè)</citation>
    </gbif>
  </metadata>
</additionalMetadata>

</eml:eml>
