<eml:eml xmlns:eml="eml://ecoinformatics.org/eml-2.1.1"
         xmlns:xsi="http://www.w3.org/2001/XMLSchema-instance"
         xsi:schemaLocation="eml://ecoinformatics.org/eml-2.1.1 http://rs.gbif.org/schema/eml-gbif-profile/1.0.2/eml.xsd"
         packageId="84a649ce-ff81-420d-9c41-aa1de59e3766" system="http://gbif.org" scope="system"
         xml:lang="en">

<dataset>
    <alternateIdentifier system="GBIF_PORTAL">14119</alternateIdentifier>
  <title>Individual Sightings</title>
<creator>
    <organizationName>Citizen Science - ALA Website</organizationName>
</creator>
<metadataProvider>
    <organizationName>Citizen Science - ALA Website</organizationName>
</metadataProvider>
<associatedParty>
    <organizationName>Atlas of Living Australia (ALA)</organizationName>
    <address>
        <deliveryPoint>CSIRO Black Mountain Laboratories, Clunies Ross Street, ACTON</deliveryPoint>
        <city>Canberra</city>
        <administrativeArea>ACT</administrativeArea>
        <postalCode>2601</postalCode>
        <country>AUSTRALIA</country>
    </address>
    <electronicMailAddress>info@ala.org.au</electronicMailAddress>
    <role>DISTRIBUTOR</role>
</associatedParty>
<pubDate>
        2012-12-21
</pubDate>
<language>ENGLISH</language>
<abstract>
  <para>This dataset consists of individual sightings submitted by the general public through the ALA website.
</para>
</abstract>
  <distribution scope="document">
    <online>
      <url function="information">http://cs.ala.org.au/bdrs-ala/review/sightings/advancedReview.htm</url>
    </online>
  </distribution>
  <contact>
    <individualName>
        <givenName>Dave</givenName>
      <surName>Martin</surName>
    </individualName>
    <positionName>editor</positionName>
    <phone>0262464439</phone>
    <electronicMailAddress>David.Martin@csiro.au</electronicMailAddress>
  </contact>

</dataset>

<additionalMetadata>
  <metadata>
    <gbif>
        <dateStamp>2012-03-26T03:14:48.000+02:00</dateStamp>
        <citation>Citizen Science - ALA Website: Individual Sightings</citation>
    </gbif>
  </metadata>
</additionalMetadata>

</eml:eml>
