<eml:eml xmlns:eml="eml://ecoinformatics.org/eml-2.1.1"
         xmlns:xsi="http://www.w3.org/2001/XMLSchema-instance"
         xsi:schemaLocation="eml://ecoinformatics.org/eml-2.1.1 http://rs.gbif.org/schema/eml-gbif-profile/1.0.2/eml.xsd"
         packageId="84aca1ae-f762-11e1-a439-00145eb45e9a" system="http://gbif.org" scope="system"
         xml:lang="en">

<dataset>
    <alternateIdentifier system="GBIF_PORTAL">629</alternateIdentifier>
  <title>Royal Botanic Gardens, Kew</title>
<creator>
</creator>
<metadataProvider>
</metadataProvider>
<associatedParty>
    <phone>+44 20 8332 5745</phone>
    <electronicMailAddress>apps-support@kew.org</electronicMailAddress>
</associatedParty>
<associatedParty>
    <electronicMailAddress>herbcat@kew.org</electronicMailAddress>
</associatedParty>
<language>en</language>
<abstract>
  <para></para>
</abstract>
  <intellectualRights>
    <para>http://www.kew.org/aboutus/legal.html</para>
  </intellectualRights>
  <distribution scope="document">
    <online>
      <url function="information">http://www.kew.org</url>
    </online>
  </distribution>

</dataset>

<additionalMetadata>
  <metadata>
    <gbif>
        <dateStamp>2014-01-13T11:34:43.455+01:00</dateStamp>
        <citation>Royal Botanic Gardens, Kew: Royal Botanic Gardens, Kew</citation>
    </gbif>
  </metadata>
</additionalMetadata>

</eml:eml>
