<eml:eml xmlns:eml="eml://ecoinformatics.org/eml-2.1.1"
         xmlns:xsi="http://www.w3.org/2001/XMLSchema-instance"
         xsi:schemaLocation="eml://ecoinformatics.org/eml-2.1.1 http://rs.gbif.org/schema/eml-gbif-profile/1.0.2/eml.xsd"
         packageId="853006c0-f762-11e1-a439-00145eb45e9a" system="http://gbif.org" scope="system"
         xml:lang="en">

<dataset>
    <alternateIdentifier system="GBIF_PORTAL">968</alternateIdentifier>
  <title>NSW herbarium collection</title>
<creator>
</creator>
<metadataProvider>
</metadataProvider>
<associatedParty>
    <electronicMailAddress>barry.conn@rbgsyd.nsw.gov.au</electronicMailAddress>
    <role>TECHNICAL_POINT_OF_CONTACT</role>
</associatedParty>
<associatedParty>
    <electronicMailAddress>barry.conn@rbgsyd.nsw.gov.au</electronicMailAddress>
    <role>ADMINISTRATIVE_POINT_OF_CONTACT</role>
</associatedParty>
<language>en</language>
<abstract>
  <para></para>
</abstract>
  <distribution scope="document">
    <online>
      <url function="information">http://plantnet.rbgsyd.nsw.gov.au</url>
    </online>
  </distribution>
  <contact>
    <electronicMailAddress>barry.conn@rbgsyd.nsw.gov.au</electronicMailAddress>
  </contact>

</dataset>

<additionalMetadata>
  <metadata>
    <gbif>
        <dateStamp>2008-05-26T03:15:12.000+02:00</dateStamp>
        <citation>National Herbarium of New South Wales (NSW). Online plant information. http://plantnet.rbgsyd.nsw.gov.au</citation>
    </gbif>
  </metadata>
</additionalMetadata>

</eml:eml>
