<eml:eml xmlns:eml="eml://ecoinformatics.org/eml-2.1.1"
         xmlns:xsi="http://www.w3.org/2001/XMLSchema-instance"
         xsi:schemaLocation="eml://ecoinformatics.org/eml-2.1.1 http://rs.gbif.org/schema/eml-gbif-profile/1.0.2/eml.xsd"
         packageId="85b41bf4-f762-11e1-a439-00145eb45e9a" system="http://gbif.org" scope="system"
         xml:lang="en">

<dataset>
    <alternateIdentifier system="GBIF_PORTAL">1520</alternateIdentifier>
  <title>Dpto de Botánica, Ecología y Fisiología Vegetal (Historico_cofc). Facultad de Ciencias. Universidad de Córdoba</title>
<creator>
</creator>
<metadataProvider>
</metadataProvider>
<associatedParty>
    <phone>34 957 218 599</phone>
    <electronicMailAddress>Herbario_cofc@uco.es</electronicMailAddress>
    <role>ADMINISTRATIVE_POINT_OF_CONTACT</role>
</associatedParty>
<associatedParty>
    <phone>34 957 218 531</phone>
    <electronicMailAddress>bv1rucle@uco.es</electronicMailAddress>
    <role>ADMINISTRATIVE_POINT_OF_CONTACT</role>
</associatedParty>
<language>en</language>
<abstract>
  <para>Herbario del Dpto de Botánica, Ecología y Fisiología Vegetal. Facultad de Ciencias. Córdoba</para>
</abstract>
  <contact>
    <phone>34 957 218 599</phone>
    <electronicMailAddress>Herbario_cofc@uco.es</electronicMailAddress>
  </contact>

</dataset>

<additionalMetadata>
  <metadata>
    <gbif>
        <dateStamp>2012-09-27T02:34:07.000+02:00</dateStamp>
        <citation>Dept. of Botany, Ecology and Plant physiology, University of Cordoba: Dpto de Botánica, Ecología y Fisiología Vegetal (Historico_cofc). Facultad de Ciencias. Universidad de Córdoba</citation>
    </gbif>
  </metadata>
</additionalMetadata>

</eml:eml>
