<eml:eml xmlns:eml="eml://ecoinformatics.org/eml-2.1.1"
         xmlns:xsi="http://www.w3.org/2001/XMLSchema-instance"
         xsi:schemaLocation="eml://ecoinformatics.org/eml-2.1.1 http://rs.gbif.org/schema/eml-gbif-profile/1.0.2/eml.xsd"
         packageId="85b571c0-f762-11e1-a439-00145eb45e9a" system="http://gbif.org" scope="system"
         xml:lang="en">

<dataset>
    <alternateIdentifier system="GBIF_PORTAL">1521</alternateIdentifier>
  <title>Universidad Politécnica de Madrid, Dpto. Biología Vegetal, Banco de Germoplasma</title>
<creator>
</creator>
<metadataProvider>
</metadataProvider>
<associatedParty>
    <phone>34-913665664</phone>
    <electronicMailAddress>david.draper@upm.es</electronicMailAddress>
    <role>TECHNICAL_POINT_OF_CONTACT</role>
</associatedParty>
<language>en</language>
<abstract>
  <para>This database contains information regarding the holdings of the Germplasm Bank of the Departamento de Biología Vegetal at the Universidad Politécnica de Madrid. This germplasm bank has around 10.000 accessions and is specialized in worldwide crucifer seeds (with major emphasis in the tribe Brassiceae) and in seeds of Iberian and Macaronesian endemics.</para>
</abstract>
  <distribution scope="document">
    <online>
      <url function="information">http://www.etsia.upm.es/DEPARTAMENTOS/biologia/enlaces.htm</url>
    </online>
  </distribution>

</dataset>

<additionalMetadata>
  <metadata>
    <gbif>
        <dateStamp>2012-09-27T02:34:07.000+02:00</dateStamp>
        <citation>Dep. Plant Biology, E.T.S.I. Agronomy, Univ. Politécnica de Madrid: Universidad Politécnica de Madrid, Dpto. Biología Vegetal, Banco de Germoplasma</citation>
    </gbif>
  </metadata>
</additionalMetadata>

</eml:eml>
