<eml:eml xmlns:eml="eml://ecoinformatics.org/eml-2.1.1"
         xmlns:xsi="http://www.w3.org/2001/XMLSchema-instance"
         xsi:schemaLocation="eml://ecoinformatics.org/eml-2.1.1 http://rs.gbif.org/schema/eml-gbif-profile/1.0.2/eml.xsd"
         packageId="862a5300-f762-11e1-a439-00145eb45e9a" system="http://gbif.org" scope="system"
         xml:lang="en">

<dataset>
    <alternateIdentifier system="GBIF_PORTAL">1840</alternateIdentifier>
  <title>ZFMK Hymenoptera collection</title>
<creator>
</creator>
<metadataProvider>
</metadataProvider>
<associatedParty>
    <address>
        <deliveryPoint>Zoological Research Museum Koenig, Section Hymonoptera, Adenauerallee 160, 53113 Bonn</deliveryPoint>
    </address>
    <phone>+49 (0) 228/9122-290</phone>
    <electronicMailAddress>r.peters@zfmk.de</electronicMailAddress>
    <role>ADMINISTRATIVE_POINT_OF_CONTACT</role>
</associatedParty>
<associatedParty>
    <address>
        <deliveryPoint>Zoologisches Forschungsmuseum Alexander Koenig, Adenauerallee 160, 53113 Bonn</deliveryPoint>
    </address>
    <phone>0049 (0) 2289122342</phone>
    <electronicMailAddress>p.grobe@zfmk.de</electronicMailAddress>
    <role>TECHNICAL_POINT_OF_CONTACT</role>
</associatedParty>
<language>en</language>
<abstract>
  <para></para>
</abstract>
  <contact>
    <address>
        <deliveryPoint>Zoological Research Museum Koenig, Section Hymonoptera, Adenauerallee 160, 53113 Bonn</deliveryPoint>
    </address>
    <phone>+49 (0) 228/9122-290</phone>
    <electronicMailAddress>r.peters@zfmk.de</electronicMailAddress>
  </contact>

</dataset>

<additionalMetadata>
  <metadata>
    <gbif>
        <dateStamp>2014-01-13T11:32:13.477+01:00</dateStamp>
        <citation>Zoologisches Forschungsinstitut und Museum Alexander Koenig: ZFMK Hymenoptera collection</citation>
    </gbif>
  </metadata>
</additionalMetadata>

</eml:eml>
