<eml:eml xmlns:eml="eml://ecoinformatics.org/eml-2.1.1"
         xmlns:xsi="http://www.w3.org/2001/XMLSchema-instance"
         xsi:schemaLocation="eml://ecoinformatics.org/eml-2.1.1 http://rs.gbif.org/schema/eml-gbif-profile/1.0.2/eml.xsd"
         packageId="865df020-f762-11e1-a439-00145eb45e9a" system="http://gbif.org" scope="system"
         xml:lang="en">

<dataset>
    <alternateIdentifier system="GBIF_PORTAL">1905</alternateIdentifier>
  <title>EURISCO, The European Genetic Resources Search Catalogue</title>
<creator>
</creator>
<metadataProvider>
</metadataProvider>
<associatedParty>
    <address>
        <deliveryPoint>Bioversity International, Via dei Tre Denari 472/a, 00057 Maccarese, Rome, ITALY</deliveryPoint>
    </address>
    <electronicMailAddress>s.dias@cgiar.org</electronicMailAddress>
    <role>POINT_OF_CONTACT</role>
</associatedParty>
<language>en</language>
<abstract>
  <para>The EURISCO web catalogue automatically receives data from the National Inventories (NI). It effectively provides access to all ex situ PGR information in Europe and thus facilitates locating and accessing PGR.</para>
</abstract>
  <intellectualRights>
    <para>You may access and use the Information only if you agree to and abide by the terms of this Agreement. Permission is granted to access and use the Information from this site, provided that:                 http://eurisco.ecpgr.org/_1About/9Legal/index.php. Copyright laws and treaty provisions protect information appearing on this site (&quot;Information&quot;). Bioversity International (former IPGRI) or the original provider of the Information holds the copyright on such information. None of the Information may be copied, reproduced, modified, published, up/downloaded, posted, retransmitted, sold, broadcast, circulated or distributed in any form or by any means other than as described below, or with prior written permission of the copyright holder, Bioversity International or the original provider.                 http://eurisco.ecpgr.org/_1About/9Legal/index.php.</para>
  </intellectualRights>

</dataset>

<additionalMetadata>
  <metadata>
    <gbif>
        <dateStamp>2009-12-02T07:15:55.000+01:00</dateStamp>
        <citation>EURISCO, the European PGR Search Catalogue                 http://eurisco.ecpgr.org/_1About/9Legal/index.php</citation>
        <resourceLogoUrl>http://eurisco.ecpgr.org/images/EURISCO-N75.jpg</resourceLogoUrl>
    </gbif>
  </metadata>
</additionalMetadata>

</eml:eml>
