<eml:eml xmlns:eml="eml://ecoinformatics.org/eml-2.1.1"
         xmlns:xsi="http://www.w3.org/2001/XMLSchema-instance"
         xsi:schemaLocation="eml://ecoinformatics.org/eml-2.1.1 http://rs.gbif.org/schema/eml-gbif-profile/1.0.2/eml.xsd"
         packageId="89579e3e-f762-11e1-a439-00145eb45e9a" system="http://gbif.org" scope="system"
         xml:lang="en">

<dataset>
    <alternateIdentifier system="GBIF_PORTAL">2585</alternateIdentifier>
  <title>FloVegSI - Floristical and fitocenological database of ZRC SAZU</title>
<creator>
</creator>
<metadataProvider>
</metadataProvider>
<associatedParty>
    <phone>+384 1 4706-323</phone>
    <electronicMailAddress>as@zrc-sazu.si</electronicMailAddress>
    <role>ADMINISTRATIVE_POINT_OF_CONTACT</role>
</associatedParty>
<language>en</language>
<abstract>
  <para>Abstract ...</para>
</abstract>
  <contact>
    <phone>+384 1 4706-323</phone>
    <electronicMailAddress>as@zrc-sazu.si</electronicMailAddress>
  </contact>

</dataset>

<additionalMetadata>
  <metadata>
    <gbif>
        <dateStamp>2011-12-15T01:05:33.000+01:00</dateStamp>
        <citation>Scientific Research Centre of the Slovenian Academy of Sciences and Arts, Institute of Biology: FloVegSI - Floristical and fitocenological database of ZRC SAZU</citation>
    </gbif>
  </metadata>
</additionalMetadata>

</eml:eml>
