<eml:eml xmlns:eml="eml://ecoinformatics.org/eml-2.1.1"
         xmlns:xsi="http://www.w3.org/2001/XMLSchema-instance"
         xsi:schemaLocation="eml://ecoinformatics.org/eml-2.1.1 http://rs.gbif.org/schema/eml-gbif-profile/1.0.2/eml.xsd"
         packageId="940821c0-3269-11df-855a-b8a03c50a862" system="http://gbif.org" scope="system"
         xml:lang="en">

<dataset>
    <alternateIdentifier system="GBIF_PORTAL">10969</alternateIdentifier>
  <title>Belgian IFBL Flora Checklists (1939-1971)</title>
<creator>
</creator>
<metadataProvider>
</metadataProvider>
<associatedParty>
    <positionName>[data administrator]</positionName>
    <electronicMailAddress>aheugheb@ulb.ac.be</electronicMailAddress>
</associatedParty>
<associatedParty>
    <positionName>[data administrator]</positionName>
    <electronicMailAddress>leo.vanhecke@br.fgov.be</electronicMailAddress>
</associatedParty>
<language>en</language>
<abstract>
  <para>The Atlas of the Flora (Pteridophytes – Spermatophytes) of Belgium and Luxemburg (Van
Rompaey &amp; Delvosalle 1972) is the result of the first national flora mapping project (1939-
1971). Unfortunately, the data used to build it are only digitised at a synthetic level (units of
16 km²). To be able to investigate the changes in the flora between the first mapping period
and the second (1972 up to now) in all its aspects, especially in relation to environmental
factors (climatic, pollution, land use…), it is necessary to digitise the original data, i.e. the
field records on the flora (flora checklists) made within 1km² IFBL squares. Here we propose
to digitise a substantial part of this original dataset (about 2000 lists, i.e. 1/5 of the approx. 10000 available lists), after a selection procedure based on (1) maximizing the spatial dispersion of the data throughout Belgium and (2) the quality of the individual lists, e.g. the highest number of observed taxa (data already encoded in a database for the whole dataset).</para>
</abstract>
  <distribution scope="document">
    <online>
      <url function="information">http://tapir.bebif.be/tapir.php/BR_IFBL</url>
    </online>
  </distribution>

</dataset>

<additionalMetadata>
  <metadata>
    <gbif>
        <dateStamp>2014-01-13T11:33:40.982+01:00</dateStamp>
        <citation>BeBIF Provider: Belgian IFBL Flora Checklists (1939-1971)</citation>
    </gbif>
  </metadata>
</additionalMetadata>

</eml:eml>
