<eml:eml xmlns:eml="eml://ecoinformatics.org/eml-2.1.1"
         xmlns:xsi="http://www.w3.org/2001/XMLSchema-instance"
         xsi:schemaLocation="eml://ecoinformatics.org/eml-2.1.1 http://rs.gbif.org/schema/eml-gbif-profile/1.0.2/eml.xsd"
         packageId="9440b24c-cd99-48e1-9c1d-135a59267eb0" system="http://gbif.org" scope="system"
         xml:lang="fr">

<dataset>
    <alternateIdentifier system="GBIF_PORTAL">14299</alternateIdentifier>
  <title>Inventaire National du Patrimoine Naturel : Flore Franco-Belge</title>
<creator>
    <individualName>
      <surName>L. Delvosalle et V. Boullet (IFFB)</surName>
    </individualName>
    <address>
        <country>FRANCE</country>
    </address>
</creator>
<metadataProvider>
    <individualName>
        <givenName>Frédéric</givenName>
      <surName>Vest</surName>
    </individualName>
    <organizationName>Service du Patrimoine Naturel - Muséum national d&apos;Histoire Naturelle</organizationName>
    <address>
        <deliveryPoint>36 rue Geoffroy St Hilaire CP 41</deliveryPoint>
        <city>Paris</city>
        <postalCode>75231</postalCode>
        <country>FRANCE</country>
    </address>
    <electronicMailAddress>inpn@mnh.fr</electronicMailAddress>
</metadataProvider>
<pubDate>
        2012-05-31
</pubDate>
<language>FRENCH</language>
<abstract>
  <para>L&apos;objectif de cet inventaire est de rassembler un jeu exhaustif de données sur l&apos;ensemble des espèces connues dans le tiers nord de la France et en Belgique. Le réseau est coordonné par l&apos;Institut Floristique Franco-Belge (L. Delvosalle et V. Boullet). Au 01/01/2002, la base contient environ 2 350 000 données. Celles-ci couvrent une période allant de 1910 à 1998 mais l&apos;essentiel concerne les années 1970-1989. Les données sont localisées sous la forme d&apos;une présence absence par maille de 4 km x 4 km. Ce fichier ne contient pas d&apos;informations autres que les données essentielles (espèce, lieu, date, observateur ou source bibliographique).</para>
</abstract>
  <contact>
    <individualName>
        <givenName>Frédéric</givenName>
      <surName>Vest</surName>
    </individualName>
    <organizationName>Service du Patrimoine Naturel - Muséum national d&apos;Histoire Naturelle</organizationName>
    <address>
        <deliveryPoint>36 rue Geoffroy St Hilaire CP 41</deliveryPoint>
        <city>Paris</city>
        <postalCode>75231</postalCode>
        <country>FRANCE</country>
    </address>
    <electronicMailAddress>inpn@mnh.fr</electronicMailAddress>
  </contact>

</dataset>

<additionalMetadata>
  <metadata>
    <gbif>
        <dateStamp>2013-12-19T04:33:12.140+01:00</dateStamp>
        <citation>SPN - Service du Patrimoine naturel, Muséum national d&apos;Histoire naturelle, Paris: Inventaire National du Patrimoine Naturel : Flore Franco-Belge</citation>
    </gbif>
  </metadata>
</additionalMetadata>

</eml:eml>
