<eml:eml xmlns:eml="eml://ecoinformatics.org/eml-2.1.1"
         xmlns:xsi="http://www.w3.org/2001/XMLSchema-instance"
         xsi:schemaLocation="eml://ecoinformatics.org/eml-2.1.1 http://rs.gbif.org/schema/eml-gbif-profile/1.0.2/eml.xsd"
         packageId="964651ee-f762-11e1-a439-00145eb45e9a" system="http://gbif.org" scope="system"
         xml:lang="en">

<dataset>
    <alternateIdentifier system="GBIF_PORTAL">8176</alternateIdentifier>
  <title>Peabody Paleoportal DiGIR Service (PB)</title>
<creator>
</creator>
<metadataProvider>
</metadataProvider>
<associatedParty>
    <positionName>Informatics Program</positionName>
    <electronicMailAddress>william.piel@yale.edu</electronicMailAddress>
</associatedParty>
<associatedParty>
    <positionName>Computer Systems Office</positionName>
    <electronicMailAddress>lawrence.gall@yale.edu</electronicMailAddress>
</associatedParty>
<associatedParty>
    <positionName>Collections Manager</positionName>
    <electronicMailAddress>shusheng.hu@yale.edu</electronicMailAddress>
</associatedParty>
<associatedParty>
    <positionName>Curator</positionName>
    <electronicMailAddress>leo.hickey@yale.edu</electronicMailAddress>
</associatedParty>
<language>en</language>
<abstract>
  <para>GBIF, NBII DiGIR Service, for Yale Peabody Museum</para>
</abstract>
  <intellectualRights>
    <para>Peabody Museum data records may be used by individual researchers or research groups, but they may not be repackaged, resold, or redistributed in any form without the express written consent of a curatorial staff member of the museum. If any of these records are used in an analysis or report, the provenance of the original data must be acknowledged and the Peabody notified. Yale University and the Peabody Museum of Natural History and its staff are not responsible for damages, injury or loss due to the use of these data.</para>
  </intellectualRights>
  <distribution scope="document">
    <online>
      <url function="information">http://www.peabody.yale.edu/collections/pb</url>
    </online>
  </distribution>

</dataset>

<additionalMetadata>
  <metadata>
    <gbif>
        <dateStamp>2014-01-13T11:34:29.414+01:00</dateStamp>
        <citation>Yale Peabody Museum, (c) 2009. Specimen data records available through distributed digital resources.</citation>
    </gbif>
  </metadata>
</additionalMetadata>

</eml:eml>
