<eml:eml xmlns:eml="eml://ecoinformatics.org/eml-2.1.1"
         xmlns:xsi="http://www.w3.org/2001/XMLSchema-instance"
         xsi:schemaLocation="eml://ecoinformatics.org/eml-2.1.1 http://rs.gbif.org/schema/eml-gbif-profile/1.0.2/eml.xsd"
         packageId="96b9eec4-f762-11e1-a439-00145eb45e9a" system="http://gbif.org" scope="system"
         xml:lang="en">

<dataset>
    <alternateIdentifier system="GBIF_PORTAL">8406</alternateIdentifier>
  <title>Herbario de Universidad de Murcia: MUB</title>
<creator>
</creator>
<metadataProvider>
</metadataProvider>
<associatedParty>
    <phone>+34 868 88 49 99</phone>
    <electronicMailAddress>psgomez@um.es</electronicMailAddress>
    <role>ADMINISTRATIVE_POINT_OF_CONTACT</role>
</associatedParty>
<language>en</language>
<abstract>
  <para>Colección de cormófitos depositada en MUB, con ejemplares procedentes en su mayorí­a del Sureste Ibérico (colección SURESTE). Contiene numerosas especies endémicas de la Península Ibérica e iberoafricanismos.</para>
</abstract>
  <distribution scope="document">
    <online>
      <url function="information">http://www.um.es/herbariosureste/principal.htm</url>
    </online>
  </distribution>
  <contact>
    <phone>+34 868 88 49 99</phone>
    <electronicMailAddress>psgomez@um.es</electronicMailAddress>
  </contact>

</dataset>

<additionalMetadata>
  <metadata>
    <gbif>
        <dateStamp>2012-09-27T02:34:07.000+02:00</dateStamp>
        <citation>ColecciÃ³n SURESTE en el herbario de la Universidad de Murcia (MUB).</citation>
    </gbif>
  </metadata>
</additionalMetadata>

</eml:eml>
