<eml:eml xmlns:eml="eml://ecoinformatics.org/eml-2.1.1"
         xmlns:xsi="http://www.w3.org/2001/XMLSchema-instance"
         xsi:schemaLocation="eml://ecoinformatics.org/eml-2.1.1 http://rs.gbif.org/schema/eml-gbif-profile/1.0.2/eml.xsd"
         packageId="98b2bb30-1627-11df-bd84-b8a03c50a862" system="http://gbif.org" scope="system"
         xml:lang="en">

<dataset>
    <alternateIdentifier system="GBIF_PORTAL">10865</alternateIdentifier>
  <title>Herbarium of Taiwan Forestry Research Institute</title>
<creator>
</creator>
<metadataProvider>
</metadataProvider>
<associatedParty>
    <positionName>[data administrator, system administrator]</positionName>
    <phone>886-2-23039978 ext.2700</phone>
    <electronicMailAddress>lrrhchen@tfri.gov.tw</electronicMailAddress>
</associatedParty>
<language>en</language>
<abstract>
  <para>This is the plant specimen data aggregation adapted for DiGIR protocol from the original database of TAIF (Herbarium of Taiwan Forestry Research Institute).</para>
</abstract>
  <distribution scope="document">
    <online>
      <url function="information">http://digir.tfri.gov.tw:81/tapirlink/tapir.php/taif</url>
    </online>
  </distribution>

</dataset>

<additionalMetadata>
  <metadata>
    <gbif>
        <dateStamp>2014-01-13T11:32:35.961+01:00</dateStamp>
        <citation>Taiwan Forestry Research Institute: Herbarium of Taiwan Forestry Research Institute</citation>
    </gbif>
  </metadata>
</additionalMetadata>

</eml:eml>
