<eml:eml xmlns:eml="eml://ecoinformatics.org/eml-2.1.1"
         xmlns:xsi="http://www.w3.org/2001/XMLSchema-instance"
         xsi:schemaLocation="eml://ecoinformatics.org/eml-2.1.1 http://rs.gbif.org/schema/eml-gbif-profile/1.0.2/eml.xsd"
         packageId="995b2ca4-9b4d-4609-acd5-24d8297f0a4b" system="http://gbif.org" scope="system"
         xml:lang="en">

<dataset>
    <alternateIdentifier system="GBIF_PORTAL">13677</alternateIdentifier>
  <title>Herbarium specimens</title>
<creator>
</creator>
<metadataProvider>
</metadataProvider>
<language>en</language>
<abstract>
  <para></para>
</abstract>

</dataset>

<additionalMetadata>
  <metadata>
    <gbif>
        <dateStamp>2011-11-10T05:01:35.000+01:00</dateStamp>
        <citation>Museum d&apos;Histoire Naturelle of Aix-en-Provence, Herbarium: Herbarium specimens</citation>
    </gbif>
  </metadata>
</additionalMetadata>

</eml:eml>
