<eml:eml xmlns:eml="eml://ecoinformatics.org/eml-2.1.1"
         xmlns:xsi="http://www.w3.org/2001/XMLSchema-instance"
         xsi:schemaLocation="eml://ecoinformatics.org/eml-2.1.1 http://rs.gbif.org/schema/eml-gbif-profile/1.0.2/eml.xsd"
         packageId="9d2d0ec1-bc13-40df-a6ff-6df727cc42b5" system="http://gbif.org" scope="system"
         xml:lang="en">

<dataset>
    <alternateIdentifier system="GBIF_PORTAL">11780</alternateIdentifier>
  <title>National Trust - Anglesey Abbey wildlife species data held by The National Trust.</title>
<creator>
</creator>
<metadataProvider>
</metadataProvider>
<language>en</language>
<abstract>
  <para>NBN Gateway Dataset GA000780</para>
</abstract>
  <distribution scope="document">
    <online>
      <url function="information">http://data.nbn.org.uk/datasetInfo/taxonDataset.jsp?dsKey=GA000780</url>
    </online>
  </distribution>

</dataset>

<additionalMetadata>
  <metadata>
    <gbif>
        <dateStamp>2010-09-07T05:56:29.000+02:00</dateStamp>
        <citation>UK National Biodiversity Network: National Trust - Anglesey Abbey wildlife species data held by The National Trust.</citation>
    </gbif>
  </metadata>
</additionalMetadata>

</eml:eml>
