<eml:eml xmlns:eml="eml://ecoinformatics.org/eml-2.1.1"
         xmlns:xsi="http://www.w3.org/2001/XMLSchema-instance"
         xsi:schemaLocation="eml://ecoinformatics.org/eml-2.1.1 http://rs.gbif.org/schema/eml-gbif-profile/1.0.2/eml.xsd"
         packageId="a379b075-f016-44c5-9240-19c1ed62bd9a" system="http://gbif.org" scope="system"
         xml:lang="en">

<dataset>
    <alternateIdentifier system="GBIF_PORTAL">11901</alternateIdentifier>
  <title>Shire Group of Internal Drainage Boards - Shire Group IDB species data 2004 to present</title>
<creator>
</creator>
<metadataProvider>
</metadataProvider>
<language>en</language>
<abstract>
  <para>NBN Gateway Dataset GA000720</para>
</abstract>
  <distribution scope="document">
    <online>
      <url function="information">http://data.nbn.org.uk/datasetInfo/taxonDataset.jsp?dsKey=GA000720</url>
    </online>
  </distribution>

</dataset>

<additionalMetadata>
  <metadata>
    <gbif>
        <dateStamp>2010-09-15T10:43:28.000+02:00</dateStamp>
        <citation>UK National Biodiversity Network: Shire Group of Internal Drainage Boards - Shire Group IDB species data 2004 to present</citation>
    </gbif>
  </metadata>
</additionalMetadata>

</eml:eml>
