<eml:eml xmlns:eml="eml://ecoinformatics.org/eml-2.1.1"
         xmlns:xsi="http://www.w3.org/2001/XMLSchema-instance"
         xsi:schemaLocation="eml://ecoinformatics.org/eml-2.1.1 http://rs.gbif.org/schema/eml-gbif-profile/1.0.2/eml.xsd"
         packageId="ad0d1a24-e952-11e2-961f-00145eb45e9a" system="http://gbif.org" scope="system"
         xml:lang="en">

<dataset>
    <alternateIdentifier system="GBIF_PORTAL">1081</alternateIdentifier>
  <title>VegetWeb - Repositorium von Vegetationsaufnahmen a</title>
<creator>
</creator>
<metadataProvider>
</metadataProvider>
<language>en</language>
<abstract>
  <para></para>
</abstract>

</dataset>

<additionalMetadata>
  <metadata>
    <gbif>
        <dateStamp>2013-07-10T01:20:07.000+02:00</dateStamp>
        <citation>Bundesamt für Naturschutz / Netzwerk Phytodiversität Deutschland: VegetWeb - Repositorium von Vegetationsaufnahmen a</citation>
    </gbif>
  </metadata>
</additionalMetadata>

</eml:eml>
