<eml:eml xmlns:eml="eml://ecoinformatics.org/eml-2.1.1"
         xmlns:xsi="http://www.w3.org/2001/XMLSchema-instance"
         xsi:schemaLocation="eml://ecoinformatics.org/eml-2.1.1 http://rs.gbif.org/schema/eml-gbif-profile/1.0.2/eml.xsd"
         packageId="b5cdf794-8fa4-4a85-8b26-755d087bf531" system="http://gbif.org" scope="system"
         xml:lang="en">

<dataset>
    <alternateIdentifier system="GBIF_PORTAL">13686</alternateIdentifier>
  <title>Phanerogams herbarium specimens</title>
<creator>
</creator>
<metadataProvider>
</metadataProvider>
<language>en</language>
<abstract>
  <para></para>
</abstract>

</dataset>

<additionalMetadata>
  <metadata>
    <gbif>
        <dateStamp>2011-11-10T05:01:25.000+01:00</dateStamp>
        <citation>MNHN - Museum national d&apos;Histoire naturelle: Phanerogams herbarium specimens</citation>
    </gbif>
  </metadata>
</additionalMetadata>

</eml:eml>
