<eml:eml xmlns:eml="eml://ecoinformatics.org/eml-2.1.1"
         xmlns:xsi="http://www.w3.org/2001/XMLSchema-instance"
         xsi:schemaLocation="eml://ecoinformatics.org/eml-2.1.1 http://rs.gbif.org/schema/eml-gbif-profile/1.0.2/eml.xsd"
         packageId="bbd0d2ad-053f-4041-894d-7426b322518a" system="http://gbif.org" scope="system"
         xml:lang="en">

<dataset>
    <alternateIdentifier system="GBIF_PORTAL">14969</alternateIdentifier>
  <title>EcoRecord - Vascular plant records held by EcoRecord for the Birmingham and the Black Country area collated prior to March 2013</title>
<creator>
</creator>
<metadataProvider>
</metadataProvider>
<language>en</language>
<abstract>
  <para>NBN Gateway Dataset GA001239</para>
</abstract>
  <distribution scope="document">
    <online>
      <url function="information">http://data.nbn.org.uk/datasetInfo/taxonDataset.jsp?dsKey=GA001239</url>
    </online>
  </distribution>

</dataset>

<additionalMetadata>
  <metadata>
    <gbif>
        <dateStamp>2013-06-01T11:20:29.000+02:00</dateStamp>
        <citation>UK National Biodiversity Network: EcoRecord - Vascular plant records held by EcoRecord for the Birmingham and the Black Country area collated prior to March 2013</citation>
    </gbif>
  </metadata>
</additionalMetadata>

</eml:eml>
