<eml:eml xmlns:eml="eml://ecoinformatics.org/eml-2.1.1"
         xmlns:xsi="http://www.w3.org/2001/XMLSchema-instance"
         xsi:schemaLocation="eml://ecoinformatics.org/eml-2.1.1 http://rs.gbif.org/schema/eml-gbif-profile/1.0.2/eml.xsd"
         packageId="bbee118c-a50e-4f7f-bca1-d5bfefc5360b" system="http://gbif.org" scope="system"
         xml:lang="en">

<dataset>
    <alternateIdentifier system="GBIF_PORTAL">11912</alternateIdentifier>
  <title>Staffordshire Ecological Record - SER Species-based Surveys</title>
<creator>
</creator>
<metadataProvider>
</metadataProvider>
<language>en</language>
<abstract>
  <para>NBN Gateway Dataset GA000549</para>
</abstract>
  <distribution scope="document">
    <online>
      <url function="information">http://data.nbn.org.uk/datasetInfo/taxonDataset.jsp?dsKey=GA000549</url>
    </online>
  </distribution>

</dataset>

<additionalMetadata>
  <metadata>
    <gbif>
        <dateStamp>2010-09-15T11:55:05.000+02:00</dateStamp>
        <citation>UK National Biodiversity Network: Staffordshire Ecological Record - SER Species-based Surveys</citation>
    </gbif>
  </metadata>
</additionalMetadata>

</eml:eml>
