<eml:eml xmlns:eml="eml://ecoinformatics.org/eml-2.1.1"
         xmlns:xsi="http://www.w3.org/2001/XMLSchema-instance"
         xsi:schemaLocation="eml://ecoinformatics.org/eml-2.1.1 http://rs.gbif.org/schema/eml-gbif-profile/1.0.2/eml.xsd"
         packageId="bd9184fd-61a0-4aa6-9886-162880de0b2e" system="http://gbif.org" scope="system"
         xml:lang="en">

<dataset>
    <alternateIdentifier system="GBIF_PORTAL">11919</alternateIdentifier>
  <title>Tullie House Museum - Tullie House Museum. Cumbria Wildlife Trust survey records from 1970 - 2007 of Cumbria Wildlife Sites. Various.</title>
<creator>
</creator>
<metadataProvider>
</metadataProvider>
<language>en</language>
<abstract>
  <para>NBN Gateway Dataset GA000613</para>
</abstract>
  <distribution scope="document">
    <online>
      <url function="information">http://data.nbn.org.uk/datasetInfo/taxonDataset.jsp?dsKey=GA000613</url>
    </online>
  </distribution>

</dataset>

<additionalMetadata>
  <metadata>
    <gbif>
        <dateStamp>2010-09-15T10:40:00.000+02:00</dateStamp>
        <citation>UK National Biodiversity Network: Tullie House Museum - Tullie House Museum. Cumbria Wildlife Trust survey records from 1970 - 2007 of Cumbria Wildlife Sites. Various.</citation>
    </gbif>
  </metadata>
</additionalMetadata>

</eml:eml>
