<eml:eml xmlns:eml="eml://ecoinformatics.org/eml-2.1.1"
         xmlns:xsi="http://www.w3.org/2001/XMLSchema-instance"
         xsi:schemaLocation="eml://ecoinformatics.org/eml-2.1.1 http://rs.gbif.org/schema/eml-gbif-profile/1.0.2/eml.xsd"
         packageId="c269b960-eb72-11dc-ad06-b8a03c50a862" system="http://gbif.org" scope="system"
         xml:lang="es">

<dataset>
    <alternateIdentifier system="GBIF_PORTAL">2559</alternateIdentifier>
  <title>Instituto de Ciencias Naturales</title>
<creator>
</creator>
<metadataProvider>
</metadataProvider>
<associatedParty>
    <positionName>[data administrator]</positionName>
    <phone>+57 (1) 3165000 x 11508</phone>
    <electronicMailAddress>lraz@unal.edu.co</electronicMailAddress>
</associatedParty>
<associatedParty>
    <positionName>[data administrator]</positionName>
    <phone>+57(1) 3165305</phone>
    <electronicMailAddress>inscien_bog@unal.edu.co</electronicMailAddress>
</associatedParty>
<associatedParty>
    <positionName>[data administrator]</positionName>
    <phone>+57 (1) 3165000 x 11508</phone>
    <electronicMailAddress>lraz@unal.edu.co</electronicMailAddress>
</associatedParty>
<associatedParty>
    <positionName>[data administrator]</positionName>
    <phone>+57(1) 3165305</phone>
    <electronicMailAddress>inscien_bog@unal.edu.co</electronicMailAddress>
</associatedParty>
<language>en</language>
<abstract>
  <para>El Instituto de Ciencias Naturales  de la Universidad Nacional de Colombia alberga la mayor colección de especímenes biológicos colombianos que existe en el mundo, con un número de especímenes cercano a 850.000. Desde 2001, el Instituto ha venido avanzando en el proceso de sistematizar sus colecciones, y liberar la información a través de Internet. En la actualidad, el Instituto tiene sistematizados 235.000 especímenes, incluyendo 128.000 de plantas, 40.000 de anfibios , 35.000 de aves, 15.000 de mamíferos y 17.000 de insectos.  Esta cifra representa el 28 % de toda su colección, y para los mamíferos, las aves y los anfibios representa el total de cada grupo. Para el herbario, la cifra sistematizada corresponde al 26% del total de las colecciones.  Toda la información sistematizada  está disponible en la página web del Instituto de Ciencias Naturales (www.icn.unal.edu.co), incluyendo una imagen digital de cada espécimen del Herbario Nacional Colombiano. Dado que los datos están sistematizados bajo estándares interoperables, la información se encuentra también visible a través de búsquedas distribuidas en el Sistema de Información sobre Biodiversidad para Colombia (SIB) y a través de GBIF. En cada una de estas instituciones, la información del Instituto de Ciencias Naturales  constitutye el conjunto de datos colombianos más grande disponible hasta la fecha. Así pues, el Instituto se ha convertido en un pionero en la puesta a disposición de su información.</para>
</abstract>
  <distribution scope="document">
    <online>
      <url function="information">http://www.biovirtual.unal.edu.co/tapirlink/tapir.php/InstitutoDeCienciasNaturales-GBIF</url>
    </online>
  </distribution>

</dataset>

<additionalMetadata>
  <metadata>
    <gbif>
        <dateStamp>2013-12-17T03:29:46.456+01:00</dateStamp>
        <citation>Instituto de Ciencias Naturales: Instituto de Ciencias Naturales</citation>
    </gbif>
  </metadata>
</additionalMetadata>

</eml:eml>
