<eml:eml xmlns:eml="eml://ecoinformatics.org/eml-2.1.1"
         xmlns:xsi="http://www.w3.org/2001/XMLSchema-instance"
         xsi:schemaLocation="eml://ecoinformatics.org/eml-2.1.1 http://rs.gbif.org/schema/eml-gbif-profile/1.0.2/eml.xsd"
         packageId="c96a60c9-d285-41fc-b432-81e74a80d8e3" system="http://gbif.org" scope="system"
         xml:lang="fr">

<dataset>
    <alternateIdentifier system="GBIF_PORTAL">14293</alternateIdentifier>
  <title>Inventaire National du Patrimoine Naturel : Flore d&apos;Ille-et-Vilaine</title>
<creator>
    <individualName>
      <surName>L. Diard (MNHN)</surName>
    </individualName>
    <address>
        <country>FRANCE</country>
    </address>
</creator>
<metadataProvider>
    <individualName>
        <givenName>Frédéric</givenName>
      <surName>Vest</surName>
    </individualName>
    <organizationName>Service du Patrimoine Naturel - Muséum national d&apos;Histoire Naturelle</organizationName>
    <address>
        <deliveryPoint>36 rue Geoffroy St Hilaire CP 41</deliveryPoint>
        <city>Paris</city>
        <postalCode>75231</postalCode>
        <country>FRANCE</country>
    </address>
    <electronicMailAddress>inpn@mnh.fr</electronicMailAddress>
</metadataProvider>
<pubDate>
        2012-06-27
</pubDate>
<language>FRENCH</language>
<abstract>
  <para>L&apos;objectif de cet inventaire est de rassembler un jeu exhaustif de données sur l&apos;ensemble des espèces connues dans le département d&apos;Ille-et-Vilaine. Le réseau est coordonné par L. Diard. Au 01/01/2002, la base contient environ 278 000 données. Celles-ci couvrent une période allant de 1800 à nos jours mais l¿essentiel concerne les décennies quatrevingt et quatre-vingt-dix. Outre les données essentielles (espèce, lieu, date, observateur ou source bibliographique), les altitudes des stations sont mentionnées.</para>
</abstract>
  <contact>
    <individualName>
        <givenName>Frédéric</givenName>
      <surName>Vest</surName>
    </individualName>
    <organizationName>Service du Patrimoine Naturel - Muséum national d&apos;Histoire Naturelle</organizationName>
    <address>
        <deliveryPoint>36 rue Geoffroy St Hilaire CP 41</deliveryPoint>
        <city>Paris</city>
        <postalCode>75231</postalCode>
        <country>FRANCE</country>
    </address>
    <electronicMailAddress>inpn@mnh.fr</electronicMailAddress>
  </contact>

</dataset>

<additionalMetadata>
  <metadata>
    <gbif>
        <dateStamp>2013-12-23T01:47:58.128+01:00</dateStamp>
        <citation>SPN - Service du Patrimoine naturel, Muséum national d&apos;Histoire naturelle, Paris: Inventaire National du Patrimoine Naturel : Flore d&apos;Ille-et-Vilaine</citation>
    </gbif>
  </metadata>
</additionalMetadata>

</eml:eml>
