<eml:eml xmlns:eml="eml://ecoinformatics.org/eml-2.1.1"
         xmlns:xsi="http://www.w3.org/2001/XMLSchema-instance"
         xsi:schemaLocation="eml://ecoinformatics.org/eml-2.1.1 http://rs.gbif.org/schema/eml-gbif-profile/1.0.2/eml.xsd"
         packageId="cfedff39-415b-4051-8f6e-9893e769e13c" system="http://gbif.org" scope="system"
         xml:lang="en">

<dataset>
    <alternateIdentifier system="GBIF_PORTAL">14592</alternateIdentifier>
  <title>Hertfordshire Biological Records Centre - Hertfordshire Urban Surveys  (incomplete)</title>
<creator>
</creator>
<metadataProvider>
</metadataProvider>
<language>en</language>
<abstract>
  <para>NBN Gateway Dataset GA001185</para>
</abstract>
  <distribution scope="document">
    <online>
      <url function="information">http://data.nbn.org.uk/datasetInfo/taxonDataset.jsp?dsKey=GA001185</url>
    </online>
  </distribution>

</dataset>

<additionalMetadata>
  <metadata>
    <gbif>
        <dateStamp>2012-12-01T11:00:42.000+01:00</dateStamp>
        <citation>UK National Biodiversity Network: Hertfordshire Biological Records Centre - Hertfordshire Urban Surveys  (incomplete)</citation>
    </gbif>
  </metadata>
</additionalMetadata>

</eml:eml>
