<eml:eml xmlns:eml="eml://ecoinformatics.org/eml-2.1.1"
         xmlns:xsi="http://www.w3.org/2001/XMLSchema-instance"
         xsi:schemaLocation="eml://ecoinformatics.org/eml-2.1.1 http://rs.gbif.org/schema/eml-gbif-profile/1.0.2/eml.xsd"
         packageId="d3484430-8876-11dd-986c-b8a03c50a862" system="http://gbif.org" scope="system"
         xml:lang="en">

<dataset>
    <alternateIdentifier system="GBIF_PORTAL">7910</alternateIdentifier>
  <title>New Zealand Biodiversity Recording Network</title>
<creator>
</creator>
<metadataProvider>
</metadataProvider>
<associatedParty>
    <positionName>[data administrator, system administrator]</positionName>
    <electronicMailAddress>fuglestadm@landcareresearch.co.nz</electronicMailAddress>
</associatedParty>
<associatedParty>
    <positionName>[system administrator]</positionName>
    <electronicMailAddress>Thomasa@landcareresearch.co.nz</electronicMailAddress>
</associatedParty>
<associatedParty>
    <positionName>[system administrator]</positionName>
    <electronicMailAddress>meurkc@landcareresearch.co.nz</electronicMailAddress>
</associatedParty>
<language>en</language>
<abstract>
  <para>A system by which the general public can enter their biodiversity observations, as well as view reports on existing observations. The portals are Birds, Plants, Fungi, Mammals, Frogs and Reptiles, and Invertebrates.</para>
</abstract>
  <distribution scope="document">
    <online>
      <url function="information">http://www.gbif.org.nz/tapirlink/tapir.php/NZBRN</url>
    </online>
  </distribution>

</dataset>

<additionalMetadata>
  <metadata>
    <gbif>
        <dateStamp>2014-01-13T11:33:29.338+01:00</dateStamp>
        <citation>GBIF New Zealand: New Zealand Biodiversity Recording Network</citation>
    </gbif>
  </metadata>
</additionalMetadata>

</eml:eml>
