<eml:eml xmlns:eml="eml://ecoinformatics.org/eml-2.1.1"
         xmlns:xsi="http://www.w3.org/2001/XMLSchema-instance"
         xsi:schemaLocation="eml://ecoinformatics.org/eml-2.1.1 http://rs.gbif.org/schema/eml-gbif-profile/1.0.2/eml.xsd"
         packageId="d5921947-d156-465a-a4f5-fa195641d8e9" system="http://gbif.org" scope="system"
         xml:lang="en">

<dataset>
  <title>Nijmegen Natural History Museum (NL) – Herbarium</title>
<creator>
</creator>
<metadataProvider>
</metadataProvider>
<associatedParty>
    <positionName>[system administrator]</positionName>
    <electronicMailAddress>joram@natuurmuseum.nl</electronicMailAddress>
</associatedParty>
<associatedParty>
    <positionName>[data administrator]</positionName>
    <electronicMailAddress>herbarium@natuurmuseum.nl</electronicMailAddress>
</associatedParty>
<associatedParty>
    <positionName>[data administrator]</positionName>
    <electronicMailAddress>herbarium@natuurmuseum.nl</electronicMailAddress>
</associatedParty>
<associatedParty>
    <positionName>[data administrator]</positionName>
    <electronicMailAddress>c.h.j.hof@uva.nl</electronicMailAddress>
</associatedParty>
<language>en</language>
<abstract>
  <para>Flora of Nijmegen and Kleve. Collection mainly used for local teaching and research; eastern part of The Netherlands and adjacent Germany. Vascular plants and bryophytes, 50 % of the collection is digitised.</para>
</abstract>
  <distribution scope="document">
    <online>
      <url function="information">http://db01.nlbif.sara.nl/tapir/tapir.php/nmnl_herbarium</url>
    </online>
  </distribution>

</dataset>

<additionalMetadata>
  <metadata>
    <gbif>
        <dateStamp>2014-03-19T10:55:58.200+01:00</dateStamp>
        <citation>Netherlands Biodiversity Information Facility (NLBIF): Nijmegen Natural History Museum (NL) – Herbarium</citation>
    </gbif>
  </metadata>
</additionalMetadata>

</eml:eml>
