<eml:eml xmlns:eml="eml://ecoinformatics.org/eml-2.1.1"
         xmlns:xsi="http://www.w3.org/2001/XMLSchema-instance"
         xsi:schemaLocation="eml://ecoinformatics.org/eml-2.1.1 http://rs.gbif.org/schema/eml-gbif-profile/1.0.2/eml.xsd"
         packageId="dd3ae3d0-1fb5-11df-8ea3-b8a03c50a862" system="http://gbif.org" scope="system"
         xml:lang="en">

<dataset>
    <alternateIdentifier system="GBIF_PORTAL">10874</alternateIdentifier>
  <title>Miscellaneous Vascular Plants</title>
<creator>
</creator>
<metadataProvider>
</metadataProvider>
<associatedParty>
    <positionName>[data administrator]</positionName>
    <phone>+32 2650 5751</phone>
    <electronicMailAddress>aheugheb@ulb.ac.be</electronicMailAddress>
</associatedParty>
<associatedParty>
    <positionName>[data administrator]</positionName>
    <phone>+32 2260 0920</phone>
    <electronicMailAddress>quentin.groom@br.fgov.be</electronicMailAddress>
</associatedParty>
<language>en</language>
<abstract>
  <para>Miscellaneous records of vascular plants for monitoring purposes.</para>
</abstract>
  <distribution scope="document">
    <online>
      <url function="information">http://tapir.bebif.be/tapir.php/BR_MVP</url>
    </online>
  </distribution>

</dataset>

<additionalMetadata>
  <metadata>
    <gbif>
        <dateStamp>2014-01-13T11:33:11.782+01:00</dateStamp>
        <citation>BeBIF Provider: Miscellaneous Vascular Plants</citation>
    </gbif>
  </metadata>
</additionalMetadata>

</eml:eml>
