<eml:eml xmlns:eml="eml://ecoinformatics.org/eml-2.1.1"
         xmlns:xsi="http://www.w3.org/2001/XMLSchema-instance"
         xsi:schemaLocation="eml://ecoinformatics.org/eml-2.1.1 http://rs.gbif.org/schema/eml-gbif-profile/1.0.2/eml.xsd"
         packageId="dd6f4b03-8219-49dd-9934-e78ae3f6d8e4" system="http://gbif.org" scope="system"
         xml:lang="en">

<dataset>
    <alternateIdentifier system="GBIF_PORTAL">11728</alternateIdentifier>
  <title>John Muir Trust - Plants, Bryophytes and Lichens recorded on Quinag in 2006-2007</title>
<creator>
</creator>
<metadataProvider>
</metadataProvider>
<language>en</language>
<abstract>
  <para>NBN Gateway Dataset GA000715</para>
</abstract>
  <distribution scope="document">
    <online>
      <url function="information">http://data.nbn.org.uk/datasetInfo/taxonDataset.jsp?dsKey=GA000715</url>
    </online>
  </distribution>

</dataset>

<additionalMetadata>
  <metadata>
    <gbif>
        <dateStamp>2010-09-07T01:09:26.000+02:00</dateStamp>
        <citation>UK National Biodiversity Network: John Muir Trust - Plants, Bryophytes and Lichens recorded on Quinag in 2006-2007</citation>
    </gbif>
  </metadata>
</additionalMetadata>

</eml:eml>
