<eml:eml xmlns:eml="eml://ecoinformatics.org/eml-2.1.1"
         xmlns:xsi="http://www.w3.org/2001/XMLSchema-instance"
         xsi:schemaLocation="eml://ecoinformatics.org/eml-2.1.1 http://rs.gbif.org/schema/eml-gbif-profile/1.0.2/eml.xsd"
         packageId="de49c340-0c61-11dd-84ce-b8a03c50a862" system="http://gbif.org" scope="system"
         xml:lang="en">

<dataset>
    <alternateIdentifier system="GBIF_PORTAL">1765</alternateIdentifier>
  <title>Gothenburg Herbarium - General (GBIF:IH:GB:Herbarium)</title>
<creator>
</creator>
<metadataProvider>
</metadataProvider>
<associatedParty>
    <positionName>[data administrator]</positionName>
    <electronicMailAddress>anders.telenius@nrm.se</electronicMailAddress>
</associatedParty>
<associatedParty>
    <positionName>[data administrator]</positionName>
    <electronicMailAddress>fredrik.ronquist@nrm.se</electronicMailAddress>
</associatedParty>
<associatedParty>
    <positionName>[data administrator, system administrator]</positionName>
    <phone>+46 8 5195 4045</phone>
    <electronicMailAddress>mickael.graf@nrm.se</electronicMailAddress>
</associatedParty>
<language>en</language>
<abstract>
  <para>This database contains information from Gothenburg (Sweden) general herbarium.</para>
</abstract>
  <distribution scope="document">
    <online>
      <url function="information">http://www.gbif.se/tapir/tapir.php/gb-general</url>
    </online>
  </distribution>

</dataset>

<additionalMetadata>
  <metadata>
    <gbif>
        <dateStamp>2014-01-13T11:44:54.360+01:00</dateStamp>
        <citation>GBIF-Sweden: Gothenburg Herbarium - General (GBIF:IH:GB:Herbarium)</citation>
    </gbif>
  </metadata>
</additionalMetadata>

</eml:eml>
