<eml:eml xmlns:eml="eml://ecoinformatics.org/eml-2.1.1"
         xmlns:xsi="http://www.w3.org/2001/XMLSchema-instance"
         xsi:schemaLocation="eml://ecoinformatics.org/eml-2.1.1 http://rs.gbif.org/schema/eml-gbif-profile/1.0.2/eml.xsd"
         packageId="dee8edc4-b19a-11e2-886d-00145eb45e9a" system="http://gbif.org" scope="system"
         xml:lang="en">

<dataset>
    <alternateIdentifier system="GBIF_PORTAL">14928</alternateIdentifier>
  <title>Floristic Databases of Mecklenburg-Pomerania - Higher Plants</title>
<creator>
</creator>
<metadataProvider>
</metadataProvider>
<associatedParty>
    <address>
        <deliveryPoint>Institute of Botany and Landscape Ecology University of Greifswald, Grimmer Str. 88, 17487 Greifswald, Germany</deliveryPoint>
    </address>
    <phone>+49 (0)3834 86 4147</phone>
    <electronicMailAddress>jansen@uni-greifswald.de</electronicMailAddress>
    <role>ADMINISTRATIVE_POINT_OF_CONTACT</role>
</associatedParty>
<associatedParty>
    <address>
        <deliveryPoint>Museum für Naturkunde, Invalidenstr. 43, 10115 Berlin, Germany</deliveryPoint>
    </address>
    <phone>+49 (0)30 2093 8672</phone>
    <electronicMailAddress>falko.gloeckler@mfn-berlin.de</electronicMailAddress>
    <role>TECHNICAL_POINT_OF_CONTACT</role>
</associatedParty>
<language>en</language>
<abstract>
  <para>Based on the floristic survey of Eastern Germany (Benkert et al. 1996) a distribution database of higher plants in Mecklenburg-Vorpommern has been managed in the Botanical Institute of Botany and Landscape Ecology at the University of Greifswald. On the occasion of the New critical Flora of Mecklenburg-Vorpommern (Henker &amp; Berg 2005) a comprehensive edit has been done. User input is possible at the website http://www.flora-mv.de.</para>
</abstract>
  <distribution scope="document">
    <online>
      <url function="information">http://www.flora-mv.de</url>
    </online>
  </distribution>
  <contact>
    <address>
        <deliveryPoint>Institute of Botany and Landscape Ecology University of Greifswald, Grimmer Str. 88, 17487 Greifswald, Germany</deliveryPoint>
    </address>
    <phone>+49 (0)3834 86 4147</phone>
    <electronicMailAddress>jansen@uni-greifswald.de</electronicMailAddress>
  </contact>

</dataset>

<additionalMetadata>
  <metadata>
    <gbif>
        <dateStamp>2014-01-13T11:32:04.050+01:00</dateStamp>
        <citation>Ernst-Moritz-Arndt-Universitaet: Floristic Databases of Mecklenburg-Pomerania - Higher Plants</citation>
    </gbif>
  </metadata>
</additionalMetadata>

</eml:eml>
