<eml:eml xmlns:eml="eml://ecoinformatics.org/eml-2.1.1"
         xmlns:xsi="http://www.w3.org/2001/XMLSchema-instance"
         xsi:schemaLocation="eml://ecoinformatics.org/eml-2.1.1 http://rs.gbif.org/schema/eml-gbif-profile/1.0.2/eml.xsd"
         packageId="df582950-3b58-11dc-8c19-b8a03c50a862" system="http://gbif.org" scope="system"
         xml:lang="en">

<dataset>
    <alternateIdentifier system="GBIF_PORTAL">474</alternateIdentifier>
  <title>New Zealand National Plant Herbarium (CHR)</title>
<creator>
</creator>
<metadataProvider>
</metadataProvider>
<associatedParty>
    <positionName>[data administrator, system administrator]</positionName>
    <electronicMailAddress>richardsk@landcareresearch.co.nz</electronicMailAddress>
</associatedParty>
<associatedParty>
    <positionName>[system administrator]</positionName>
    <electronicMailAddress>WiltonA@landcareresearch.co.nz</electronicMailAddress>
</associatedParty>
<associatedParty>
    <positionName>[data administrator, system administrator]</positionName>
    <electronicMailAddress>Thomasa@landcareresearch.co.nz</electronicMailAddress>
</associatedParty>
<associatedParty>
    <positionName>[data administrator]</positionName>
    <electronicMailAddress>cooperj@landcareresearch.co.nz</electronicMailAddress>
</associatedParty>
<language>en</language>
<abstract>
  <para>NZ Flora (nzflora.landcareresearch.co.nz) provides information on plant taxa that occur in New Zealand.  It includes taxonomic names, concepts, descriptions, vernacular names and biostatus data, as well as specimen data.</para>
</abstract>
  <distribution scope="document">
    <online>
      <url function="information">http://www.gbif.org.nz/tapirlink/tapir.php/chr</url>
    </online>
  </distribution>

</dataset>

<additionalMetadata>
  <metadata>
    <gbif>
        <dateStamp>2014-01-13T11:33:23.749+01:00</dateStamp>
        <citation>GBIF New Zealand: New Zealand National Plant Herbarium (CHR)</citation>
    </gbif>
  </metadata>
</additionalMetadata>

</eml:eml>
