<eml:eml xmlns:eml="eml://ecoinformatics.org/eml-2.1.1"
         xmlns:xsi="http://www.w3.org/2001/XMLSchema-instance"
         xsi:schemaLocation="eml://ecoinformatics.org/eml-2.1.1 http://rs.gbif.org/schema/eml-gbif-profile/1.0.2/eml.xsd"
         packageId="dfb05b7b-e477-4d0f-861b-043df5e2fd7f" system="http://gbif.org" scope="system"
         xml:lang="en">

<dataset>
    <alternateIdentifier system="GBIF_PORTAL">12738</alternateIdentifier>
  <title>Botanical Society of the British Isles - Changing Flora of Glasgow 1982-2000</title>
<creator>
</creator>
<metadataProvider>
</metadataProvider>
<language>en</language>
<abstract>
  <para>NBN Gateway Dataset GA000830</para>
</abstract>
  <distribution scope="document">
    <online>
      <url function="information">http://data.nbn.org.uk/datasetInfo/taxonDataset.jsp?dsKey=GA000830</url>
    </online>
  </distribution>

</dataset>

<additionalMetadata>
  <metadata>
    <gbif>
        <dateStamp>2011-03-15T10:23:23.000+01:00</dateStamp>
        <citation>UK National Biodiversity Network: Botanical Society of the British Isles - Changing Flora of Glasgow 1982-2000</citation>
    </gbif>
  </metadata>
</additionalMetadata>

</eml:eml>
