<eml:eml xmlns:eml="eml://ecoinformatics.org/eml-2.1.1"
         xmlns:xsi="http://www.w3.org/2001/XMLSchema-instance"
         xsi:schemaLocation="eml://ecoinformatics.org/eml-2.1.1 http://rs.gbif.org/schema/eml-gbif-profile/1.0.2/eml.xsd"
         packageId="e0752450-0ab8-43f9-b829-55920190c182" system="http://gbif.org" scope="system"
         xml:lang="en">

<dataset>
    <alternateIdentifier system="GBIF_PORTAL">11906</alternateIdentifier>
  <title>Shropshire Ecological Data Network - Shropshire Ecological Data Network Database</title>
<creator>
</creator>
<metadataProvider>
</metadataProvider>
<language>en</language>
<abstract>
  <para>NBN Gateway Dataset GA000693</para>
</abstract>
  <distribution scope="document">
    <online>
      <url function="information">http://data.nbn.org.uk/datasetInfo/taxonDataset.jsp?dsKey=GA000693</url>
    </online>
  </distribution>

</dataset>

<additionalMetadata>
  <metadata>
    <gbif>
        <dateStamp>2010-09-15T11:32:42.000+02:00</dateStamp>
        <citation>UK National Biodiversity Network: Shropshire Ecological Data Network - Shropshire Ecological Data Network Database</citation>
    </gbif>
  </metadata>
</additionalMetadata>

</eml:eml>
