<eml:eml xmlns:eml="eml://ecoinformatics.org/eml-2.1.1"
         xmlns:xsi="http://www.w3.org/2001/XMLSchema-instance"
         xsi:schemaLocation="eml://ecoinformatics.org/eml-2.1.1 http://rs.gbif.org/schema/eml-gbif-profile/1.0.2/eml.xsd"
         packageId="e08f0546-0224-4b0d-886d-4ab05f0c87e6" system="http://gbif.org" scope="system"
         xml:lang="en">

<dataset>
    <alternateIdentifier system="GBIF_PORTAL">13685</alternateIdentifier>
  <title>Herbarium specimens</title>
<creator>
</creator>
<metadataProvider>
</metadataProvider>
<language>en</language>
<abstract>
  <para></para>
</abstract>

</dataset>

<additionalMetadata>
  <metadata>
    <gbif>
        <dateStamp>2011-11-10T05:01:40.000+01:00</dateStamp>
        <citation>Conservatoire Botanique National Alpin: Herbarium specimens</citation>
    </gbif>
  </metadata>
</additionalMetadata>

</eml:eml>
