<eml:eml xmlns:eml="eml://ecoinformatics.org/eml-2.1.1"
         xmlns:xsi="http://www.w3.org/2001/XMLSchema-instance"
         xsi:schemaLocation="eml://ecoinformatics.org/eml-2.1.1 http://rs.gbif.org/schema/eml-gbif-profile/1.0.2/eml.xsd"
         packageId="e6796bbe-7ebe-4036-8558-2ba427b031bd" system="http://gbif.org" scope="system"
         xml:lang="en">

<dataset>
    <alternateIdentifier system="GBIF_PORTAL">11895</alternateIdentifier>
  <title>Thames Valley Environmental Records Centre - Local Wildlife Site Surveys Oxfordshire</title>
<creator>
</creator>
<metadataProvider>
</metadataProvider>
<language>en</language>
<abstract>
  <para>NBN Gateway Dataset GA000544</para>
</abstract>
  <distribution scope="document">
    <online>
      <url function="information">http://data.nbn.org.uk/datasetInfo/taxonDataset.jsp?dsKey=GA000544</url>
    </online>
  </distribution>

</dataset>

<additionalMetadata>
  <metadata>
    <gbif>
        <dateStamp>2010-09-15T11:11:09.000+02:00</dateStamp>
        <citation>UK National Biodiversity Network: Thames Valley Environmental Records Centre - Local Wildlife Site Surveys Oxfordshire</citation>
    </gbif>
  </metadata>
</additionalMetadata>

</eml:eml>
