<eml:eml xmlns:eml="eml://ecoinformatics.org/eml-2.1.1"
         xmlns:xsi="http://www.w3.org/2001/XMLSchema-instance"
         xsi:schemaLocation="eml://ecoinformatics.org/eml-2.1.1 http://rs.gbif.org/schema/eml-gbif-profile/1.0.2/eml.xsd"
         packageId="efb3f1a0-43d5-4ae6-a58f-4fd61043756a" system="http://gbif.org" scope="system"
         xml:lang="en">

<dataset>
    <alternateIdentifier system="GBIF_PORTAL">14756</alternateIdentifier>
  <title>National Trust for Scotland - NTS Properties Species Records 1800-2013</title>
<creator>
</creator>
<metadataProvider>
</metadataProvider>
<language>en</language>
<abstract>
  <para>NBN Gateway Dataset GA001194</para>
</abstract>
  <distribution scope="document">
    <online>
      <url function="information">http://data.nbn.org.uk/datasetInfo/taxonDataset.jsp?dsKey=GA001194</url>
    </online>
  </distribution>

</dataset>

<additionalMetadata>
  <metadata>
    <gbif>
        <dateStamp>2013-04-01T11:02:45.000+02:00</dateStamp>
        <citation>UK National Biodiversity Network: National Trust for Scotland - NTS Properties Species Records 1800-2013</citation>
    </gbif>
  </metadata>
</additionalMetadata>

</eml:eml>
