<eml:eml xmlns:eml="eml://ecoinformatics.org/eml-2.1.1"
         xmlns:xsi="http://www.w3.org/2001/XMLSchema-instance"
         xsi:schemaLocation="eml://ecoinformatics.org/eml-2.1.1 http://rs.gbif.org/schema/eml-gbif-profile/1.0.2/eml.xsd"
         packageId="f4a77045-c273-46fb-8921-2ac2aa743eec" system="http://gbif.org" scope="system"
         xml:lang="en">

<dataset>
    <alternateIdentifier system="GBIF_PORTAL">12723</alternateIdentifier>
  <title>Yorkshire Wildlife Trust - Yorkshire Wildlife Trust - Non-sensitive records from all taxonomic groups</title>
<creator>
</creator>
<metadataProvider>
</metadataProvider>
<language>en</language>
<abstract>
  <para>NBN Gateway Dataset GA000837</para>
</abstract>
  <distribution scope="document">
    <online>
      <url function="information">http://data.nbn.org.uk/datasetInfo/taxonDataset.jsp?dsKey=GA000837</url>
    </online>
  </distribution>

</dataset>

<additionalMetadata>
  <metadata>
    <gbif>
        <dateStamp>2011-03-15T10:22:42.000+01:00</dateStamp>
        <citation>UK National Biodiversity Network: Yorkshire Wildlife Trust - Yorkshire Wildlife Trust - Non-sensitive records from all taxonomic groups</citation>
    </gbif>
  </metadata>
</additionalMetadata>

</eml:eml>
