<eml:eml xmlns:eml="eml://ecoinformatics.org/eml-2.1.1"
         xmlns:xsi="http://www.w3.org/2001/XMLSchema-instance"
         xsi:schemaLocation="eml://ecoinformatics.org/eml-2.1.1 http://rs.gbif.org/schema/eml-gbif-profile/1.0.2/eml.xsd"
         packageId="f7541fca-5767-4c6c-a317-7826c5bcb515" system="http://gbif.org" scope="system"
         xml:lang="en">

<dataset>
    <alternateIdentifier system="GBIF_PORTAL">14207</alternateIdentifier>
  <title>Greater Manchester Ecology Unit - Higher Plant Records From Greater Manchester</title>
<creator>
</creator>
<metadataProvider>
</metadataProvider>
<language>en</language>
<abstract>
  <para>NBN Gateway Dataset GA001024</para>
</abstract>
  <distribution scope="document">
    <online>
      <url function="information">http://data.nbn.org.uk/datasetInfo/taxonDataset.jsp?dsKey=GA001024</url>
    </online>
  </distribution>

</dataset>

<additionalMetadata>
  <metadata>
    <gbif>
        <dateStamp>2012-06-12T04:57:56.000+02:00</dateStamp>
        <citation>UK National Biodiversity Network: Greater Manchester Ecology Unit - Higher Plant Records From Greater Manchester</citation>
    </gbif>
  </metadata>
</additionalMetadata>

</eml:eml>
