<eml:eml xmlns:eml="eml://ecoinformatics.org/eml-2.1.1"
         xmlns:xsi="http://www.w3.org/2001/XMLSchema-instance"
         xsi:schemaLocation="eml://ecoinformatics.org/eml-2.1.1 http://rs.gbif.org/schema/eml-gbif-profile/1.0.2/eml.xsd"
         packageId="fc976aa9-e137-446a-bad6-0999331fcd58" system="http://gbif.org" scope="system"
         xml:lang="en">

<dataset>
    <alternateIdentifier system="GBIF_PORTAL">13669</alternateIdentifier>
  <title>Herbarium specimens data</title>
<creator>
</creator>
<metadataProvider>
</metadataProvider>
<language>en</language>
<abstract>
  <para></para>
</abstract>

</dataset>

<additionalMetadata>
  <metadata>
    <gbif>
        <dateStamp>2011-09-07T04:37:33.000+02:00</dateStamp>
        <citation>Herbier de l&apos;université de Limoges: Herbarium specimens data</citation>
    </gbif>
  </metadata>
</additionalMetadata>

</eml:eml>
