<eml:eml xmlns:eml="eml://ecoinformatics.org/eml-2.1.1"
         xmlns:xsi="http://www.w3.org/2001/XMLSchema-instance"
         xsi:schemaLocation="eml://ecoinformatics.org/eml-2.1.1 http://rs.gbif.org/schema/eml-gbif-profile/1.0.2/eml.xsd"
         packageId="0d9f8ae0-33cf-11de-afc5-b8a03c50a862" system="http://gbif.org" scope="system"
         xml:lang="en">

<dataset>
    <alternateIdentifier system="GBIF_PORTAL">8344</alternateIdentifier>
  <title>The atlas of butterflies in Kraków</title>
<creator>
</creator>
<metadataProvider>
</metadataProvider>
<language>en</language>
<abstract>
  <para>The database includes information concerning Lepidoptera diversity in Cracow City (south-east Poland). The data was gathered from 2005 to 2008 . The area of Kraków has been divided up, using grid of geographical coordinates, into 84 atlas blocks (each of about 4 square km) area where information about lepidofauna richness was collected.</para>
</abstract>
  <distribution scope="document">
    <online>
      <url function="information">http://tapir.gbif.pl/tapir/tapir.php/uj-inos-motyle</url>
    </online>
  </distribution>

</dataset>

<additionalMetadata>
  <metadata>
    <gbif>
        <dateStamp>2013-05-08T05:22:32.000+02:00</dateStamp>
        <citation>Jagiellonian University, Institute of Environmental Sciences: The atlas of butterflies in Kraków</citation>
    </gbif>
  </metadata>
</additionalMetadata>

</eml:eml>
