<eml:eml xmlns:eml="eml://ecoinformatics.org/eml-2.1.1"
         xmlns:xsi="http://www.w3.org/2001/XMLSchema-instance"
         xsi:schemaLocation="eml://ecoinformatics.org/eml-2.1.1 http://rs.gbif.org/schema/eml-gbif-profile/1.0.2/eml.xsd"
         packageId="1461b5ad-0fac-4ab7-a98d-044443bdb18d" system="http://gbif.org" scope="system"
         xml:lang="en">

<dataset>
    <alternateIdentifier system="GBIF_PORTAL">11887</alternateIdentifier>
  <title>Dr Francis Rose Field Notebook Project - Field Notebook Records of Dr Francis Rose 1950&apos;s to 1990&apos;s</title>
<creator>
</creator>
<metadataProvider>
</metadataProvider>
<language>en</language>
<abstract>
  <para>NBN Gateway Dataset GA000460</para>
</abstract>
  <distribution scope="document">
    <online>
      <url function="information">http://data.nbn.org.uk/datasetInfo/taxonDataset.jsp?dsKey=GA000460</url>
    </online>
  </distribution>

</dataset>

<additionalMetadata>
  <metadata>
    <gbif>
        <dateStamp>2014-02-12T11:24:07.283+01:00</dateStamp>
        <citation>UK National Biodiversity Network: Dr Francis Rose Field Notebook Project - Field Notebook Records of Dr Francis Rose 1950&apos;s to 1990&apos;s</citation>
    </gbif>
  </metadata>
</additionalMetadata>

</eml:eml>
