<eml:eml xmlns:eml="eml://ecoinformatics.org/eml-2.1.1"
         xmlns:xsi="http://www.w3.org/2001/XMLSchema-instance"
         xsi:schemaLocation="eml://ecoinformatics.org/eml-2.1.1 http://rs.gbif.org/schema/eml-gbif-profile/1.0.2/eml.xsd"
         packageId="2ccb717e-6150-11e2-897a-00145eb45e9a" system="http://gbif.org" scope="system"
         xml:lang="en">

<dataset>
    <alternateIdentifier system="GBIF_PORTAL">14439</alternateIdentifier>
  <title>SysTax - Zoological Collections</title>
<creator>
</creator>
<metadataProvider>
</metadataProvider>
<associatedParty>
    <address>
        <deliveryPoint>Institute of Systematic Botany and Ecology, University of Ulm, Albert-Einstein-Allee 11, 89081 Ulm, Germany</deliveryPoint>
    </address>
    <phone>+497315022703</phone>
    <electronicMailAddress>juergen.hoppe@uni-ulm.de</electronicMailAddress>
    <role>TECHNICAL_POINT_OF_CONTACT</role>
</associatedParty>
<language>en</language>
<abstract>
  <para>a Database System for Systematics and Taxonomy</para>
</abstract>
  <distribution scope="document">
    <online>
      <url function="information">http://www.biologie.uni-ulm.de/systax/</url>
    </online>
  </distribution>

</dataset>

<additionalMetadata>
  <metadata>
    <gbif>
        <dateStamp>2013-07-10T01:11:20.000+02:00</dateStamp>
        <citation>SysTax: SysTax - Zoological Collections</citation>
    </gbif>
  </metadata>
</additionalMetadata>

</eml:eml>
