<eml:eml xmlns:eml="eml://ecoinformatics.org/eml-2.1.1"
         xmlns:xsi="http://www.w3.org/2001/XMLSchema-instance"
         xsi:schemaLocation="eml://ecoinformatics.org/eml-2.1.1 http://rs.gbif.org/schema/eml-gbif-profile/1.0.2/eml.xsd"
         packageId="6ef3e630-925e-11da-8900-b8a03c50a862" system="http://gbif.org" scope="system"
         xml:lang="en">

<dataset>
    <alternateIdentifier system="GBIF_PORTAL">1455</alternateIdentifier>
  <title>The Distribution Atlas of Butterflies in Poland</title>
<creator>
</creator>
<metadataProvider>
</metadataProvider>
<language>en</language>
<abstract>
  <para>The Distribution Atlas of Butterflies in Poland - source records. The database is still under development.</para>
</abstract>
  <distribution scope="document">
    <online>
      <url function="information">http://tapir.gbif.pl/tapir/tapir.php/umk-atlas-motyli</url>
    </online>
  </distribution>

</dataset>

<additionalMetadata>
  <metadata>
    <gbif>
        <dateStamp>2013-05-08T04:40:46.000+02:00</dateStamp>
        <citation>Nicolaus Copernicus University of Toruń: The Distribution Atlas of Butterflies in Poland</citation>
    </gbif>
  </metadata>
</additionalMetadata>

</eml:eml>
