<eml:eml xmlns:eml="eml://ecoinformatics.org/eml-2.1.1"
         xmlns:xsi="http://www.w3.org/2001/XMLSchema-instance"
         xsi:schemaLocation="eml://ecoinformatics.org/eml-2.1.1 http://rs.gbif.org/schema/eml-gbif-profile/1.0.2/eml.xsd"
         packageId="816e9038-f762-11e1-a439-00145eb45e9a" system="http://gbif.org" scope="system"
         xml:lang="en">

<dataset>
    <alternateIdentifier system="GBIF_PORTAL">13777</alternateIdentifier>
  <title>Naturkundemuseum im Ottoneum Kassel, Entomological Collection</title>
<creator>
</creator>
<metadataProvider>
</metadataProvider>
<associatedParty>
    <address>
        <deliveryPoint>Steinweg 2, 34117 Kassel, Germany</deliveryPoint>
    </address>
    <electronicMailAddress>peter.mansfeld@kassel.de</electronicMailAddress>
    <role>ADMINISTRATIVE_POINT_OF_CONTACT</role>
</associatedParty>
<associatedParty>
    <address>
        <deliveryPoint>Steinweg 2, 34117 Kassel, Germany</deliveryPoint>
    </address>
    <electronicMailAddress>peter.mansfeld@kassel.de</electronicMailAddress>
    <role>TECHNICAL_POINT_OF_CONTACT</role>
</associatedParty>
<language>en</language>
<abstract>
  <para></para>
</abstract>
  <contact>
    <address>
        <deliveryPoint>Steinweg 2, 34117 Kassel, Germany</deliveryPoint>
    </address>
    <electronicMailAddress>peter.mansfeld@kassel.de</electronicMailAddress>
  </contact>

</dataset>

<additionalMetadata>
  <metadata>
    <gbif>
        <dateStamp>2014-01-13T11:32:08.923+01:00</dateStamp>
        <citation>Stadt Kassel, Naturkundemuseum (Ed.) (2011, continuously updated): Digitised specimen data at Naturkundemuseum im Ottoneum Kassel (NMOK).</citation>
        <resourceLogoUrl>http://www.naturkundemuseum-kassel.de/images/Logo-NMOK.jpg</resourceLogoUrl>
    </gbif>
  </metadata>
</additionalMetadata>

</eml:eml>
