<eml:eml xmlns:eml="eml://ecoinformatics.org/eml-2.1.1"
         xmlns:xsi="http://www.w3.org/2001/XMLSchema-instance"
         xsi:schemaLocation="eml://ecoinformatics.org/eml-2.1.1 http://rs.gbif.org/schema/eml-gbif-profile/1.0.2/eml.xsd"
         packageId="82ad4e4e-f762-11e1-a439-00145eb45e9a" system="http://gbif.org" scope="system"
         xml:lang="en">

<dataset>
    <alternateIdentifier system="GBIF_PORTAL">14168</alternateIdentifier>
  <title>Swiss National Butterflies Databank</title>
<creator>
</creator>
<metadataProvider>
</metadataProvider>
<associatedParty>
    <electronicMailAddress>yannick.chittaro@unine.ch</electronicMailAddress>
    <role>ADMINISTRATIVE_POINT_OF_CONTACT</role>
</associatedParty>
<associatedParty>
    <electronicMailAddress>fabien.fivaz@unine.ch</electronicMailAddress>
    <role>TECHNICAL_POINT_OF_CONTACT</role>
</associatedParty>
<language>en</language>
<abstract>
  <para>Database with records of various origins, assembling literature data, digitized collection data and recent observational records provided to the CSCF. Proportionally, this latter resource represents the most important one and is the result of the network activities of voluntary collaborators, internally operated projects (Biodiversity Monitoring Z3-Z4, Red List Project) and impact studies, but also includes data from PhD and master theses. The data cover a period from 1835 to our days. Records have been reviewed according to a standardized validation procedure (http://www.cscf.ch/page24164_en.html). Digitized collection data for specimens hosted in Swiss institutions have been excluded from this resource as already part of the corresponding institutional dataset. Nomenclature has been reviewed within the Swiss participation in the Pan-European Species Directory Infrastructure PESI (Fauna Europaea).</para>
</abstract>
  <intellectualRights>
    <para>The use of the data is allowed only for non-profit scientific use and for non-profit nature conservation purpose.</para>
  </intellectualRights>
  <distribution scope="document">
    <online>
      <url function="information">http://www.cscf.ch</url>
    </online>
  </distribution>
  <contact>
    <electronicMailAddress>yannick.chittaro@unine.ch</electronicMailAddress>
  </contact>

</dataset>

<additionalMetadata>
  <metadata>
    <gbif>
        <dateStamp>2014-01-13T11:32:16.626+01:00</dateStamp>
        <citation>Chittaro Y. Swiss National Butterflies Databank. Centre Suisse de Cartographie de la Faune</citation>
        <resourceLogoUrl>http://data.gbif.ch/InstitutionLogoWindow.action?institutionId=1</resourceLogoUrl>
    </gbif>
  </metadata>
</additionalMetadata>

</eml:eml>
