<eml:eml xmlns:eml="eml://ecoinformatics.org/eml-2.1.1"
         xmlns:xsi="http://www.w3.org/2001/XMLSchema-instance"
         xsi:schemaLocation="eml://ecoinformatics.org/eml-2.1.1 http://rs.gbif.org/schema/eml-gbif-profile/1.0.2/eml.xsd"
         packageId="82c0f524-1503-4168-9f02-2a06820e4b38" system="http://gbif.org" scope="system"
         xml:lang="en">

<dataset>
    <alternateIdentifier system="GBIF_PORTAL">13018</alternateIdentifier>
  <title>Cumbria Biodiversity Data Centre - Cumbria Biodiversity Data Centre. Lepidoptera Observation Records. Pre-2010 for Cumbria </title>
<creator>
</creator>
<metadataProvider>
</metadataProvider>
<language>en</language>
<abstract>
  <para>NBN Gateway Dataset GA000868</para>
</abstract>
  <distribution scope="document">
    <online>
      <url function="information">http://data.nbn.org.uk/datasetInfo/taxonDataset.jsp?dsKey=GA000868</url>
    </online>
  </distribution>

</dataset>

<additionalMetadata>
  <metadata>
    <gbif>
        <dateStamp>2011-05-12T01:11:20.000+02:00</dateStamp>
        <citation>UK National Biodiversity Network: Cumbria Biodiversity Data Centre - Cumbria Biodiversity Data Centre. Lepidoptera Observation Records. Pre-2010 for Cumbria </citation>
    </gbif>
  </metadata>
</additionalMetadata>

</eml:eml>
