<eml:eml xmlns:eml="eml://ecoinformatics.org/eml-2.1.1"
         xmlns:xsi="http://www.w3.org/2001/XMLSchema-instance"
         xsi:schemaLocation="eml://ecoinformatics.org/eml-2.1.1 http://rs.gbif.org/schema/eml-gbif-profile/1.0.2/eml.xsd"
         packageId="86ba1954-f762-11e1-a439-00145eb45e9a" system="http://gbif.org" scope="system"
         xml:lang="en">

<dataset>
    <alternateIdentifier system="GBIF_PORTAL">2012</alternateIdentifier>
  <title>Universidad Autónoma de Madrid, Madrid; Lepidópteros</title>
<creator>
</creator>
<metadataProvider>
</metadataProvider>
<associatedParty>
    <phone>34-91 497 82 81</phone>
    <electronicMailAddress>garcia.barros@uam.es</electronicMailAddress>
    <role>ADMINISTRATIVE_POINT_OF_CONTACT</role>
</associatedParty>
<language>en</language>
<abstract>
  <para>Universidad Autónoma de Madrid, Madrid; Lepidópteros</para>
</abstract>
  <contact>
    <phone>34-91 497 82 81</phone>
    <electronicMailAddress>garcia.barros@uam.es</electronicMailAddress>
  </contact>

</dataset>

<additionalMetadata>
  <metadata>
    <gbif>
        <dateStamp>2012-09-27T02:34:07.000+02:00</dateStamp>
        <citation>Dep. Biology, Univ. Autónoma de Madrid: Universidad Autónoma de Madrid, Madrid; Lepidópteros</citation>
    </gbif>
  </metadata>
</additionalMetadata>

</eml:eml>
