<eml:eml xmlns:eml="eml://ecoinformatics.org/eml-2.1.1"
         xmlns:xsi="http://www.w3.org/2001/XMLSchema-instance"
         xsi:schemaLocation="eml://ecoinformatics.org/eml-2.1.1 http://rs.gbif.org/schema/eml-gbif-profile/1.0.2/eml.xsd"
         packageId="95d672e8-f762-11e1-a439-00145eb45e9a" system="http://gbif.org" scope="system"
         xml:lang="en">

<dataset>
    <alternateIdentifier system="GBIF_PORTAL">7949</alternateIdentifier>
  <title>EDIT - ATBI in Mercantour/Alpi Marittime (France/Italy)</title>
<creator>
</creator>
<metadataProvider>
</metadataProvider>
<associatedParty>
    <address>
        <deliveryPoint>Museum fuer Naturkunde. Invalidenstr. 43. 10115 Berlin. Germany</deliveryPoint>
    </address>
    <phone>+ 49 30 2093 8479</phone>
    <electronicMailAddress>christoph.haeuser@mfn-berlin.de</electronicMailAddress>
    <role>ADMINISTRATIVE_POINT_OF_CONTACT</role>
</associatedParty>
<associatedParty>
    <address>
        <deliveryPoint>Museum fuer Naturkunde. Invalidenstr. 43. 10115 Berlin. Germany</deliveryPoint>
    </address>
    <phone>+ 49 30 2093 8950</phone>
    <electronicMailAddress>gbif@atbi.eu</electronicMailAddress>
    <role>TECHNICAL_POINT_OF_CONTACT</role>
</associatedParty>
<language>en</language>
<abstract>
  <para>The data provided have been collected under the scope of the European Distributed Institute of Taxonomy (EDIT), a network of more than 20 European, North American and Russian taxonomic institutions with support from the European Commission (Project no. 018340). As part of EDIT&apos;s activities to strengthen the input of taxonomy for biodiversity conservation, the Museum fuer Naturkunde Berlin (MfN) and the State Museum of Natural History Stuttgart (SMNS), Germany, coordinates and supports the participation of taxonomic experts in &quot;All Taxa and Biodiversity Inventory and Monitoring&quot; (ATBI+M) projects at designated areas of conservation value. ATBI+M efforts are large-scale, longer-term field surveys to record, identify, and document the entire biodiversity of specific (conservation) areas, which will form the basis for subsequent monitoring biodiversity changes over time. All data presented here originate either directly from field surveys undertaken by many individual EDIT researchers and participants at designated ATBI+M sites or from published literature and other records referring to the same areas.</para>
</abstract>
  <distribution scope="document">
    <online>
      <url function="information">http://www.atbi.eu/mercantour-marittime/</url>
    </online>
  </distribution>
  <contact>
    <address>
        <deliveryPoint>Museum fuer Naturkunde. Invalidenstr. 43. 10115 Berlin. Germany</deliveryPoint>
    </address>
    <phone>+ 49 30 2093 8479</phone>
    <electronicMailAddress>christoph.haeuser@mfn-berlin.de</electronicMailAddress>
  </contact>

</dataset>

<additionalMetadata>
  <metadata>
    <gbif>
        <dateStamp>2014-01-13T11:36:47.354+01:00</dateStamp>
        <citation>European Distributed Institute of Taxonomy (EDIT) 2007-2010 - All Taxa Biodiversity Inventory + Monitoring (ATBI+M) in &quot;Parc National du Mercantour&quot; (France) and &quot;Parco Naturale delle Alpi Marittime&quot; (Italy)</citation>
    </gbif>
  </metadata>
</additionalMetadata>

</eml:eml>
