<eml:eml xmlns:eml="eml://ecoinformatics.org/eml-2.1.1"
         xmlns:xsi="http://www.w3.org/2001/XMLSchema-instance"
         xsi:schemaLocation="eml://ecoinformatics.org/eml-2.1.1 http://rs.gbif.org/schema/eml-gbif-profile/1.0.2/eml.xsd"
         packageId="962f59bc-f762-11e1-a439-00145eb45e9a" system="http://gbif.org" scope="system"
         xml:lang="en">

<dataset>
    <alternateIdentifier system="GBIF_PORTAL">8107</alternateIdentifier>
  <title>Biological and palaeontological collection and observation data MNHNL</title>
<creator>
</creator>
<metadataProvider>
</metadataProvider>
<associatedParty>
    <address>
        <deliveryPoint>Musée national d&apos;histoire naturelle, 25 rue Munster L-2160 Luxembourg</deliveryPoint>
    </address>
    <phone>+ 352 46 22 40 263</phone>
    <electronicMailAddress>recorder2000@mnhn.lu</electronicMailAddress>
    <role>ADMINISTRATIVE_POINT_OF_CONTACT</role>
</associatedParty>
<associatedParty>
    <address>
        <deliveryPoint>Musée national d&apos;histoire naturelle, 25 rue Munster L-2160 Luxembourg</deliveryPoint>
    </address>
    <phone>+352 46 22 40 262</phone>
    <electronicMailAddress>recorder2000@mnhn.lu</electronicMailAddress>
    <role>TECHNICAL_POINT_OF_CONTACT</role>
</associatedParty>
<language>en</language>
<abstract>
  <para>Biological and palaeontological collection and observation data MNHNL</para>
</abstract>
  <intellectualRights>
    <para>The MNHNL makes the data available for private, educational and scientific use under certain conditions as described in the copyright URI.</para>
  </intellectualRights>
  <contact>
    <address>
        <deliveryPoint>Musée national d&apos;histoire naturelle, 25 rue Munster L-2160 Luxembourg</deliveryPoint>
    </address>
    <phone>+ 352 46 22 40 263</phone>
    <electronicMailAddress>recorder2000@mnhn.lu</electronicMailAddress>
  </contact>

</dataset>

<additionalMetadata>
  <metadata>
    <gbif>
        <dateStamp>2013-12-23T11:09:13.770+01:00</dateStamp>
        <citation>National Museum of Natural History Luxembourg Recorder database</citation>
    </gbif>
  </metadata>
</additionalMetadata>

</eml:eml>
