<eml:eml xmlns:eml="eml://ecoinformatics.org/eml-2.1.1"
         xmlns:xsi="http://www.w3.org/2001/XMLSchema-instance"
         xsi:schemaLocation="eml://ecoinformatics.org/eml-2.1.1 http://rs.gbif.org/schema/eml-gbif-profile/1.0.2/eml.xsd"
         packageId="ee3f45e0-a1cb-11dd-b38f-b8a03c50a862" system="http://gbif.org" scope="system"
         xml:lang="en">

<dataset>
  <title>Natural History Museum Rotterdam</title>
<creator>
</creator>
<metadataProvider>
</metadataProvider>
<language>en</language>
<abstract>
  <para>The Natural History Museum Rotterdam (NMR) houses a collection of about 250.000 - 300.000 specimens/samples. The collection is available for scientific research. Electronic registration started in 2004. Currently the collection database holds about 16.000 records and is available for online search.</para>
</abstract>
  <intellectualRights>
    <para>NLBIF, Natural History Museum Rotterdam
	Collection database of the Natural History Museum Rotterdam Please contact Mr Cees Moeliker before using data in electronic files or printed publications</para>
  </intellectualRights>
  <distribution scope="document">
    <online>
      <url function="information">http://132.229.167.140/tapirlink/tapir.php/nmr</url>
    </online>
  </distribution>

</dataset>

<additionalMetadata>
  <metadata>
    <gbif>
        <dateStamp>2013-09-05T04:16:21.000+02:00</dateStamp>
        <citation>Naturalis Biodiversity Center: Natural History Museum Rotterdam</citation>
    </gbif>
  </metadata>
</additionalMetadata>

</eml:eml>
