<eml:eml xmlns:eml="eml://ecoinformatics.org/eml-2.1.1"
         xmlns:xsi="http://www.w3.org/2001/XMLSchema-instance"
         xsi:schemaLocation="eml://ecoinformatics.org/eml-2.1.1 http://rs.gbif.org/schema/eml-gbif-profile/1.0.2/eml.xsd"
         packageId="38e8b720-9074-4471-a016-73cae18a6c1c" system="http://gbif.org" scope="system"
         xml:lang="en">

<dataset>
    <alternateIdentifier system="GBIF_PORTAL">13031</alternateIdentifier>
  <title>Plant Specimen Database of Tama Forest Science Garden, Forestry and Forest Products Research Institute, Japan</title>
<creator>
</creator>
<metadataProvider>
</metadataProvider>
<language>en</language>
<abstract>
  <para>Database of beetle specimens preserved in the National Institute for Agro-Environmental Sciences (NIAES)</para>
</abstract>
  <contact>
    <address>
        <deliveryPoint>JP</deliveryPoint>
    </address>
    <phone>+81-42-661-1121</phone>
    <electronicMailAddress>hiroki@affrc.go.jp</electronicMailAddress>
  </contact>

</dataset>

<additionalMetadata>
  <metadata>
    <gbif>
        <dateStamp>2013-04-11T03:07:15.000+02:00</dateStamp>
        <citation>National Institute of Genetics, ROIS: Plant Specimen Database of Tama Forest Science Garden, Forestry and Forest Products Research Institute, Japan</citation>
    </gbif>
  </metadata>
</additionalMetadata>

</eml:eml>
