<eml:eml xmlns:eml="eml://ecoinformatics.org/eml-2.1.1"
         xmlns:xsi="http://www.w3.org/2001/XMLSchema-instance"
         xsi:schemaLocation="eml://ecoinformatics.org/eml-2.1.1 http://rs.gbif.org/schema/eml-gbif-profile/1.0.2/eml.xsd"
         packageId="4fa894f4-b6c6-4ec0-b816-9bb03b3ca106" system="http://gbif.org" scope="system"
         xml:lang="en">

<dataset>
  <title>Consortium of California Herbaria</title>
<creator>
    <individualName>
        <givenName>Richard</givenName>
      <surName>Moe</surName>
    </individualName>
    <organizationName>The University and Jepson Herbaria</organizationName>
    <positionName>Emeritus Technical Editor</positionName>
    <address>
        <deliveryPoint>1001 Valley Life Sciences Building # 2465</deliveryPoint>
        <city>Berkeley</city>
        <administrativeArea>California</administrativeArea>
        <postalCode>94720-2465</postalCode>
        <country>UNITED_STATES</country>
    </address>
    <phone>(510) 642-2465</phone>
    <electronicMailAddress>rlmoe@berkeley.edu</electronicMailAddress>
</creator>
<metadataProvider>
    <individualName>
        <givenName>Joyce</givenName>
      <surName>Gross</surName>
    </individualName>
    <organizationName>Berkeley Natural History Museums</organizationName>
    <address>
        <deliveryPoint>1096 Valley Life Sciences Building</deliveryPoint>
        <city>Berkeley</city>
        <administrativeArea>CA</administrativeArea>
        <postalCode>94720</postalCode>
        <country>UNITED_STATES</country>
    </address>
    <electronicMailAddress>joyceg@berkeley.edu</electronicMailAddress>
</metadataProvider>
<associatedParty>
    <individualName>
        <givenName>Brent</givenName>
      <surName>Mishler</surName>
    </individualName>
    <organizationName>The University and Jepson Herbaria</organizationName>
    <positionName>Director</positionName>
    <address>
        <deliveryPoint>1001 Valley Life Sciences Building # 2465</deliveryPoint>
        <city>Berkeley</city>
        <administrativeArea>California</administrativeArea>
        <postalCode>94720-2465</postalCode>
        <country>UNITED_STATES</country>
    </address>
    <electronicMailAddress>bmishler@berkeley.edu</electronicMailAddress>
    <role>ADMINISTRATIVE_POINT_OF_CONTACT</role>
</associatedParty>
<associatedParty>
    <individualName>
        <givenName>Nancy</givenName>
      <surName>Morin</surName>
    </individualName>
    <organizationName>California Native Plant Society</organizationName>
    <positionName>Administrative Co-Chair</positionName>
    <address>
        <deliveryPoint>2707 K Street, Suit 1</deliveryPoint>
        <city>Sacramento</city>
        <administrativeArea>California</administrativeArea>
        <postalCode>95816-5113</postalCode>
        <country>UNITED_STATES</country>
    </address>
    <electronicMailAddress>nancy.morin@nau.edu</electronicMailAddress>
    <role>ADMINISTRATIVE_POINT_OF_CONTACT</role>
</associatedParty>
<associatedParty>
    <individualName>
        <givenName>Staci</givenName>
      <surName>Markos</surName>
    </individualName>
    <organizationName>The University and Jepson Herbaria</organizationName>
    <positionName>Administrative Co-Chair</positionName>
    <address>
        <deliveryPoint>1001 Valley Life Sciences Building # 2465</deliveryPoint>
        <city>Berkeley</city>
        <administrativeArea>California</administrativeArea>
        <postalCode>94720-2465</postalCode>
        <country>UNITED_STATES</country>
    </address>
    <phone>(510) 643-7008</phone>
    <electronicMailAddress>smarkos@berkeley.edu</electronicMailAddress>
    <role>ADMINISTRATIVE_POINT_OF_CONTACT</role>
</associatedParty>
<associatedParty>
    <individualName>
        <givenName>Richard</givenName>
      <surName>Moe</surName>
    </individualName>
    <organizationName>The University and Jepson Herbaria</organizationName>
    <positionName>Emeritus Technical Editor</positionName>
    <address>
        <deliveryPoint>1001 Valley Life Sciences Building # 2465</deliveryPoint>
        <city>Berkeley</city>
        <administrativeArea>California</administrativeArea>
        <postalCode>94720-2465</postalCode>
        <country>UNITED_STATES</country>
    </address>
    <phone>(510) 642-2465</phone>
    <electronicMailAddress>rlmoe@berkeley.edu</electronicMailAddress>
    <role>EDITOR</role>
</associatedParty>
<associatedParty>
    <individualName>
        <givenName>David</givenName>
      <surName>Baxter</surName>
    </individualName>
    <organizationName>The University and Jepson Herbaria</organizationName>
    <positionName>Technical Editor</positionName>
    <address>
        <deliveryPoint>1001 Valley Life Sciences Building # 2465</deliveryPoint>
        <city>Berkeley</city>
        <administrativeArea>California</administrativeArea>
        <postalCode>94720-2465</postalCode>
        <country>UNITED_STATES</country>
    </address>
    <phone>(510) 642-2465</phone>
    <electronicMailAddress>dbaxter@berkeley.edu</electronicMailAddress>
    <role>POINT_OF_CONTACT</role>
</associatedParty>
<pubDate>
        2014-01-10
</pubDate>
<language>ENGLISH</language>
<abstract>
  <para>Founded in 2003, the Consortium of California Herbaria was originally a project funded by the California Digital Library to digitize and publish State of California herbarium records from University of California campuses. Since then, it has grown to include 26 California herbaria as well as participants from outside the state providing California data (Extra-California institutions not included in this dataset).</para>
</abstract>
  <keywordSet>
      <keyword>California</keyword>
      <keyword>United States</keyword>
      <keyword>CCH</keyword>
      <keyword>Specimen</keyword>
      <keyword>Vascular Plants</keyword>
      <keyword>University of California</keyword>
      <keyword>Consortium</keyword>
      <keyword>Consortium of California Herbaria</keyword>
      <keywordThesaurus>GBIF Dataset Subtype Vocabulary: http://rs.gbif.org/vocabulary/gbif/dataset_subtype.xml</keywordThesaurus>
  </keywordSet>
  <keywordSet>
      <keyword>Occurrence</keyword>
      <keywordThesaurus>GBIF Dataset Type Vocabulary: http://rs.gbif.org/vocabulary/gbif/dataset_type.xml</keywordThesaurus>
  </keywordSet>
  <intellectualRights>
    <para>Refer to http://ucjeps.berkeley.edu/consortium/data_use_terms.html</para>
  </intellectualRights>
  <distribution scope="document">
    <online>
      <url function="information">http://ucjeps.berkeley.edu/consortium/</url>
    </online>
  </distribution>
  <coverage>
      <geographicCoverage>
          <geographicDescription>The CCH provides record data of herbarium specimens collected within the State of California, primarily from California herbaria. Although the geographic boundaries are based on the political boundary of the state, records are curated and displayed based on the bioregional divisions developed for The Jepson Manual: Vascular Plants of California (2012). The three bioregional provinces of California are the California Floristic Province (CA-FP), the Great Basin Province (GB) and the Desert Province (D). Of the georeferenced records in the CCH, approximately 81% are in CA-FP, 5% in GB, and 14% in D.</geographicDescription>
        <boundingCoordinates>
          <westBoundingCoordinate>-124.26</westBoundingCoordinate>
          <eastBoundingCoordinate>-114.28</eastBoundingCoordinate>
          <northBoundingCoordinate>42.21</northBoundingCoordinate>
          <southBoundingCoordinate>32.5</southBoundingCoordinate>
        </boundingCoordinates>
      </geographicCoverage>
      <temporalCoverage>
      </temporalCoverage>
        <taxonomicCoverage>
            <generalTaxonomicCoverage>Vascular plants occuring in the State of California</generalTaxonomicCoverage>
            <taxonomicClassification>
              <taxonRankValue>Spermatophyta</taxonRankValue>
            </taxonomicClassification>
            <taxonomicClassification>
              <taxonRankValue>Pteridophyta</taxonRankValue>
            </taxonomicClassification>
            <taxonomicClassification>
              <taxonRankValue>Lycopodiophyta</taxonRankValue>
            </taxonomicClassification>
        </taxonomicCoverage>
  </coverage>
  <contact>
    <individualName>
        <givenName>David Baxter</givenName>
      <surName>Baxter</surName>
    </individualName>
    <organizationName>The University and Jepson Herbaria</organizationName>
    <positionName>Technical Editor</positionName>
    <address>
        <deliveryPoint>1001 Valley Life Sciences Building # 2465, Berkeley, California US, 94720-2465</deliveryPoint>
        <city>Berkeley</city>
        <administrativeArea>California</administrativeArea>
        <postalCode>94720-2465</postalCode>
        <country>UNITED_STATES</country>
    </address>
    <phone>(510) 642-2465</phone>
    <electronicMailAddress>dbaxter@berkeley.edu</electronicMailAddress>
  </contact>
  <methods>
      <methodStep>
        <description>
          <para>Updated datasets are periodically received from participants, and reloaded into the CCH.</para>
        </description>
      </methodStep>
      <sampling>
        <studyExtent>
          <description>
            <para>Publication of specimen records of vascular plants collected in the State of California. All included specimens are held in actively curated institutions.</para>
          </description>
        </studyExtent>
        <samplingDescription>
          <para>Specimen records are sent from participating herbaria to a central technical editor, who oversees the publication of records.</para>
        </samplingDescription>
      </sampling>
      <qualityControl>
        <description>
          <para>Prior to publication, all record sets are run through individually programmed &quot;loaders&quot; to put them into a common format and address possible errors and inconsistencies. This could result in record data being altered (e.g. correcting a misspelled county name), omitted (e.g. hiding a collection date recorded as year 1099), or the omission of an entire record (e.g. the taxon name is unrecognizable). All of these changes and editions are reported to the original contributing institution.</para>
        </description>
      </qualityControl>
  </methods>

</dataset>

<additionalMetadata>
  <metadata>
    <gbif>
        <dateStamp>2014-01-10T09:29:12.479+01:00</dateStamp>
        <citation>Data provided by the participants of the Consortium of California Herbaria (ucjeps.berkeley.edu/consortium/)</citation>
        <resourceLogoUrl>http://ucjeps.berkeley.edu/consortium/images/CCH_logo_02_80.png</resourceLogoUrl>
        <collection>
          <parentCollectionIdentifier>CCH</parentCollectionIdentifier>
          <collectionIdentifier>CCH</collectionIdentifier>
          <collectionName>Consortium of California Herbaria</collectionName>
        </collection>
        <specimenPreservationMethod>MOUNTED</specimenPreservationMethod>
        <livingTimePeriod>early 1800-present</livingTimePeriod>
    </gbif>
  </metadata>
</additionalMetadata>

</eml:eml>
