<eml:eml xmlns:eml="eml://ecoinformatics.org/eml-2.1.1"
         xmlns:xsi="http://www.w3.org/2001/XMLSchema-instance"
         xsi:schemaLocation="eml://ecoinformatics.org/eml-2.1.1 http://rs.gbif.org/schema/eml-gbif-profile/1.0.2/eml.xsd"
         packageId="7a2660bc-f762-11e1-a439-00145eb45e9a" system="http://gbif.org" scope="system"
         xml:lang="en">

<dataset>
    <alternateIdentifier system="GBIF_PORTAL">10968</alternateIdentifier>
  <title>The Fungal Collection at the Senckenberg Museum für Naturkunde Görlitz</title>
<creator>
</creator>
<metadataProvider>
</metadataProvider>
<language>en</language>
<abstract>
  <para>http://www.gbif-mycology.de/DatabaseClients/GLMcoll/About.cfm</para>
</abstract>
  <intellectualRights>
    <para>© Senckenberg Museum für Naturkunde Görlitz</para>
  </intellectualRights>
  <distribution scope="document">
    <online>
      <url function="information">http://www.gbif-mycology.de/DatabaseClients/GLMcoll/index.html</url>
    </online>
  </distribution>
  <contact>
    <electronicMailAddress>Herbert.Boyle@senckenberg.de</electronicMailAddress>
  </contact>

</dataset>

<additionalMetadata>
  <metadata>
    <gbif>
        <dateStamp>2013-06-17T08:34:51.000+02:00</dateStamp>
        <citation>Senckenberg Museum für Naturkunde Görlitz, The Fungal Collection at the Senckenberg Museum für Naturkunde Görlitz</citation>
        <resourceLogoUrl>http://www.gbif-mycology.de/Pictures/Goerl_Logo.gif</resourceLogoUrl>
    </gbif>
  </metadata>
</additionalMetadata>

</eml:eml>
