<eml:eml xmlns:eml="eml://ecoinformatics.org/eml-2.1.1"
         xmlns:xsi="http://www.w3.org/2001/XMLSchema-instance"
         xsi:schemaLocation="eml://ecoinformatics.org/eml-2.1.1 http://rs.gbif.org/schema/eml-gbif-profile/1.0.2/eml.xsd"
         packageId="7adffacc-f762-11e1-a439-00145eb45e9a" system="http://gbif.org" scope="system"
         xml:lang="en">

<dataset>
    <alternateIdentifier system="GBIF_PORTAL">11423</alternateIdentifier>
  <title>Angiospermatatophytina Collection of Saitama Museum of Natural History</title>
<creator>
</creator>
<metadataProvider>
</metadataProvider>
<associatedParty>
    <positionName>Chief of Curatorial Section</positionName>
    <phone>+81-494-66-0407</phone>
    <electronicMailAddress>nakamura.osami@pref.saitama.lg.jp</electronicMailAddress>
</associatedParty>
<language>en</language>
<abstract>
  <para>Herbarium specimens of Angiospermatatophytina depostied in the Saitama Museum of Natural History (SMNH)</para>
</abstract>
  <distribution scope="document">
    <online>
      <url function="information">http://www.shizen.spec.ed.jp</url>
    </online>
  </distribution>

</dataset>

<additionalMetadata>
  <metadata>
    <gbif>
        <dateStamp>2014-03-04T11:57:57.267+01:00</dateStamp>
        <citation>National Museum of Nature and Science, Japan: Angiospermatatophytina Collection of Saitama Museum of Natural History</citation>
    </gbif>
  </metadata>
</additionalMetadata>

</eml:eml>
