<eml:eml xmlns:eml="eml://ecoinformatics.org/eml-2.1.1"
         xmlns:xsi="http://www.w3.org/2001/XMLSchema-instance"
         xsi:schemaLocation="eml://ecoinformatics.org/eml-2.1.1 http://rs.gbif.org/schema/eml-gbif-profile/1.0.2/eml.xsd"
         packageId="7b33b040-f762-11e1-a439-00145eb45e9a" system="http://gbif.org" scope="system"
         xml:lang="en">

<dataset>
    <alternateIdentifier system="GBIF_PORTAL">11520</alternateIdentifier>
  <title>Nationaal Herbarium Nederland</title>
<creator>
</creator>
<metadataProvider>
</metadataProvider>
<associatedParty>
    <phone>willemse@nhn.leidenuniv.nl</phone>
    <electronicMailAddress>+31(0)715273548</electronicMailAddress>
    <role>ADMINISTRATIVE_POINT_OF_CONTACT</role>
</associatedParty>
<associatedParty>
    <address>
        <deliveryPoint>P.O.Box 9514  2300 RA Leiden  Netherlands</deliveryPoint>
    </address>
    <phone>+31715273548</phone>
    <electronicMailAddress>willemse@nhn.leidenuniv.nl</electronicMailAddress>
    <role>TECHNICAL_POINT_OF_CONTACT</role>
</associatedParty>
<language>en</language>
<abstract>
  <para>Label data of collections held at the(former) three branches of the Nationaal Herbarium Nederland: Leiden (L), Utrecht (U) and Wageningen (WAG).</para>
</abstract>
  <distribution scope="document">
    <online>
      <url function="information">http://www.nationaalherbarium.nl/default.htm</url>
    </online>
  </distribution>
  <contact>
    <phone>willemse@nhn.leidenuniv.nl</phone>
    <electronicMailAddress>+31(0)715273548</electronicMailAddress>
  </contact>

</dataset>

<additionalMetadata>
  <metadata>
    <gbif>
        <dateStamp>2014-01-13T11:32:34.024+01:00</dateStamp>
        <citation>Naturalis Biodiversity Center: Nationaal Herbarium Nederland</citation>
    </gbif>
  </metadata>
</additionalMetadata>

</eml:eml>
