<eml:eml xmlns:eml="eml://ecoinformatics.org/eml-2.1.1"
         xmlns:xsi="http://www.w3.org/2001/XMLSchema-instance"
         xsi:schemaLocation="eml://ecoinformatics.org/eml-2.1.1 http://rs.gbif.org/schema/eml-gbif-profile/1.0.2/eml.xsd"
         packageId="80fc4302-f762-11e1-a439-00145eb45e9a" system="http://gbif.org" scope="system"
         xml:lang="en">

<dataset>
    <alternateIdentifier system="GBIF_PORTAL">13442</alternateIdentifier>
  <title>Vascular Plant Collection of Natural History Museum and Institute, Chiba</title>
<creator>
</creator>
<metadataProvider>
</metadataProvider>
<associatedParty>
    <positionName>Curator</positionName>
    <phone>+81-43-265-3111</phone>
    <electronicMailAddress>mikanagi@chiba-muse.or.jp</electronicMailAddress>
</associatedParty>
<language>en</language>
<abstract>
  <para>Vascular Plant Collection of Natural History Museum and Institute, Chiba</para>
</abstract>
  <distribution scope="document">
    <online>
      <url function="information">http://www.chiba-muse.or.jp/NATURAL/</url>
    </online>
  </distribution>

</dataset>

<additionalMetadata>
  <metadata>
    <gbif>
        <dateStamp>2014-03-04T11:57:14.369+01:00</dateStamp>
        <citation>National Museum of Nature and Science, Japan: Vascular Plant Collection of Natural History Museum and Institute, Chiba</citation>
    </gbif>
  </metadata>
</additionalMetadata>

</eml:eml>
