<eml:eml xmlns:eml="eml://ecoinformatics.org/eml-2.1.1"
         xmlns:xsi="http://www.w3.org/2001/XMLSchema-instance"
         xsi:schemaLocation="eml://ecoinformatics.org/eml-2.1.1 http://rs.gbif.org/schema/eml-gbif-profile/1.0.2/eml.xsd"
         packageId="834c9918-f762-11e1-a439-00145eb45e9a" system="http://gbif.org" scope="system"
         xml:lang="en">

<dataset>
    <alternateIdentifier system="GBIF_PORTAL">240</alternateIdentifier>
  <title>Real Jardin Botanico (Madrid), Vascular Plant Herbarium (MA)</title>
<creator>
</creator>
<metadataProvider>
</metadataProvider>
<associatedParty>
    <phone>+34 91 4203017</phone>
    <electronicMailAddress>velayos@ma-rjb.csic.es</electronicMailAddress>
    <role>ADMINISTRATIVE_POINT_OF_CONTACT</role>
</associatedParty>
<language>en</language>
<abstract>
  <para></para>
</abstract>
  <intellectualRights>
    <para>http://www.rjb.csic.es/herbario/crypto/crypcond.htm</para>
  </intellectualRights>
  <distribution scope="document">
    <online>
      <url function="information">http://www.rjb.csic.es/colecciones_herbarios.php</url>
    </online>
  </distribution>
  <contact>
    <phone>+34 91 4203017</phone>
    <electronicMailAddress>velayos@ma-rjb.csic.es</electronicMailAddress>
  </contact>

</dataset>

<additionalMetadata>
  <metadata>
    <gbif>
        <dateStamp>2012-09-27T02:34:07.000+02:00</dateStamp>
        <citation>Real Jardín Botánico (CSIC): Real Jardin Botanico (Madrid), Vascular Plant Herbarium (MA)</citation>
    </gbif>
  </metadata>
</additionalMetadata>

</eml:eml>
