<eml:eml xmlns:eml="eml://ecoinformatics.org/eml-2.1.1"
         xmlns:xsi="http://www.w3.org/2001/XMLSchema-instance"
         xsi:schemaLocation="eml://ecoinformatics.org/eml-2.1.1 http://rs.gbif.org/schema/eml-gbif-profile/1.0.2/eml.xsd"
         packageId="835d30de-f762-11e1-a439-00145eb45e9a" system="http://gbif.org" scope="system"
         xml:lang="en">

<dataset>
    <alternateIdentifier system="GBIF_PORTAL">255</alternateIdentifier>
  <title>Herbarium of Vascular Plants Collection of the University of Extremadura (Spain)</title>
<creator>
</creator>
<metadataProvider>
</metadataProvider>
<associatedParty>
    <phone>34-924289300 ext 9053</phone>
    <electronicMailAddress>ratormo@unex.es</electronicMailAddress>
    <role>ADMINISTRATIVE_POINT_OF_CONTACT</role>
</associatedParty>
<language>en</language>
<abstract>
  <para>The herbarium of University of Extremadura (UNEX Herbarium) is formed by 36451 specimens of vascular plants whose main origin is the autonomous region of Extremadura (Spain) and Portugal, although it also contains a smaller number of specimens from different places, including the rest of peninsular Spain, the Baleares Islands, the Macaronesian region (Canary Islands, Madeira and Azores), northwest of Africa (Morocco) and Brazil. 98% of the total records are georeferenced. 
It is an active collection in continuous growth. Its data can be accessed through the GBIF data portal at http://data.gbif.org/datasets/resource/255 and http://www.eweb.unex.es/eweb/botanica/herbario/. This paper describes the specimen associated data set of the UNEX Herbarium, with an objective to disseminate the data contained in a data set with potential users, and promote the multiple uses of the data.
Established in 1986, the specimens that the herbarium of vascular plants collection of University of Extremadura (UNEX Herbarium) incorporates is the result of the work of collections and identifications by different researchers, associated with the Botany Area (Department of Plant Biology, Ecology and Earth Sciences) of the University of Extremadura. Chief amongst these individuals include; Professor Juan Antonio Devesa, founder and director of the herbarium until 2004, and Dr. Trinidad Ruiz, curator and current director of the UNEX Herbarium. Significant contributions have also been made by Professor Ana Ortega, Dr. Rafael Tormo,                                                                                                      Dr. Josefa López, and Dr. Tomás Rodríguez. Other researchers who contributed to the growth of the UNEX Herbarium includes, Mª Carmen Viera, Jacinto Pedro Carrasco, Adolfo Muñoz, Inmaculada Montero, and Francisco Mª Vázquez. In addition, the disinterested work developed throughout time by a lot of students of the University of Extremadura, especially, Mª Luisa Navarro Pérez and Dr. Francisco Javier Valtueña.
The development of different research projects has made it possible to improve the quality of the herbarium. Among them, the numerous compilations carried out by differents members of the Botany Area in order to elaborate the first flora of the Extremadura region (Devesa 1995) or the synthesis of different taxonomic families or genera for Flora Ibérica (http://www.floraiberica.org/). Additionally, 4.5% of the material comes from the purchase of part of the herbarium of Dr. J.V.C. Malato-Beliz.
Limited and unpredictable funding has always pose challenge for ensuring sustained growth of the collection facility since its establishment.</para>
</abstract>
  <distribution scope="document">
    <online>
      <url function="information">http://data.gbif.org/datasets/resource/255</url>
    </online>
  </distribution>
  <contact>
    <address>
        <deliveryPoint>Avda. de Elvas s/n, Badajoz, Badajoz ES, 06006</deliveryPoint>
    </address>
    <phone>+34924289300 ext. 6869</phone>
    <electronicMailAddress>josefalopez@unex.es</electronicMailAddress>
  </contact>

</dataset>

<additionalMetadata>
  <metadata>
    <gbif>
        <dateStamp>2013-12-03T10:37:51.098+01:00</dateStamp>
        <citation>Ruiz, T. (2005) Vascular collection herbarium online database in Extremadura</citation>
        <resourceLogoUrl>http://www.gbif.es:8080/ipt/logo.do?r=collectionherbariumextremadura</resourceLogoUrl>
    </gbif>
  </metadata>
</additionalMetadata>

</eml:eml>
