<eml:eml xmlns:eml="eml://ecoinformatics.org/eml-2.1.1"
         xmlns:xsi="http://www.w3.org/2001/XMLSchema-instance"
         xsi:schemaLocation="eml://ecoinformatics.org/eml-2.1.1 http://rs.gbif.org/schema/eml-gbif-profile/1.0.2/eml.xsd"
         packageId="858e7462-f762-11e1-a439-00145eb45e9a" system="http://gbif.org" scope="system"
         xml:lang="en">

<dataset>
    <alternateIdentifier system="GBIF_PORTAL">1441</alternateIdentifier>
  <title>The Erysiphales Collection at the University Halle-Wittenberg</title>
<creator>
</creator>
<metadataProvider>
</metadataProvider>
<language>en</language>
<abstract>
  <para>http://www.gbif-mycology.de/DatabaseClients/HALcoll/About.cfm</para>
</abstract>
  <intellectualRights>
    <para>© Martin-Luther-University Halle-Wittenberg, Institute of Geobotany, Herbarium</para>
  </intellectualRights>
  <distribution scope="document">
    <online>
      <url function="information">http://www.gbif-mycology.de/DatabaseClients/HALcoll/index.html</url>
    </online>
  </distribution>
  <contact>
    <electronicMailAddress>braun@botanik.uni-halle.de</electronicMailAddress>
  </contact>

</dataset>

<additionalMetadata>
  <metadata>
    <gbif>
        <dateStamp>2013-02-28T12:30:48.000+01:00</dateStamp>
        <citation>Martin-Luther-University Halle-Wittenberg, The Erysiphales Collection at the University Halle-Wittenberg</citation>
        <resourceLogoUrl>http://www.gbif-mycology.de/Pictures/Halle_Logo.gif</resourceLogoUrl>
    </gbif>
  </metadata>
</additionalMetadata>

</eml:eml>
