<eml:eml xmlns:eml="eml://ecoinformatics.org/eml-2.1.1"
         xmlns:xsi="http://www.w3.org/2001/XMLSchema-instance"
         xsi:schemaLocation="eml://ecoinformatics.org/eml-2.1.1 http://rs.gbif.org/schema/eml-gbif-profile/1.0.2/eml.xsd"
         packageId="86185376-f762-11e1-a439-00145eb45e9a" system="http://gbif.org" scope="system"
         xml:lang="en">

<dataset>
    <alternateIdentifier system="GBIF_PORTAL">1809</alternateIdentifier>
  <title>Vascular Plants Collection of Sagamihara City Museum</title>
<creator>
</creator>
<metadataProvider>
</metadataProvider>
<associatedParty>
    <positionName>Curator</positionName>
    <phone>+81-42-750-8030</phone>
    <electronicMailAddress>hakubutsukan-2@city.sagamihara.kanagawa.jp</electronicMailAddress>
</associatedParty>
<associatedParty>
    <positionName>Curator</positionName>
    <phone>+81-42-750-8030</phone>
    <electronicMailAddress>hakubutsukan-2@city.sagamihara.kanagawa.jp</electronicMailAddress>
</associatedParty>
<language>en</language>
<abstract>
  <para>Herbarium Specimens of Vascular Plant in Sagamihara city museum</para>
</abstract>
  <distribution scope="document">
    <online>
      <url function="information">http://www.remus.dti.ne.jp/~sagami/index.htm</url>
    </online>
  </distribution>

</dataset>

<additionalMetadata>
  <metadata>
    <gbif>
        <dateStamp>2014-03-04T11:58:59.278+01:00</dateStamp>
        <citation>National Museum of Nature and Science, Japan: Vascular Plants Collection of Sagamihara City Museum</citation>
    </gbif>
  </metadata>
</additionalMetadata>

</eml:eml>
