<eml:eml xmlns:eml="eml://ecoinformatics.org/eml-2.1.1"
         xmlns:xsi="http://www.w3.org/2001/XMLSchema-instance"
         xsi:schemaLocation="eml://ecoinformatics.org/eml-2.1.1 http://rs.gbif.org/schema/eml-gbif-profile/1.0.2/eml.xsd"
         packageId="95eebc5e-f762-11e1-a439-00145eb45e9a" system="http://gbif.org" scope="system"
         xml:lang="en">

<dataset>
    <alternateIdentifier system="GBIF_PORTAL">8011</alternateIdentifier>
  <title>Vascular Plant Specimen Database of Kanagawa Prefectural Museum of Natural History</title>
<creator>
</creator>
<metadataProvider>
</metadataProvider>
<associatedParty>
    <positionName>Curator</positionName>
    <phone>+81-465-21-1515</phone>
    <electronicMailAddress>tanaka@nh.kanagawa-museum.jp</electronicMailAddress>
</associatedParty>
<associatedParty>
    <positionName>Curator</positionName>
    <phone>+81-465-21-1515</phone>
    <electronicMailAddress>tanaka@nh.kanagawa-museum.jp</electronicMailAddress>
</associatedParty>
<language>en</language>
<abstract>
  <para>Vascular plant specimens deposited at the Kanagawa Prefectural Museum of Natural History</para>
</abstract>
  <distribution scope="document">
    <online>
      <url function="information">http://nh.kanagawa-museum.jp/</url>
    </online>
  </distribution>

</dataset>

<additionalMetadata>
  <metadata>
    <gbif>
        <dateStamp>2014-03-04T11:59:37.182+01:00</dateStamp>
        <citation>National Museum of Nature and Science, Japan: Vascular Plant Specimen Database of Kanagawa Prefectural Museum of Natural History</citation>
    </gbif>
  </metadata>
</additionalMetadata>

</eml:eml>
