<eml:eml xmlns:eml="eml://ecoinformatics.org/eml-2.1.1"
         xmlns:xsi="http://www.w3.org/2001/XMLSchema-instance"
         xsi:schemaLocation="eml://ecoinformatics.org/eml-2.1.1 http://rs.gbif.org/schema/eml-gbif-profile/1.0.2/eml.xsd"
         packageId="96b7961a-f762-11e1-a439-00145eb45e9a" system="http://gbif.org" scope="system"
         xml:lang="en">

<dataset>
    <alternateIdentifier system="GBIF_PORTAL">8404</alternateIdentifier>
  <title>Universidad de Oviedo. Departamento de Biología de Organismos y Sistemas: FCO-Briof</title>
<creator>
</creator>
<metadataProvider>
</metadataProvider>
<associatedParty>
    <phone>+34 985 10 47 80</phone>
    <electronicMailAddress>cfcarvaj@uniovi.es</electronicMailAddress>
    <role>ADMINISTRATIVE_POINT_OF_CONTACT</role>
</associatedParty>
<associatedParty>
    <phone>+34 985 10 48 25</phone>
    <electronicMailAddress>fmarquez@uniovi.es</electronicMailAddress>
    <role>TECHNICAL_POINT_OF_CONTACT</role>
</associatedParty>
<language>en</language>
<abstract>
  <para>Colección de briófitos con más de 10000 registros (1126 especies ) y con especial representación de la Reserva Natural Integral de Muniellos (Asturias). Toda la colección se pone en red.</para>
</abstract>
  <intellectualRights>
    <para>http://www.uniovi.es/BOS/Herbario/FCO.htm</para>
  </intellectualRights>
  <distribution scope="document">
    <online>
      <url function="information">http://www.uniovi.es/BOS/Herbario/index.html</url>
    </online>
  </distribution>
  <contact>
    <phone>+34 985 10 47 80</phone>
    <electronicMailAddress>cfcarvaj@uniovi.es</electronicMailAddress>
  </contact>

</dataset>

<additionalMetadata>
  <metadata>
    <gbif>
        <dateStamp>2012-09-27T02:34:07.000+02:00</dateStamp>
        <citation>Department of Organisms and Systems Biology. University of Oviedo: Universidad de Oviedo. Departamento de Biología de Organismos y Sistemas: FCO-Briof</citation>
    </gbif>
  </metadata>
</additionalMetadata>

</eml:eml>
