<eml:eml xmlns:eml="eml://ecoinformatics.org/eml-2.1.1"
         xmlns:xsi="http://www.w3.org/2001/XMLSchema-instance"
         xsi:schemaLocation="eml://ecoinformatics.org/eml-2.1.1 http://rs.gbif.org/schema/eml-gbif-profile/1.0.2/eml.xsd"
         packageId="cb3453dc-4f30-4d8a-a691-0c8f0d6bb215" system="http://gbif.org" scope="system"
         xml:lang="en">

<dataset>
    <alternateIdentifier system="GBIF_PORTAL">14243</alternateIdentifier>
  <title>Wiltshire and Swindon Biological Records Centre - Wiltshire &amp; Swindon Site-based Survey Records</title>
<creator>
</creator>
<metadataProvider>
</metadataProvider>
<language>en</language>
<abstract>
  <para>NBN Gateway Dataset GA000584</para>
</abstract>
  <distribution scope="document">
    <online>
      <url function="information">http://data.nbn.org.uk/datasetInfo/taxonDataset.jsp?dsKey=GA000584</url>
    </online>
  </distribution>

</dataset>

<additionalMetadata>
  <metadata>
    <gbif>
        <dateStamp>2012-06-12T05:08:20.000+02:00</dateStamp>
        <citation>UK National Biodiversity Network: Wiltshire and Swindon Biological Records Centre - Wiltshire &amp; Swindon Site-based Survey Records</citation>
    </gbif>
  </metadata>
</additionalMetadata>

</eml:eml>
