<eml:eml xmlns:eml="eml://ecoinformatics.org/eml-2.1.1"
         xmlns:xsi="http://www.w3.org/2001/XMLSchema-instance"
         xsi:schemaLocation="eml://ecoinformatics.org/eml-2.1.1 http://rs.gbif.org/schema/eml-gbif-profile/1.0.2/eml.xsd"
         packageId="f6f9b5c9-f06c-4e45-8577-7b749b98a37a" system="http://gbif.org" scope="system"
         xml:lang="en">

<dataset>
    <alternateIdentifier system="GBIF_PORTAL">940</alternateIdentifier>
  <title>Northern Ireland Environment Agency - EHS Species Datasets</title>
<creator>
</creator>
<metadataProvider>
</metadataProvider>
<language>en</language>
<abstract>
  <para>NBN Gateway Dataset GA000079</para>
</abstract>
  <distribution scope="document">
    <online>
      <url function="information">http://data.nbn.org.uk/datasetInfo/taxonDataset.jsp?dsKey=GA000079</url>
    </online>
  </distribution>

</dataset>

<additionalMetadata>
  <metadata>
    <gbif>
        <dateStamp>2010-09-15T11:50:53.000+02:00</dateStamp>
        <citation>UK National Biodiversity Network: Northern Ireland Environment Agency - EHS Species Datasets</citation>
    </gbif>
  </metadata>
</additionalMetadata>

</eml:eml>
