<eml:eml xmlns:eml="eml://ecoinformatics.org/eml-2.1.1"
         xmlns:xsi="http://www.w3.org/2001/XMLSchema-instance"
         xsi:schemaLocation="eml://ecoinformatics.org/eml-2.1.1 http://rs.gbif.org/schema/eml-gbif-profile/1.0.2/eml.xsd"
         packageId="0d9c005e-29b8-45f3-a80b-be680edd5897" system="http://gbif.org" scope="system"
         xml:lang="en">

<dataset>
  <title>GBIF Occurrence Download 0000962-140414153444004</title>
<creator>
    <individualName>
      <surName>GBIF Download Service</surName>
    </individualName>
</creator>
<metadataProvider>
    <individualName>
      <surName>GBIF Download Service</surName>
    </individualName>
</metadataProvider>
<associatedParty>
    <individualName>
      <surName>Angus Tyner</surName>
    </individualName>
    <organizationName>MothsIreland</organizationName>
    <electronicMailAddress>angus@mothsireland.com</electronicMailAddress>
    <role>CONTENT_PROVIDER</role>
</associatedParty>
<associatedParty>
    <individualName>
        <givenName>Norman</givenName>
      <surName>Johnson</surName>
    </individualName>
    <organizationName>Ohio State University</organizationName>
    <positionName>Director, Professor</positionName>
    <electronicMailAddress>johnson.2@osu.edu</electronicMailAddress>
    <role>CONTENT_PROVIDER</role>
</associatedParty>
<associatedParty>
    <individualName>
        <givenName>Derek</givenName>
      <surName>Sikes</surName>
    </individualName>
    <organizationName>University of Alaska Museum</organizationName>
    <positionName>Curator of Insects</positionName>
    <address>
        <deliveryPoint>907 Yukon Drive</deliveryPoint>
        <city>Fairbanks</city>
        <administrativeArea>AK</administrativeArea>
        <postalCode>99775-6960</postalCode>
        <country>UNITED_STATES</country>
    </address>
    <electronicMailAddress>dssikes@alaska.edu</electronicMailAddress>
    <role>CONTENT_PROVIDER</role>
</associatedParty>
<associatedParty>
    <individualName>
        <givenName>Henry</givenName>
      <surName>van der Es</surName>
    </individualName>
    <organizationName>Natural History Museum Rotterdam</organizationName>
    <positionName>Collection manager</positionName>
    <address>
        <deliveryPoint>Westzeedijk 345</deliveryPoint>
        <city>Rotterdam</city>
        <postalCode>NL-3015 AA</postalCode>
        <country>NETHERLANDS</country>
    </address>
    <phone>+31-(0)10-4364222</phone>
    <electronicMailAddress>vanderes@hetnatuurhistorisch.nl</electronicMailAddress>
    <role>CONTENT_PROVIDER</role>
</associatedParty>
<associatedParty>
    <individualName>
        <givenName>Frans</givenName>
      <surName>Slieker</surName>
    </individualName>
    <organizationName>Natural History Museum Rotterdam</organizationName>
    <positionName>Honorary Curator</positionName>
    <address>
        <deliveryPoint>Westzeedijk 345</deliveryPoint>
        <city>Rotterdam</city>
        <administrativeArea>Zuid-Holland</administrativeArea>
        <postalCode>NL-3015 AA</postalCode>
        <country>NETHERLANDS</country>
    </address>
    <phone>+31-(0)10-4364222</phone>
    <electronicMailAddress>fjas@caiway.net</electronicMailAddress>
    <role>CONTENT_PROVIDER</role>
</associatedParty>
<associatedParty>
    <individualName>
        <givenName>Marta</givenName>
      <surName>Domènech</surName>
    </individualName>
    <organizationName>Centre d&apos;estudis de la neu i de la muntanya d&apos;Andorra (CENMA), Institut d&apos;Estudis Andorrans</organizationName>
    <address>
        <deliveryPoint>Avda. Rocafort 21-23, Edifici el Molí 3er pis AD600 Sant Julià de Lòria, PRINCIPAT D&apos;ANDORRA</deliveryPoint>
        <city>Sant Julià de Lòria</city>
        <postalCode>AD600</postalCode>
        <country>ANDORRA</country>
    </address>
    <phone>(+376)742630</phone>
    <electronicMailAddress>cenma@iea.ad</electronicMailAddress>
    <role>CONTENT_PROVIDER</role>
</associatedParty>
<associatedParty>
    <individualName>
        <givenName>Per</givenName>
      <surName>Stadel Nielsen</surName>
    </individualName>
    <organizationName>Lepidopterological Society, Denmark</organizationName>
    <positionName>Webmaster</positionName>
    <address>
        <deliveryPoint>Skovskellet 35A</deliveryPoint>
        <city>Holte</city>
        <postalCode>2840</postalCode>
        <country>DENMARK</country>
    </address>
    <electronicMailAddress>psn@lepidoptera.dk</electronicMailAddress>
    <role>CONTENT_PROVIDER</role>
</associatedParty>
<associatedParty>
    <individualName>
        <givenName>Danny</givenName>
      <surName>Shpeley</surName>
    </individualName>
    <organizationName>Univeristy of Alberta</organizationName>
    <positionName>Assistant Curator</positionName>
    <address>
        <deliveryPoint>Biological Sciences</deliveryPoint>
        <city>Edmonton</city>
        <administrativeArea>Alberta</administrativeArea>
        <country>CANADA</country>
    </address>
    <electronicMailAddress>dshpeley@ualberta.ca</electronicMailAddress>
    <role>CONTENT_PROVIDER</role>
</associatedParty>
<associatedParty>
    <individualName>
        <givenName>Mart-Jan</givenName>
      <surName>Schelhaas</surName>
    </individualName>
    <organizationName>Alterra</organizationName>
    <address>
        <deliveryPoint>Droevendaalsesteeg 4</deliveryPoint>
        <city>Wageningen</city>
        <postalCode>6708 PB</postalCode>
        <country>NETHERLANDS</country>
    </address>
    <phone>+31 317 485884</phone>
    <electronicMailAddress>martjan.schelhaas@wur.nl</electronicMailAddress>
    <role>CONTENT_PROVIDER</role>
</associatedParty>
<associatedParty>
    <individualName>
        <givenName>Mickael</givenName>
      <surName>Graf</surName>
    </individualName>
    <organizationName>Swedish Museum of Natural History</organizationName>
    <positionName>Database developer</positionName>
    <address>
        <city>Stockholm</city>
        <country>SWEDEN</country>
    </address>
    <electronicMailAddress>mickael.graf@nrm.se</electronicMailAddress>
    <role>CONTENT_PROVIDER</role>
</associatedParty>
<associatedParty>
    <organizationName>OZCAM (Online Zoological Collections of Australian Museums) Provider</organizationName>
    <role>CONTENT_PROVIDER</role>
</associatedParty>
<associatedParty>
    <individualName>
        <givenName>Frans J.A.</givenName>
      <surName>Slieker</surName>
    </individualName>
    <organizationName>Natural History Museum Rotterdam</organizationName>
    <positionName>Honorary Curator</positionName>
    <address>
        <country>NETHERLANDS</country>
    </address>
    <electronicMailAddress>fjas@caiway.net</electronicMailAddress>
    <role>CONTENT_PROVIDER</role>
</associatedParty>
<associatedParty>
    <individualName>
        <givenName>Javier</givenName>
      <surName>Ranz</surName>
    </individualName>
    <organizationName>Generalitat Valenciana</organizationName>
    <positionName>Técnico</positionName>
    <address>
        <deliveryPoint>Castán Tobeñas, 77</deliveryPoint>
        <city>Valencia</city>
    </address>
    <phone>961208596</phone>
    <electronicMailAddress>ranz_jav@gva.es</electronicMailAddress>
    <role>CONTENT_PROVIDER</role>
</associatedParty>
<associatedParty>
    <individualName>
        <givenName>MCZ</givenName>
      <surName>Harvard University</surName>
    </individualName>
    <organizationName>Museum of Comparative Zoology</organizationName>
    <address>
        <deliveryPoint>26 Oxford Street</deliveryPoint>
        <city>Cambridge</city>
        <administrativeArea>MA</administrativeArea>
        <postalCode>02138</postalCode>
        <country>UNITED_STATES</country>
    </address>
    <role>CONTENT_PROVIDER</role>
</associatedParty>
<associatedParty>
    <individualName>
      <surName>blasbenito</surName>
    </individualName>
    <role>AUTHOR</role>
</associatedParty>
<associatedParty>
    <individualName>
      <surName>GBIF Download Service</surName>
    </individualName>
    <role>ORIGINATOR</role>
</associatedParty>
<associatedParty>
    <individualName>
      <surName>GBIF Download Service</surName>
    </individualName>
    <role>METADATA_AUTHOR</role>
</associatedParty>
<pubDate>
        2014-04-17
</pubDate>
<language>ENGLISH</language>
<abstract>
  <para>A dataset containing all occurrences available in GBIF matching the query: {&quot;type&quot;:&quot;and&quot;,&quot;predicates&quot;:[{&quot;type&quot;:&quot;equals&quot;,&quot;key&quot;:&quot;HAS_COORDINATE&quot;,&quot;value&quot;:&quot;true&quot;},{&quot;type&quot;:&quot;equals&quot;,&quot;key&quot;:&quot;SPATIAL_ISSUES&quot;,&quot;value&quot;:&quot;false&quot;},{&quot;type&quot;:&quot;equals&quot;,&quot;key&quot;:&quot;TAXON_KEY&quot;,&quot;value&quot;:&quot;1820406&quot;}]}&lt;br/&gt;The dataset includes records from the following constituent datasets. The full metadata for each constituent is also included in this archive:&lt;br/&gt;1 records from Hainhoop - Tonkuhle - Bullenmoor (Arpke)&lt;br/&gt;1 records from Waldränder der Frankenhöhe (Rothenburg ob der Tauber)&lt;br/&gt;1 records from Gewann Krampf (Heilbronn)&lt;br/&gt;1 records from Moths Ireland&lt;br/&gt;1 records from FFH-Gebiet Klosterwasser/Burkau&lt;br/&gt;1 records from Rotherham Biological Records Centre - Rotherham Biological Records Centre - Non-sensitive Records from all taxonomic groups&lt;br/&gt;1 records from UAM Entomology Observations (Arctos)&lt;br/&gt;1 records from Naturschutzgebiet Börstig bei Hallstadt&lt;br/&gt;1 records from Bayerische Donau - Tapfheim&lt;br/&gt;1 records from Naturschutzgebiet Bausenberg&lt;br/&gt;1 records from Lustadter Wald .&lt;br/&gt;1 records from Gelände des IVL (Zeckern)&lt;br/&gt;1 records from Insect Collection of Natural History Museum and Institute, Chiba&lt;br/&gt;1 records from EDIT - ATBI in Gemer area (Slovakia)&lt;br/&gt;1 records from Sussex Biodiversity Record Centre - Sussex Moth data for 2011 and 2012 DEFRA FUNDED&lt;br/&gt;1 records from Lepidoptera (Specimens NRM)&lt;br/&gt;1 records from Grünes  Germersheim&lt;br/&gt;1 records from Fels- und Weinbergsflächen in Hatzenport/Terrassenmosel&lt;br/&gt;1 records from Ibaraki Nature Museum, Arthropoda collection&lt;br/&gt;1 records from Walldorf-Wiesloch:  &quot;Natur über den Gleisen&quot;&lt;br/&gt;1 records from Entomological Specimens of Museum of Nature and Human Activities, Hyogo Pref., Japan&lt;br/&gt;2 records from C.A. Triplehorn Insect Collection (OSUC), Ohio State University&lt;br/&gt;2 records from Gunma Museum of Natural History, Insect Specimen&lt;br/&gt;3 records from National Trust - Wicken Fen nature reserve species data held by The National Trust&lt;br/&gt;3 records from Naturhistorisches Museum Mainz, Zoological Collection&lt;br/&gt;4 records from Natural England - Invertebrate Site Register - England.&lt;br/&gt;4 records from Artròpodes d&apos;Andorra&lt;br/&gt;4 records from Data on moths from automatically operating light traps in Denmark&lt;br/&gt;5 records from Natural History Museum Rotterdam (NL) - Lepidoptera observations&lt;br/&gt;5 records from Museum of Comparative Zoology, Harvard University&lt;br/&gt;6 records from Naturkundemuseum im Ottoneum Kassel, Entomological Collection&lt;br/&gt;6 records from Australian Museum provider for OZCAM&lt;br/&gt;6 records from Akita Prefectural Museum, Insect Collection&lt;br/&gt;7 records from Finnish Entomological Database: Lepidoptera&lt;br/&gt;7 records from University of Alberta Entomology Collection (UASM)&lt;br/&gt;7 records from Suffolk Biological Records Centre - Suffolk Biological Records Centre (SBRC) dataset&lt;br/&gt;7 records from Zoologische Staatssammlung Muenchen - International Barcode of Life (iBOL) - Barcode of Life Project Specimen Data&lt;br/&gt;9 records from Peabody Entomology DiGIR Service&lt;br/&gt;10 records from Biological Records Centre - Moths - John Heath Lepidoptera recording scheme macro-moth data from BRC&lt;br/&gt;11 records from European Moth Nights&lt;br/&gt;12 records from Lepidopteran specimens of Iwate Prefectural Museum&lt;br/&gt;15 records from iNaturalist research-grade observations&lt;br/&gt;17 records from Lepidoptera specimen database of Osaka Museum of Natural History&lt;br/&gt;18 records from inatura - Erlebnis Naturschau Dornbirn&lt;br/&gt;22 records from EDIT - ATBI in Mercantour/Alpi Marittime (France/Italy)&lt;br/&gt;22 records from Bugbase, Lepidopterological Society&lt;br/&gt;41 records from Natural History Museum Maastricht (NL) - Entomological Collection&lt;br/&gt;42 records from Insekten Sachsen&lt;br/&gt;53 records from Natural History Museum Rotterdam&lt;br/&gt;55 records from Natural History Museum Rotterdam (NL) - Insecta collection&lt;br/&gt;82 records from Artdata&lt;br/&gt;85 records from Database on Forest Disturbances in Europe&lt;br/&gt;94 records from Banco de Datos de la Biodiversidad de la Comunitat Valenciana&lt;br/&gt;189 records from Biological and palaeontological collection and observation data MNHNL&lt;br/&gt;320 records from Biologiezentrum Linz&lt;br/&gt;</para>
</abstract>

</dataset>

<additionalMetadata>
  <metadata>
    <gbif>
        <citation identifier="0000962-140414153444004">GBIF Occurrence Download 0000962-140414153444004</citation>
          <physical>
            <objectName></objectName>
            <characterEncoding>UTF-8</characterEncoding>
            <dataFormat>
              <externallyDefinedFormat>
                <formatName>Darwin Core Archive</formatName>
              </externallyDefinedFormat>
            </dataFormat>
            <distribution>
              <online>
                <url function="download">http://api.gbif.org/v0.9/occurrence/download/request/0000962-140414153444004.zip</url>
              </online>
            </distribution>
          </physical>
    </gbif>
  </metadata>
</additionalMetadata>

</eml:eml>
